Workbook

Sheet Precios
A1: Fecha | B1: AC | C1: ALSEA | D1: AMXB | E1: BIMBOA | F1: CEMEXCPO | G1: GFNORTEO | H1: TLEVISACPO | I1: WALMEX | J1: IPC | L1: NOTAS (Precios)
A2: 45936 | B2: 188.69 | C2: 57.84 | D2: 19.17 | E2: 65.01 | F2: 16.47 | G2: 175.48 | H2: 9.37 | I2: 54.63 | J2: 60404.19 | L2: Fuente: Investing.com (mx.investing.com), datos históricos, columna Cierre.
A3: 45937 | B3: 183.89 | C3: 55.68 | D3: 19.04 | E3: 62.89 | F3: 16.68 | G3: 175.03 | H3: 9.3 | I3: 54.69 | J3: 60215.75 | L3: Periodo: 06/10/2025 a 06/10/2026, ordenado de la fecha más antigua a la más reciente.
A4: 45938 | B4: 182.99 | C4: 56.6 | D4: 19.4 | E4: 61.02 | F4: 16.93 | G4: 176.85 | H4: 9.03 | I4: 55.9 | J4: 60888.56 | L4: 252 cierres por serie = 251 rendimientos diarios.
A5: 45939 | B5: 180.1 | C5: 55.38 | D5: 19.5 | E5: 62.06 | F5: 16.79 | G5: 177.07 | H5: 9 | I5: 56.64 | J5: 60819.31 | L5: Se excluyó 02/04/2026 del IPC: Jueves Santo (BMV cerrada); Investing repite
A6: 45940 | B6: 178.24 | C6: 54.11 | D6: 19.62 | E6: 61.33 | F6: 16.96 | G6: 174.73 | H6: 8.69 | I6: 56.47 | J6: 60568.93 | L6: el cierre del 01/04/2026 con 0.00%, y las 8 acciones no tienen ese día.
A7: 45943 | B7: 178.96 | C7: 55.15 | D7: 19.73 | E7: 61 | F7: 17.19 | G7: 176.96 | H7: 8.75 | I7: 57.03 | J7: 61045.09 | L7: Todas las series comparten exactamente las mismas fechas.
A8: 45944 | B8: 176.78 | C8: 54.19 | D8: 19.33 | E8: 61.45 | F8: 17.63 | G8: 173.31 | H8: 8.9 | I8: 58.05 | J8: 60785.62 | L8: Azul = dato capturado (no es fórmula).
A9: 45945 | B9: 178.17 | C9: 54.6 | D9: 19.81 | E9: 60.91 | F9: 18.18 | G9: 176.26 | H9: 9.01 | I9: 61.09 | J9: 61637.54
A10: 45946 | B10: 181.97 | C10: 54.89 | D10: 20.67 | E10: 62.7 | F10: 17.96 | G10: 178.07 | H10: 9.06 | I10: 62.31 | J10: 62544.56
A11: 45947 | B11: 179.82 | C11: 54.31 | D11: 20.64 | E11: 62.05 | F11: 17.73 | G11: 173.04 | H11: 8.78 | I11: 61.76 | J11: 61743.92
A12: 45950 | B12: 178.2 | C12: 54.42 | D12: 20.53 | E12: 62.66 | F12: 17.61 | G12: 171.21 | H12: 9.03 | I12: 61.63 | J12: 61672.35
A13: 45951 | B13: 177.17 | C13: 53.47 | D13: 20.54 | E13: 61.09 | F13: 16.81 | G13: 173.17 | H13: 8.86 | I13: 61.7 | J13: 60773.78
A14: 45952 | B14: 179.15 | C14: 53.94 | D14: 20.69 | E14: 61.58 | F14: 16.97 | G14: 172.79 | H14: 8.9 | I14: 62.07 | J14: 61308.2
A15: 45953 | B15: 181.77 | C15: 52.01 | D15: 20.86 | E15: 63.04 | F15: 17.14 | G15: 171.82 | H15: 8.89 | I15: 61.22 | J15: 61511.95
A16: 45954 | B16: 177.22 | C16: 51.8 | D16: 20.84 | E16: 61.5 | F16: 17.21 | G16: 171.44 | H16: 8.86 | I16: 60.96 | J16: 61145.49
A17: 45957 | B17: 176.87 | C17: 52.18 | D17: 20.91 | E17: 62.33 | F17: 17.18 | G17: 172.35 | H17: 9.17 | I17: 61.51 | J17: 61860.3
A18: 45958 | B18: 179.12 | C18: 51.87 | D18: 21.25 | E18: 66.07 | F18: 18.95 | G18: 173.24 | H18: 10.06 | I18: 62.57 | J18: 62795.24
A19: 45959 | B19: 179.45 | C19: 51.9 | D19: 21.21 | E19: 65.84 | F19: 19.04 | G19: 174.99 | H19: 10.04 | I19: 61.87 | J19: 63352.85
A20: 45960 | B20: 178.35 | C20: 50.72 | D20: 21.17 | E20: 65.33 | F20: 18.82 | G20: 173.18 | H20: 9.83 | I20: 60.75 | J20: 62889.86
... A253: 46301 | B253: 195.21 | C253: 46.43 | D253: 20.12 | E253: 55.41 | F253: 17.96 | G253: 191.95 | H253: 8.16 | I253: 46.64 | J253: 65312.46

Sheet Rendimientos
A1: Fecha | B1: AC | C1: ALSEA | D1: AMXB | E1: BIMBOA | F1: CEMEXCPO | G1: GFNORTEO | H1: TLEVISACPO | I1: WALMEX | J1: IPC | L1: Rendimiento logarítmico diario = LN(Precio hoy / Precio ayer). Fecha más antigua arriba.
A2: =Precios!A3 -> 45937 | B2: =LN(Precios!B3/Precios!B2) -> -0.025767704 | C2: =LN(Precios!C3/Precios!C2) -> -0.038059562 | D2: =LN(Precios!D3/Precios!D2) -> -0.0068045277 | E2: =LN(Precios!E3/Precios!E2) -> -0.033153936 | F2: =LN(Precios!F3/Precios!F2) -> 0.012669853 | G2: =LN(Precios!G3/Precios!G2) -> -0.0025676885 | H2: =LN(Precios!H3/Precios!H2) -> -0.0074986961 | I2: =LN(Precios!I3/Precios!I2) -> 0.001097695 | J2: =LN(Precios!J3/Precios!J2) -> -0.0031245274
A3: =Precios!A4 -> 45938 | B3: =LN(Precios!B4/Precios!B3) -> -0.0049062462 | C3: =LN(Precios!C4/Precios!C3) -> 0.016387969 | D3: =LN(Precios!D4/Precios!D3) -> 0.018731037 | E3: =LN(Precios!E4/Precios!E3) -> -0.030185489 | F3: =LN(Precios!F4/Precios!F3) -> 0.014876799 | G3: =LN(Precios!G4/Precios!G3) -> 0.010344528 | H3: =LN(Precios!H4/Precios!H3) -> -0.029462033 | I3: =LN(Precios!I4/Precios!I3) -> 0.021883503 | J3: =LN(Precios!J4/Precios!J3) -> 0.011111362
A4: =Precios!A5 -> 45939 | B4: =LN(Precios!B5/Precios!B4) -> -0.015919254 | C4: =LN(Precios!C5/Precios!C4) -> -0.021790467 | D4: =LN(Precios!D5/Precios!D4) -> 0.0051413995 | E4: =LN(Precios!E5/Precios!E4) -> 0.01689998 | F4: =LN(Precios!F5/Precios!F4) -> -0.0083037251 | G4: =LN(Precios!G5/Precios!G4) -> 0.001243219 | H4: =LN(Precios!H5/Precios!H4) -> -0.0033277901 | I4: =LN(Precios!I5/Precios!I4) -> 0.013151069 | J4: =LN(Precios!J5/Precios!J4) -> -0.0011379709
A5: =Precios!A6 -> 45940 | B5: =LN(Precios!B6/Precios!B5) -> -0.010381295 | C5: =LN(Precios!C6/Precios!C5) -> -0.023199506 | D5: =LN(Precios!D6/Precios!D5) -> 0.0061349886 | E5: =LN(Precios!E6/Precios!E5) -> -0.011832539 | F5: =LN(Precios!F6/Precios!F5) -> 0.010074159 | G5: =LN(Precios!G6/Precios!G5) -> -0.013303209 | H5: =LN(Precios!H6/Precios!H5) -> -0.035051638 | I5: =LN(Precios!I6/Precios!I5) -> -0.0030059257 | J5: =LN(Precios!J6/Precios!J5) -> -0.0041252819
A6: =Precios!A7 -> 45943 | B6: =LN(Precios!B7/Precios!B6) -> 0.0040313604 | C6: =LN(Precios!C7/Precios!C6) -> 0.019037734 | D6: =LN(Precios!D7/Precios!D6) -> 0.0055908659 | E6: =LN(Precios!E7/Precios!E6) -> -0.0053952555 | F6: =LN(Precios!F7/Precios!F6) -> 0.013470189 | G6: =LN(Precios!G7/Precios!G6) -> 0.012681793 | H6: =LN(Precios!H7/Precios!H6) -> 0.0068807611 | I6: =LN(Precios!I7/Precios!I6) -> 0.0098679215 | J6: =LN(Precios!J7/Precios!J6) -> 0.0078307161
A7: =Precios!A8 -> 45944 | B7: =LN(Precios!B8/Precios!B7) -> -0.012256296 | C7: =LN(Precios!C8/Precios!C7) -> -0.017560356 | D7: =LN(Precios!D8/Precios!D7) -> -0.020482027 | E7: =LN(Precios!E8/Precios!E7) -> 0.0073499718 | F7: =LN(Precios!F8/Precios!F7) -> 0.025274177 | G7: =LN(Precios!G8/Precios!G7) -> -0.02084182 | H7: =LN(Precios!H8/Precios!H7) -> 0.016997576 | I7: =LN(Precios!I8/Precios!I7) -> 0.017727263 | J7: =LN(Precios!J8/Precios!J7) -> -0.0042595236
A8: =Precios!A9 -> 45945 | B8: =LN(Precios!B9/Precios!B8) -> 0.0078321291 | C8: =LN(Precios!C9/Precios!C8) -> 0.0075374932 | D8: =LN(Precios!D9/Precios!D8) -> 0.024528567 | E8: =LN(Precios!E9/Precios!E8) -> -0.0088264712 | F8: =LN(Precios!F9/Precios!F8) -> 0.030720092 | G8: =LN(Precios!G9/Precios!G8) -> 0.016878279 | H8: =LN(Precios!H9/Precios!H8) -> 0.012283795 | I8: =LN(Precios!I9/Precios!I8) -> 0.051043479 | J8: =LN(Precios!J9/Precios!J8) -> 0.013917853
A9: =Precios!A10 -> 45946 | B9: =LN(Precios!B10/Precios!B9) -> 0.021103688 | C9: =LN(Precios!C10/Precios!C9) -> 0.0052972998 | D9: =LN(Precios!D10/Precios!D9) -> 0.042496513 | E9: =LN(Precios!E10/Precios!E9) -> 0.028964083 | F9: =LN(Precios!F10/Precios!F9) -> -0.012175026 | G9: =LN(Precios!G10/Precios!G9) -> 0.010216554 | H9: =LN(Precios!H10/Precios!H9) -> 0.0055340484 | I9: =LN(Precios!I10/Precios!I9) -> 0.01977374 | J9: =LN(Precios!J10/Precios!J9) -> 0.014608162
A10: =Precios!A11 -> 45947 | B10: =LN(Precios!B11/Precios!B10) -> -0.011885488 | C10: =LN(Precios!C11/Precios!C10) -> -0.010622811 | D10: =LN(Precios!D11/Precios!D10) -> -0.0014524331 | E10: =LN(Precios!E11/Precios!E10) -> -0.010420936 | F10: =LN(Precios!F11/Precios!F10) -> -0.012888943 | G10: =LN(Precios!G11/Precios!G10) -> -0.02865395 | H10: =LN(Precios!H11/Precios!H10) -> -0.031392712 | I10: =LN(Precios!I11/Precios!I10) -> -0.0088660208 | J10: =LN(Precios!J11/Precios!J10) -> -0.012883754
A11: =Precios!A12 -> 45950 | B11: =LN(Precios!B12/Precios!B11) -> -0.0090498355 | C11: =LN(Precios!C12/Precios!C11) -> 0.0020233613 | D11: =LN(Precios!D12/Precios!D11) -> -0.0053437096 | E11: =LN(Precios!E12/Precios!E11) -> 0.0097827739 | F11: =LN(Precios!F12/Precios!F11) -> -0.0067911976 | G11: =LN(Precios!G12/Precios!G11) -> -0.010631908 | H11: =LN(Precios!H12/Precios!H11) -> 0.02807596 | I11: =LN(Precios!I12/Precios!I11) -> -0.0021071407 | J11: =LN(Precios!J12/Precios!J11) -> -0.0011598148
A12: =Precios!A13 -> 45951 | B12: =LN(Precios!B13/Precios!B12) -> -0.0057967914 | C12: =LN(Precios!C13/Precios!C12) -> -0.017610984 | D12: =LN(Precios!D13/Precios!D12) -> 0.00048697347 | E12: =LN(Precios!E13/Precios!E12) -> -0.025375099 | F12: =LN(Precios!F13/Precios!F12) -> -0.046492975 | G12: =LN(Precios!G13/Precios!G12) -> 0.011382898 | H12: =LN(Precios!H13/Precios!H12) -> -0.019005603 | I12: =LN(Precios!I13/Precios!I12) -> 0.0011351659 | J12: =LN(Precios!J13/Precios!J12) -> -0.014677248
A13: =Precios!A14 -> 45952 | B13: =LN(Precios!B14/Precios!B13) -> 0.01111372 | C13: =LN(Precios!C14/Precios!C13) -> 0.0087515688 | D13: =LN(Precios!D14/Precios!D13) -> 0.0072762873 | E13: =LN(Precios!E14/Precios!E13) -> 0.0079889558 | F13: =LN(Precios!F14/Precios!F13) -> 0.0094731318 | G13: =LN(Precios!G14/Precios!G13) -> -0.0021967866 | H13: =LN(Precios!H14/Precios!H13) -> 0.0045045121 | I13: =LN(Precios!I14/Precios!I13) -> 0.0059788495 | J13: =LN(Precios!J14/Precios!J13) -> 0.0087551564
... A252: =Precios!A253 -> 46301 | B252: =LN(Precios!B253/Precios!B252) -> 0.0091602123 | C252: =LN(Precios!C253/Precios!C252) -> 0.012134493 | D252: =LN(Precios!D253/Precios!D252) -> 0.0014921664 | E252: =LN(Precios!E253/Precios!E252) -> 0.003253799 | F252: =LN(Precios!F253/Precios!F252) -> 0.033978354 | G252: =LN(Precios!G253/Precios!G252) -> 0.023936191 | H252: =LN(Precios!H253/Precios!H252) -> -0.0024479816 | I252: =LN(Precios!I253/Precios!I252) -> 0.0042973852 | J252: =LN(Precios!J253/Precios!J252) -> 0.0051790179

Sheet Matriz
A1: Estadísticos y matriz de covarianzas (rendimientos logarítmicos diarios)
A2: Días hábiles por año | B2: 252 | C2: Supuesto de anualización (convención de mercado, 252 días). Editable.
A4: Activo | B4: Media diaria | C4: Desv. est. diaria | D4: Rend. anual (media×días) | E4: Riesgo anual (σ×√días) | F4: Coef. de variación (σ/μ) | G4: Beta vs IPC
A5: AC | B5: =AVERAGE(Rendimientos!$B$2:$B$252) -> 0.00013534042 | C5: =STDEV(Rendimientos!$B$2:$B$252) -> 0.013624327 | D5: =B5*Matriz!$B$2 -> 0.034105786 | E5: =C5*SQRT(Matriz!$B$2) -> 0.21627949 | F5: =IFERROR(E5/D5,"n/a") -> 6.3414312 | G5: =SLOPE(Rendimientos!$B$2:$B$252,Rendimientos!$J$2:$J$252) -> 0.72142079
A6: ALSEA | B6: =AVERAGE(Rendimientos!$C$2:$C$252) -> -0.00087543735 | C6: =STDEV(Rendimientos!$C$2:$C$252) -> 0.015578562 | D6: =B6*Matriz!$B$2 -> -0.22061021 | E6: =C6*SQRT(Matriz!$B$2) -> 0.247302 | F6: =IFERROR(E6/D6,"n/a") -> -1.1209907 | G6: =SLOPE(Rendimientos!$C$2:$C$252,Rendimientos!$J$2:$J$252) -> 0.54346995
A7: AMXB | B7: =AVERAGE(Rendimientos!$D$2:$D$252) -> 0.00019270035 | C7: =STDEV(Rendimientos!$D$2:$D$252) -> 0.015522531 | D7: =B7*Matriz!$B$2 -> 0.048560489 | E7: =C7*SQRT(Matriz!$B$2) -> 0.24641253 | F7: =IFERROR(E7/D7,"n/a") -> 5.0743421 | G7: =SLOPE(Rendimientos!$D$2:$D$252,Rendimientos!$J$2:$J$252) -> 0.77719229
A8: BIMBOA | B8: =AVERAGE(Rendimientos!$E$2:$E$252) -> -0.00063657777 | C8: =STDEV(Rendimientos!$E$2:$E$252) -> 0.017676887 | D8: =B8*Matriz!$B$2 -> -0.1604176 | E8: =C8*SQRT(Matriz!$B$2) -> 0.28061187 | F8: =IFERROR(E8/D8,"n/a") -> -1.7492587 | G8: =SLOPE(Rendimientos!$E$2:$E$252,Rendimientos!$J$2:$J$252) -> 0.79665611
A9: CEMEXCPO | B9: =AVERAGE(Rendimientos!$F$2:$F$252) -> 0.00034504589 | C9: =STDEV(Rendimientos!$F$2:$F$252) -> 0.020678044 | D9: =B9*Matriz!$B$2 -> 0.086951565 | E9: =C9*SQRT(Matriz!$B$2) -> 0.32825378 | F9: =IFERROR(E9/D9,"n/a") -> 3.7751336 | G9: =SLOPE(Rendimientos!$F$2:$F$252,Rendimientos!$J$2:$J$252) -> 1.2903864
A10: GFNORTEO | B10: =AVERAGE(Rendimientos!$G$2:$G$252) -> 0.00035740974 | C10: =STDEV(Rendimientos!$G$2:$G$252) -> 0.017231268 | D10: =B10*Matriz!$B$2 -> 0.090067255 | E10: =C10*SQRT(Matriz!$B$2) -> 0.2735379 | F10: =IFERROR(E10/D10,"n/a") -> 3.0370405 | G10: =SLOPE(Rendimientos!$G$2:$G$252,Rendimientos!$J$2:$J$252) -> 1.1427925
A11: TLEVISACPO | B11: =AVERAGE(Rendimientos!$H$2:$H$252) -> -0.00055087222 | C11: =STDEV(Rendimientos!$H$2:$H$252) -> 0.025009709 | D11: =B11*Matriz!$B$2 -> -0.1388198 | E11: =C11*SQRT(Matriz!$B$2) -> 0.39701682 | F11: =IFERROR(E11/D11,"n/a") -> -2.8599437 | G11: =SLOPE(Rendimientos!$H$2:$H$252,Rendimientos!$J$2:$J$252) -> 0.52358873
A12: WALMEX | B12: =AVERAGE(Rendimientos!$I$2:$I$252) -> -0.00062997865 | C12: =STDEV(Rendimientos!$I$2:$I$252) -> 0.013744708 | D12: =B12*Matriz!$B$2 -> -0.15875462 | E12: =C12*SQRT(Matriz!$B$2) -> 0.21819047 | F12: =IFERROR(E12/D12,"n/a") -> -1.3743882 | G12: =SLOPE(Rendimientos!$I$2:$I$252,Rendimientos!$J$2:$J$252) -> 0.55846144
A13: IPC | B13: =AVERAGE(Rendimientos!$J$2:$J$252) -> 0.00031125242 | C13: =STDEV(Rendimientos!$J$2:$J$252) -> 0.010637986 | D13: =B13*Matriz!$B$2 -> 0.078435609 | E13: =C13*SQRT(Matriz!$B$2) -> 0.16887279 | F13: =IFERROR(E13/D13,"n/a") -> 2.1530118 | G13: =SLOPE(Rendimientos!$J$2:$J$252,Rendimientos!$J$2:$J$252) -> 1
A16: Matriz de covarianzas anualizada (muestral: COVAR×n/(n−1)×días)
B17: AC | C17: ALSEA | D17: AMXB | E17: BIMBOA | F17: CEMEXCPO | G17: GFNORTEO | H17: TLEVISACPO | I17: WALMEX
A18: AC | B18: =COVAR(Rendimientos!$B$2:$B$252,Rendimientos!$B$2:$B$252)*COUNT(Rendimientos!$B$2:$B$252)/(COUNT(Rendimientos!$B$2:$B$252)-1)*Matriz!$B$2 -> 0.046776819 | C18: =COVAR(Rendimientos!$B$2:$B$252,Rendimientos!$C$2:$C$252)*COUNT(Rendimientos!$B$2:$B$252)/(COUNT(Rendimientos!$B$2:$B$252)-1)*Matriz!$B$2 -> 0.016351007 | D18: =COVAR(Rendimientos!$B$2:$B$252,Rendimientos!$D$2:$D$252)*COUNT(Rendimientos!$B$2:$B$252)/(COUNT(Rendimientos!$B$2:$B$252)-1)*Matriz!$B$2 -> 0.016140169 | E18: =COVAR(Rendimientos!$B$2:$B$252,Rendimientos!$E$2:$E$252)*COUNT(Rendimientos!$B$2:$B$252)/(COUNT(Rendimientos!$B$2:$B$252)-1)*Matriz!$B$2 -> 0.023658868 | F18: =COVAR(Rendimientos!$B$2:$B$252,Rendimientos!$F$2:$F$252)*COUNT(Rendimientos!$B$2:$B$252)/(COUNT(Rendimientos!$B$2:$B$252)-1)*Matriz!$B$2 -> 0.022342963 | G18: =COVAR(Rendimientos!$B$2:$B$252,Rendimientos!$G$2:$G$252)*COUNT(Rendimientos!$B$2:$B$252)/(COUNT(Rendimientos!$B$2:$B$252)-1)*Matriz!$B$2 -> 0.025435072 | H18: =COVAR(Rendimientos!$B$2:$B$252,Rendimientos!$H$2:$H$252)*COUNT(Rendimientos!$B$2:$B$252)/(COUNT(Rendimientos!$B$2:$B$252)-1)*Matriz!$B$2 -> 0.0047016114 | I18: =COVAR(Rendimientos!$B$2:$B$252,Rendimientos!$I$2:$I$252)*COUNT(Rendimientos!$B$2:$B$252)/(COUNT(Rendimientos!$B$2:$B$252)-1)*Matriz!$B$2 -> 0.017037367
A19: ALSEA | B19: =COVAR(Rendimientos!$C$2:$C$252,Rendimientos!$B$2:$B$252)*COUNT(Rendimientos!$C$2:$C$252)/(COUNT(Rendimientos!$C$2:$C$252)-1)*Matriz!$B$2 -> 0.016351007 | C19: =COVAR(Rendimientos!$C$2:$C$252,Rendimientos!$C$2:$C$252)*COUNT(Rendimientos!$C$2:$C$252)/(COUNT(Rendimientos!$C$2:$C$252)-1)*Matriz!$B$2 -> 0.061158278 | D19: =COVAR(Rendimientos!$C$2:$C$252,Rendimientos!$D$2:$D$252)*COUNT(Rendimientos!$C$2:$C$252)/(COUNT(Rendimientos!$C$2:$C$252)-1)*Matriz!$B$2 -> 0.0115066 | E19: =COVAR(Rendimientos!$C$2:$C$252,Rendimientos!$E$2:$E$252)*COUNT(Rendimientos!$C$2:$C$252)/(COUNT(Rendimientos!$C$2:$C$252)-1)*Matriz!$B$2 -> 0.015752187 | F19: =COVAR(Rendimientos!$C$2:$C$252,Rendimientos!$F$2:$F$252)*COUNT(Rendimientos!$C$2:$C$252)/(COUNT(Rendimientos!$C$2:$C$252)-1)*Matriz!$B$2 -> 0.012005116 | G19: =COVAR(Rendimientos!$C$2:$C$252,Rendimientos!$G$2:$G$252)*COUNT(Rendimientos!$C$2:$C$252)/(COUNT(Rendimientos!$C$2:$C$252)-1)*Matriz!$B$2 -> 0.012040025 | H19: =COVAR(Rendimientos!$C$2:$C$252,Rendimientos!$H$2:$H$252)*COUNT(Rendimientos!$C$2:$C$252)/(COUNT(Rendimientos!$C$2:$C$252)-1)*Matriz!$B$2 -> 0.0065172987 | I19: =COVAR(Rendimientos!$C$2:$C$252,Rendimientos!$I$2:$I$252)*COUNT(Rendimientos!$C$2:$C$252)/(COUNT(Rendimientos!$C$2:$C$252)-1)*Matriz!$B$2 -> 0.012714594
A20: AMXB | B20: =COVAR(Rendimientos!$D$2:$D$252,Rendimientos!$B$2:$B$252)*COUNT(Rendimientos!$D$2:$D$252)/(COUNT(Rendimientos!$D$2:$D$252)-1)*Matriz!$B$2 -> 0.016140169 | C20: =COVAR(Rendimientos!$D$2:$D$252,Rendimientos!$C$2:$C$252)*COUNT(Rendimientos!$D$2:$D$252)/(COUNT(Rendimientos!$D$2:$D$252)-1)*Matriz!$B$2 -> 0.0115066 | D20: =COVAR(Rendimientos!$D$2:$D$252,Rendimientos!$D$2:$D$252)*COUNT(Rendimientos!$D$2:$D$252)/(COUNT(Rendimientos!$D$2:$D$252)-1)*Matriz!$B$2 -> 0.060719137 | E20: =COVAR(Rendimientos!$D$2:$D$252,Rendimientos!$E$2:$E$252)*COUNT(Rendimientos!$D$2:$D$252)/(COUNT(Rendimientos!$D$2:$D$252)-1)*Matriz!$B$2 -> 0.019092839 | F20: =COVAR(Rendimientos!$D$2:$D$252,Rendimientos!$F$2:$F$252)*COUNT(Rendimientos!$D$2:$D$252)/(COUNT(Rendimientos!$D$2:$D$252)-1)*Matriz!$B$2 -> 0.02468416 | G20: =COVAR(Rendimientos!$D$2:$D$252,Rendimientos!$G$2:$G$252)*COUNT(Rendimientos!$D$2:$D$252)/(COUNT(Rendimientos!$D$2:$D$252)-1)*Matriz!$B$2 -> 0.021342262 | H20: =COVAR(Rendimientos!$D$2:$D$252,Rendimientos!$H$2:$H$252)*COUNT(Rendimientos!$D$2:$D$252)/(COUNT(Rendimientos!$D$2:$D$252)-1)*Matriz!$B$2 -> 0.012350825 | I20: =COVAR(Rendimientos!$D$2:$D$252,Rendimientos!$I$2:$I$252)*COUNT(Rendimientos!$D$2:$D$252)/(COUNT(Rendimientos!$D$2:$D$252)-1)*Matriz!$B$2 -> 0.015320588
A21: BIMBOA | B21: =COVAR(Rendimientos!$E$2:$E$252,Rendimientos!$B$2:$B$252)*COUNT(Rendimientos!$E$2:$E$252)/(COUNT(Rendimientos!$E$2:$E$252)-1)*Matriz!$B$2 -> 0.023658868 | C21: =COVAR(Rendimientos!$E$2:$E$252,Rendimientos!$C$2:$C$252)*COUNT(Rendimientos!$E$2:$E$252)/(COUNT(Rendimientos!$E$2:$E$252)-1)*Matriz!$B$2 -> 0.015752187 | D21: =COVAR(Rendimientos!$E$2:$E$252,Rendimientos!$D$2:$D$252)*COUNT(Rendimientos!$E$2:$E$252)/(COUNT(Rendimientos!$E$2:$E$252)-1)*Matriz!$B$2 -> 0.019092839 | E21: =COVAR(Rendimientos!$E$2:$E$252,Rendimientos!$E$2:$E$252)*COUNT(Rendimientos!$E$2:$E$252)/(COUNT(Rendimientos!$E$2:$E$252)-1)*Matriz!$B$2 -> 0.078743024 | F21: =COVAR(Rendimientos!$E$2:$E$252,Rendimientos!$F$2:$F$252)*COUNT(Rendimientos!$E$2:$E$252)/(COUNT(Rendimientos!$E$2:$E$252)-1)*Matriz!$B$2 -> 0.024433802 | G21: =COVAR(Rendimientos!$E$2:$E$252,Rendimientos!$G$2:$G$252)*COUNT(Rendimientos!$E$2:$E$252)/(COUNT(Rendimientos!$E$2:$E$252)-1)*Matriz!$B$2 -> 0.023623372 | H21: =COVAR(Rendimientos!$E$2:$E$252,Rendimientos!$H$2:$H$252)*COUNT(Rendimientos!$E$2:$E$252)/(COUNT(Rendimientos!$E$2:$E$252)-1)*Matriz!$B$2 -> 0.021373002 | I21: =COVAR(Rendimientos!$E$2:$E$252,Rendimientos!$I$2:$I$252)*COUNT(Rendimientos!$E$2:$E$252)/(COUNT(Rendimientos!$E$2:$E$252)-1)*Matriz!$B$2 -> 0.015754956
A22: CEMEXCPO | B22: =COVAR(Rendimientos!$F$2:$F$252,Rendimientos!$B$2:$B$252)*COUNT(Rendimientos!$F$2:$F$252)/(COUNT(Rendimientos!$F$2:$F$252)-1)*Matriz!$B$2 -> 0.022342963 | C22: =COVAR(Rendimientos!$F$2:$F$252,Rendimientos!$C$2:$C$252)*COUNT(Rendimientos!$F$2:$F$252)/(COUNT(Rendimientos!$F$2:$F$252)-1)*Matriz!$B$2 -> 0.012005116 | D22: =COVAR(Rendimientos!$F$2:$F$252,Rendimientos!$D$2:$D$252)*COUNT(Rendimientos!$F$2:$F$252)/(COUNT(Rendimientos!$F$2:$F$252)-1)*Matriz!$B$2 -> 0.02468416 | E22: =COVAR(Rendimientos!$F$2:$F$252,Rendimientos!$E$2:$E$252)*COUNT(Rendimientos!$F$2:$F$252)/(COUNT(Rendimientos!$F$2:$F$252)-1)*Matriz!$B$2 -> 0.024433802 | F22: =COVAR(Rendimientos!$F$2:$F$252,Rendimientos!$F$2:$F$252)*COUNT(Rendimientos!$F$2:$F$252)/(COUNT(Rendimientos!$F$2:$F$252)-1)*Matriz!$B$2 -> 0.10775054 | G22: =COVAR(Rendimientos!$F$2:$F$252,Rendimientos!$G$2:$G$252)*COUNT(Rendimientos!$F$2:$F$252)/(COUNT(Rendimientos!$F$2:$F$252)-1)*Matriz!$B$2 -> 0.033707346 | H22: =COVAR(Rendimientos!$F$2:$F$252,Rendimientos!$H$2:$H$252)*COUNT(Rendimientos!$F$2:$F$252)/(COUNT(Rendimientos!$F$2:$F$252)-1)*Matriz!$B$2 -> 0.025497027 | I22: =COVAR(Rendimientos!$F$2:$F$252,Rendimientos!$I$2:$I$252)*COUNT(Rendimientos!$F$2:$F$252)/(COUNT(Rendimientos!$F$2:$F$252)-1)*Matriz!$B$2 -> 0.01655921
A23: GFNORTEO | B23: =COVAR(Rendimientos!$G$2:$G$252,Rendimientos!$B$2:$B$252)*COUNT(Rendimientos!$G$2:$G$252)/(COUNT(Rendimientos!$G$2:$G$252)-1)*Matriz!$B$2 -> 0.025435072 | C23: =COVAR(Rendimientos!$G$2:$G$252,Rendimientos!$C$2:$C$252)*COUNT(Rendimientos!$G$2:$G$252)/(COUNT(Rendimientos!$G$2:$G$252)-1)*Matriz!$B$2 -> 0.012040025 | D23: =COVAR(Rendimientos!$G$2:$G$252,Rendimientos!$D$2:$D$252)*COUNT(Rendimientos!$G$2:$G$252)/(COUNT(Rendimientos!$G$2:$G$252)-1)*Matriz!$B$2 -> 0.021342262 | E23: =COVAR(Rendimientos!$G$2:$G$252,Rendimientos!$E$2:$E$252)*COUNT(Rendimientos!$G$2:$G$252)/(COUNT(Rendimientos!$G$2:$G$252)-1)*Matriz!$B$2 -> 0.023623372 | F23: =COVAR(Rendimientos!$G$2:$G$252,Rendimientos!$F$2:$F$252)*COUNT(Rendimientos!$G$2:$G$252)/(COUNT(Rendimientos!$G$2:$G$252)-1)*Matriz!$B$2 -> 0.033707346 | G23: =COVAR(Rendimientos!$G$2:$G$252,Rendimientos!$G$2:$G$252)*COUNT(Rendimientos!$G$2:$G$252)/(COUNT(Rendimientos!$G$2:$G$252)-1)*Matriz!$B$2 -> 0.074822983 | H23: =COVAR(Rendimientos!$G$2:$G$252,Rendimientos!$H$2:$H$252)*COUNT(Rendimientos!$G$2:$G$252)/(COUNT(Rendimientos!$G$2:$G$252)-1)*Matriz!$B$2 -> 0.019465266 | I23: =COVAR(Rendimientos!$G$2:$G$252,Rendimientos!$I$2:$I$252)*COUNT(Rendimientos!$G$2:$G$252)/(COUNT(Rendimientos!$G$2:$G$252)-1)*Matriz!$B$2 -> 0.018808306
A24: TLEVISACPO | B24: =COVAR(Rendimientos!$H$2:$H$252,Rendimientos!$B$2:$B$252)*COUNT(Rendimientos!$H$2:$H$252)/(COUNT(Rendimientos!$H$2:$H$252)-1)*Matriz!$B$2 -> 0.0047016114 | C24: =COVAR(Rendimientos!$H$2:$H$252,Rendimientos!$C$2:$C$252)*COUNT(Rendimientos!$H$2:$H$252)/(COUNT(Rendimientos!$H$2:$H$252)-1)*Matriz!$B$2 -> 0.0065172987 | D24: =COVAR(Rendimientos!$H$2:$H$252,Rendimientos!$D$2:$D$252)*COUNT(Rendimientos!$H$2:$H$252)/(COUNT(Rendimientos!$H$2:$H$252)-1)*Matriz!$B$2 -> 0.012350825 | E24: =COVAR(Rendimientos!$H$2:$H$252,Rendimientos!$E$2:$E$252)*COUNT(Rendimientos!$H$2:$H$252)/(COUNT(Rendimientos!$H$2:$H$252)-1)*Matriz!$B$2 -> 0.021373002 | F24: =COVAR(Rendimientos!$H$2:$H$252,Rendimientos!$F$2:$F$252)*COUNT(Rendimientos!$H$2:$H$252)/(COUNT(Rendimientos!$H$2:$H$252)-1)*Matriz!$B$2 -> 0.025497027 | G24: =COVAR(Rendimientos!$H$2:$H$252,Rendimientos!$G$2:$G$252)*COUNT(Rendimientos!$H$2:$H$252)/(COUNT(Rendimientos!$H$2:$H$252)-1)*Matriz!$B$2 -> 0.019465266 | H24: =COVAR(Rendimientos!$H$2:$H$252,Rendimientos!$H$2:$H$252)*COUNT(Rendimientos!$H$2:$H$252)/(COUNT(Rendimientos!$H$2:$H$252)-1)*Matriz!$B$2 -> 0.15762235 | I24: =COVAR(Rendimientos!$H$2:$H$252,Rendimientos!$I$2:$I$252)*COUNT(Rendimientos!$H$2:$H$252)/(COUNT(Rendimientos!$H$2:$H$252)-1)*Matriz!$B$2 -> 0.0062324064
A25: WALMEX | B25: =COVAR(Rendimientos!$I$2:$I$252,Rendimientos!$B$2:$B$252)*COUNT(Rendimientos!$I$2:$I$252)/(COUNT(Rendimientos!$I$2:$I$252)-1)*Matriz!$B$2 -> 0.017037367 | C25: =COVAR(Rendimientos!$I$2:$I$252,Rendimientos!$C$2:$C$252)*COUNT(Rendimientos!$I$2:$I$252)/(COUNT(Rendimientos!$I$2:$I$252)-1)*Matriz!$B$2 -> 0.012714594 | D25: =COVAR(Rendimientos!$I$2:$I$252,Rendimientos!$D$2:$D$252)*COUNT(Rendimientos!$I$2:$I$252)/(COUNT(Rendimientos!$I$2:$I$252)-1)*Matriz!$B$2 -> 0.015320588 | E25: =COVAR(Rendimientos!$I$2:$I$252,Rendimientos!$E$2:$E$252)*COUNT(Rendimientos!$I$2:$I$252)/(COUNT(Rendimientos!$I$2:$I$252)-1)*Matriz!$B$2 -> 0.015754956 | F25: =COVAR(Rendimientos!$I$2:$I$252,Rendimientos!$F$2:$F$252)*COUNT(Rendimientos!$I$2:$I$252)/(COUNT(Rendimientos!$I$2:$I$252)-1)*Matriz!$B$2 -> 0.01655921 | G25: =COVAR(Rendimientos!$I$2:$I$252,Rendimientos!$G$2:$G$252)*COUNT(Rendimientos!$I$2:$I$252)/(COUNT(Rendimientos!$I$2:$I$252)-1)*Matriz!$B$2 -> 0.018808306 | H25: =COVAR(Rendimientos!$I$2:$I$252,Rendimientos!$H$2:$H$252)*COUNT(Rendimientos!$I$2:$I$252)/(COUNT(Rendimientos!$I$2:$I$252)-1)*Matriz!$B$2 -> 0.0062324064 | I25: =COVAR(Rendimientos!$I$2:$I$252,Rendimientos!$I$2:$I$252)*COUNT(Rendimientos!$I$2:$I$252)/(COUNT(Rendimientos!$I$2:$I$252)-1)*Matriz!$B$2 -> 0.047607082
A28: Matriz de correlaciones
B29: AC | C29: ALSEA | D29: AMXB | E29: BIMBOA | F29: CEMEXCPO | G29: GFNORTEO | H29: TLEVISACPO | I29: WALMEX
A30: AC | B30: =CORREL(Rendimientos!$B$2:$B$252,Rendimientos!$B$2:$B$252) -> 1 | C30: =CORREL(Rendimientos!$B$2:$B$252,Rendimientos!$C$2:$C$252) -> 0.30570429 | D30: =CORREL(Rendimientos!$B$2:$B$252,Rendimientos!$D$2:$D$252) -> 0.30285165 | E30: =CORREL(Rendimientos!$B$2:$B$252,Rendimientos!$E$2:$E$252) -> 0.3898276 | F30: =CORREL(Rendimientos!$B$2:$B$252,Rendimientos!$F$2:$F$252) -> 0.31471373 | G30: =CORREL(Rendimientos!$B$2:$B$252,Rendimientos!$G$2:$G$252) -> 0.42993234 | H30: =CORREL(Rendimientos!$B$2:$B$252,Rendimientos!$H$2:$H$252) -> 0.054754837 | I30: =CORREL(Rendimientos!$B$2:$B$252,Rendimientos!$I$2:$I$252) -> 0.3610367
A31: ALSEA | B31: =CORREL(Rendimientos!$C$2:$C$252,Rendimientos!$B$2:$B$252) -> 0.30570429 | C31: =CORREL(Rendimientos!$C$2:$C$252,Rendimientos!$C$2:$C$252) -> 1 | D31: =CORREL(Rendimientos!$C$2:$C$252,Rendimientos!$D$2:$D$252) -> 0.18882374 | E31: =CORREL(Rendimientos!$C$2:$C$252,Rendimientos!$E$2:$E$252) -> 0.22699024 | F31: =CORREL(Rendimientos!$C$2:$C$252,Rendimientos!$F$2:$F$252) -> 0.14788667 | G31: =CORREL(Rendimientos!$C$2:$C$252,Rendimientos!$G$2:$G$252) -> 0.17798454 | H31: =CORREL(Rendimientos!$C$2:$C$252,Rendimientos!$H$2:$H$252) -> 0.06637906 | I31: =CORREL(Rendimientos!$C$2:$C$252,Rendimientos!$I$2:$I$252) -> 0.23563462
A32: AMXB | B32: =CORREL(Rendimientos!$D$2:$D$252,Rendimientos!$B$2:$B$252) -> 0.30285165 | C32: =CORREL(Rendimientos!$D$2:$D$252,Rendimientos!$C$2:$C$252) -> 0.18882374 | D32: =CORREL(Rendimientos!$D$2:$D$252,Rendimientos!$D$2:$D$252) -> 1 | E32: =CORREL(Rendimientos!$D$2:$D$252,Rendimientos!$E$2:$E$252) -> 0.27612242 | F32: =CORREL(Rendimientos!$D$2:$D$252,Rendimientos!$F$2:$F$252) -> 0.3051728 | G32: =CORREL(Rendimientos!$D$2:$D$252,Rendimientos!$G$2:$G$252) -> 0.3166359 | H32: =CORREL(Rendimientos!$D$2:$D$252,Rendimientos!$H$2:$H$252) -> 0.12624794 | I32: =CORREL(Rendimientos!$D$2:$D$252,Rendimientos!$I$2:$I$252) -> 0.28495537
A33: BIMBOA | B33: =CORREL(Rendimientos!$E$2:$E$252,Rendimientos!$B$2:$B$252) -> 0.3898276 | C33: =CORREL(Rendimientos!$E$2:$E$252,Rendimientos!$C$2:$C$252) -> 0.22699024 | D33: =CORREL(Rendimientos!$E$2:$E$252,Rendimientos!$D$2:$D$252) -> 0.27612242 | E33: =CORREL(Rendimientos!$E$2:$E$252,Rendimientos!$E$2:$E$252) -> 1 | F33: =CORREL(Rendimientos!$E$2:$E$252,Rendimientos!$F$2:$F$252) -> 0.26526214 | G33: =CORREL(Rendimientos!$E$2:$E$252,Rendimientos!$G$2:$G$252) -> 0.30776437 | H33: =CORREL(Rendimientos!$E$2:$E$252,Rendimientos!$H$2:$H$252) -> 0.19184504 | I33: =CORREL(Rendimientos!$E$2:$E$252,Rendimientos!$I$2:$I$252) -> 0.25732108
A34: CEMEXCPO | B34: =CORREL(Rendimientos!$F$2:$F$252,Rendimientos!$B$2:$B$252) -> 0.31471373 | C34: =CORREL(Rendimientos!$F$2:$F$252,Rendimientos!$C$2:$C$252) -> 0.14788667 | D34: =CORREL(Rendimientos!$F$2:$F$252,Rendimientos!$D$2:$D$252) -> 0.3051728 | E34: =CORREL(Rendimientos!$F$2:$F$252,Rendimientos!$E$2:$E$252) -> 0.26526214 | F34: =CORREL(Rendimientos!$F$2:$F$252,Rendimientos!$F$2:$F$252) -> 1 | G34: =CORREL(Rendimientos!$F$2:$F$252,Rendimientos!$G$2:$G$252) -> 0.37540264 | H34: =CORREL(Rendimientos!$F$2:$F$252,Rendimientos!$H$2:$H$252) -> 0.19564597 | I34: =CORREL(Rendimientos!$F$2:$F$252,Rendimientos!$I$2:$I$252) -> 0.23120334
A35: GFNORTEO | B35: =CORREL(Rendimientos!$G$2:$G$252,Rendimientos!$B$2:$B$252) -> 0.42993234 | C35: =CORREL(Rendimientos!$G$2:$G$252,Rendimientos!$C$2:$C$252) -> 0.17798454 | D35: =CORREL(Rendimientos!$G$2:$G$252,Rendimientos!$D$2:$D$252) -> 0.3166359 | E35: =CORREL(Rendimientos!$G$2:$G$252,Rendimientos!$E$2:$E$252) -> 0.30776437 | F35: =CORREL(Rendimientos!$G$2:$G$252,Rendimientos!$F$2:$F$252) -> 0.37540264 | G35: =CORREL(Rendimientos!$G$2:$G$252,Rendimientos!$G$2:$G$252) -> 1 | H35: =CORREL(Rendimientos!$G$2:$G$252,Rendimientos!$H$2:$H$252) -> 0.17923958 | I35: =CORREL(Rendimientos!$G$2:$G$252,Rendimientos!$I$2:$I$252) -> 0.31513483
A36: TLEVISACPO | B36: =CORREL(Rendimientos!$H$2:$H$252,Rendimientos!$B$2:$B$252) -> 0.054754837 | C36: =CORREL(Rendimientos!$H$2:$H$252,Rendimientos!$C$2:$C$252) -> 0.06637906 | D36: =CORREL(Rendimientos!$H$2:$H$252,Rendimientos!$D$2:$D$252) -> 0.12624794 | E36: =CORREL(Rendimientos!$H$2:$H$252,Rendimientos!$E$2:$E$252) -> 0.19184504 | F36: =CORREL(Rendimientos!$H$2:$H$252,Rendimientos!$F$2:$F$252) -> 0.19564597 | G36: =CORREL(Rendimientos!$H$2:$H$252,Rendimientos!$G$2:$G$252) -> 0.17923958 | H36: =CORREL(Rendimientos!$H$2:$H$252,Rendimientos!$H$2:$H$252) -> 1 | I36: =CORREL(Rendimientos!$H$2:$H$252,Rendimientos!$I$2:$I$252) -> 0.071946732
A37: WALMEX | B37: =CORREL(Rendimientos!$I$2:$I$252,Rendimientos!$B$2:$B$252) -> 0.3610367 | C37: =CORREL(Rendimientos!$I$2:$I$252,Rendimientos!$C$2:$C$252) -> 0.23563462 | D37: =CORREL(Rendimientos!$I$2:$I$252,Rendimientos!$D$2:$D$252) -> 0.28495537 | E37: =CORREL(Rendimientos!$I$2:$I$252,Rendimientos!$E$2:$E$252) -> 0.25732108 | F37: =CORREL(Rendimientos!$I$2:$I$252,Rendimientos!$F$2:$F$252) -> 0.23120334 | G37: =CORREL(Rendimientos!$I$2:$I$252,Rendimientos!$G$2:$G$252) -> 0.31513483 | H37: =CORREL(Rendimientos!$I$2:$I$252,Rendimientos!$H$2:$H$252) -> 0.071946732 | I37: =CORREL(Rendimientos!$I$2:$I$252,Rendimientos!$I$2:$I$252) -> 1

Sheet Portafolio
A1: Portafolio de Markowitz (media–varianza, solo posiciones largas)
A3: Tasa libre de riesgo (anual) | B3: 0.07 | C3: SUPUESTO: no viene de tus archivos. Cámbialo por el Cetes 28d vigente (o el que pida tu profe).
A5: Activo | B5: Rend. anual esperado | C5: Riesgo anual (σ) | D5: Beta vs IPC | E5: W — Tus pesos | F5: W — Mínima varianza | G5: W — Máx. Sharpe
A6: =Matriz!A5 -> AC | B6: =Matriz!D5 -> 0.034105786 | C6: =Matriz!E5 -> 0.21627949 | D6: =Matriz!G5 -> 0.72142079 | E6: 0.125 | F6: 0.194349 | G6: 0
A7: =Matriz!A6 -> ALSEA | B7: =Matriz!D6 -> -0.22061021 | C7: =Matriz!E6 -> 0.247302 | D7: =Matriz!G6 -> 0.54346995 | E7: 0.125 | F7: 0.196195 | G7: 0
A8: =Matriz!A7 -> AMXB | B8: =Matriz!D7 -> 0.048560489 | C8: =Matriz!E7 -> 0.24641253 | D8: =Matriz!G7 -> 0.77719229 | E8: 0.125 | F8: 0.157158 | G8: 0
A9: =Matriz!A8 -> BIMBOA | B9: =Matriz!D8 -> -0.1604176 | C9: =Matriz!E8 -> 0.28061187 | D9: =Matriz!G8 -> 0.79665611 | E9: 0.125 | F9: 0.054436 | G9: 0
A10: =Matriz!A9 -> CEMEXCPO | B10: =Matriz!D9 -> 0.086951565 | C10: =Matriz!E9 -> 0.32825378 | D10: =Matriz!G9 -> 1.2903864 | E10: 0.125 | F10: 0.02482 | G10: 0.271187
A11: =Matriz!A10 -> GFNORTEO | B11: =Matriz!D10 -> 0.090067255 | C11: =Matriz!E10 -> 0.2735379 | D11: =Matriz!G10 -> 1.1427925 | E11: 0.125 | F11: 0.043664 | G11: 0.728813
A12: =Matriz!A11 -> TLEVISACPO | B12: =Matriz!D11 -> -0.1388198 | C12: =Matriz!E11 -> 0.39701682 | D12: =Matriz!G11 -> 0.52358873 | E12: 0.125 | F12: 0.088977 | G12: 0
A13: =Matriz!A12 -> WALMEX | B13: =Matriz!D12 -> -0.15875462 | C13: =Matriz!E12 -> 0.21819047 | D13: =Matriz!G12 -> 0.55846144 | E13: 0.125 | F13: 0.240402 | G13: 0
A14: Suma de pesos (debe ser 100%) | E14: =SUM(E6:E13) -> 1 | F14: =SUM(F6:F13) -> 1.000001 | G14: =SUM(G6:G13) -> 1
A16: Resultado | E16: Tus pesos | F16: Mínima varianza | G16: Máx. Sharpe
A17: Rendimiento esperado anual | E17: =SUMPRODUCT($B$6:$B$13,E$6:E$13) -> -0.052364642 | F17: =SUMPRODUCT($B$6:$B$13,F$6:F$13) -> -0.082180881 | G17: =SUMPRODUCT($B$6:$B$13,G$6:G$13) -> 0.08922232
A18: Riesgo anual (σ portafolio) | E18: =SQRT(SUMPRODUCT(MMULT(Matriz!$B$18:$I$25,E$6:E$13),E$6:E$13)) -> 0.15930007 | F18: =SQRT(SUMPRODUCT(MMULT(Matriz!$B$18:$I$25,F$6:F$13),F$6:F$13)) -> 0.14934117 | G18: =SQRT(SUMPRODUCT(MMULT(Matriz!$B$18:$I$25,G$6:G$13),G$6:G$13)) -> 0.24696556
A19: Beta del portafolio | E19: =SUMPRODUCT($D$6:$D$13,E$6:E$13) -> 0.79424602 | F19: =SUMPRODUCT($D$6:$D$13,F$6:F$13) -> 0.67511114 | G19: =SUMPRODUCT($D$6:$D$13,G$6:G$13) -> 1.182818
A20: Razón de Sharpe | E20: =(E17-$B$3)/E18 -> -0.7681393 | F20: =(F17-$B$3)/F18 -> -1.0190149 | G20: =(G17-$B$3)/G18 -> 0.077834012
A22: Frontera eficiente (15 portafolios, solo largos: pesos ≥ 0 y suma = 100%)
A23: Rend. anual de cada activo → | B23: =$B$6 -> 0.034105786 | C23: =$B$7 -> -0.22061021 | D23: =$B$8 -> 0.048560489 | E23: =$B$9 -> -0.1604176 | F23: =$B$10 -> 0.086951565 | G23: =$B$11 -> 0.090067255 | H23: =$B$12 -> -0.1388198 | I23: =$B$13 -> -0.15875462
A24: Punto | B24: AC | C24: ALSEA | D24: AMXB | E24: BIMBOA | F24: CEMEXCPO | G24: GFNORTEO | H24: TLEVISACPO | I24: WALMEX | J24: Rendimiento | K24: Riesgo (σ) | L24: Sharpe | M24: Suma pesos
A25: 1 | B25: 0.194348 | C25: 0.196194 | D25: 0.157158 | E25: 0.054436 | F25: 0.024819 | G25: 0.043665 | H25: 0.088977 | I25: 0.240403 | J25: =SUMPRODUCT($B25:$I25,$B$23:$I$23) -> -0.08218085 | K25: =SQRT(SUMPRODUCT(MMULT($B25:$I25,Matriz!$B$18:$I$25),$B25:$I25)) -> 0.14934102 | L25: =(J25-$B$3)/K25 -> -1.0190157 | M25: =SUM($B25:$I25) -> 1
A26: 2 | B26: 0.214207 | C26: 0.178831 | D26: 0.170141 | E26: 0.041729 | F26: 0.031545 | G26: 0.056113 | H26: 0.085805 | I26: 0.221629 | J26: =SUMPRODUCT($B26:$I26,$B$23:$I$23) -> -0.069877412 | K26: =SQRT(SUMPRODUCT(MMULT($B26:$I26,Matriz!$B$18:$I$25),$B26:$I26)) -> 0.14958385 | L26: =(J26-$B$3)/K26 -> -0.93511041 | M26: =SUM($B26:$I26) -> 1
A27: 3 | B27: 0.234066 | C27: 0.161469 | D27: 0.183124 | E27: 0.029021 | F27: 0.038272 | G27: 0.06856 | H27: 0.082634 | I27: 0.202854 | J27: =SUMPRODUCT($B27:$I27,$B$23:$I$23) -> -0.057574017 | K27: =SQRT(SUMPRODUCT(MMULT($B27:$I27,Matriz!$B$18:$I$25),$B27:$I27)) -> 0.15030997 | L27: =(J27-$B$3)/K27 -> -0.84873958 | M27: =SUM($B27:$I27) -> 1
A28: 4 | B28: 0.253925 | C28: 0.144106 | D28: 0.196108 | E28: 0.016314 | F28: 0.044997 | G28: 0.081008 | H28: 0.079462 | I28: 0.18408 | J28: =SUMPRODUCT($B28:$I28,$B$23:$I$23) -> -0.045270618 | K28: =SQRT(SUMPRODUCT(MMULT($B28:$I28,Matriz!$B$18:$I$25),$B28:$I28)) -> 0.15151243 | L28: =(J28-$B$3)/K28 -> -0.76079972 | M28: =SUM($B28:$I28) -> 1
A29: 5 | B29: 0.273784 | C29: 0.126744 | D29: 0.209091 | E29: 0.003606 | F29: 0.051724 | G29: 0.093456 | H29: 0.076291 | I29: 0.165306 | J29: =SUMPRODUCT($B29:$I29,$B$23:$I$23) -> -0.032967291 | K29: =SQRT(SUMPRODUCT(MMULT($B29:$I29,Matriz!$B$18:$I$25),$B29:$I29)) -> 0.15318034 | L29: =(J29-$B$3)/K29 -> -0.67219653 | M29: =SUM($B29:$I29) -> 1.000002
A30: 6 | B30: 0.292238 | C30: 0.106109 | D30: 0.222053 | E30: 0 | F30: 0.058508 | G30: 0.106315 | H30: 0.071677 | I30: 0.1431 | J30: =SUMPRODUCT($B30:$I30,$B$23:$I$23) -> -0.020663831 | K30: =SQRT(SUMPRODUCT(MMULT($B30:$I30,Matriz!$B$18:$I$25),$B30:$I30)) -> 0.15531668 | L30: =(J30-$B$3)/K30 -> -0.58373533 | M30: =SUM($B30:$I30) -> 1
A31: 7 | B31: 0.310137 | C31: 0.084179 | D31: 0.235007 | E31: 0 | F31: 0.065312 | G31: 0.11934 | H31: 0.066493 | I31: 0.119532 | J31: =SUMPRODUCT($B31:$I31,$B$23:$I$23) -> -0.0083604216 | K31: =SQRT(SUMPRODUCT(MMULT($B31:$I31,Matriz!$B$18:$I$25),$B31:$I31)) -> 0.15795429 | L31: =(J31-$B$3)/K31 -> -0.49609555 | M31: =SUM($B31:$I31) -> 1
A32: 8 | B32: 0.328038 | C32: 0.062246 | D32: 0.24796 | E32: 0 | F32: 0.072116 | G32: 0.132364 | H32: 0.061308 | I32: 0.095967 | J32: =SUMPRODUCT($B32:$I32,$B$23:$I$23) -> 0.0039432415 | K32: =SQRT(SUMPRODUCT(MMULT($B32:$I32,Matriz!$B$18:$I$25),$B32:$I32)) -> 0.16107103 | L32: =(J32-$B$3)/K32 -> -0.41010949 | M32: =SUM($B32:$I32) -> 0.999999
A33: 9 | B33: 0.345939 | C33: 0.040314 | D33: 0.260913 | E33: 0 | F33: 0.078919 | G33: 0.145389 | H33: 0.056124 | I33: 0.072401 | J33: =SUMPRODUCT($B33:$I33,$B$23:$I$23) -> 0.016246707 | K33: =SQRT(SUMPRODUCT(MMULT($B33:$I33,Matriz!$B$18:$I$25),$B33:$I33)) -> 0.1646399 | L33: =(J33-$B$3)/K33 -> -0.32649008 | M33: =SUM($B33:$I33) -> 0.999999
A34: 10 | B34: 0.363839 | C34: 0.018383 | D34: 0.273867 | E34: 0 | F34: 0.085724 | G34: 0.158413 | H34: 0.050939 | I34: 0.048836 | J34: =SUMPRODUCT($B34:$I34,$B$23:$I$23) -> 0.02855003 | K34: =SQRT(SUMPRODUCT(MMULT($B34:$I34,Matriz!$B$18:$I$25),$B34:$I34)) -> 0.16863234 | L34: =(J34-$B$3)/K34 -> -0.24580084 | M34: =SUM($B34:$I34) -> 1.000001
A35: 11 | B35: 0.381057 | C35: 0 | D35: 0.286989 | E35: 0 | F35: 0.092942 | G35: 0.172365 | H35: 0.044926 | I35: 0.021722 | J35: =SUMPRODUCT($B35:$I35,$B$23:$I$23) -> 0.040853383 | K35: =SQRT(SUMPRODUCT(MMULT($B35:$I35,Matriz!$B$18:$I$25),$B35:$I35)) -> 0.17302178 | L35: =(J35-$B$3)/K35 -> -0.16845634 | M35: =SUM($B35:$I35) -> 1.000001
A36: 12 | B36: 0.374929 | C36: 0 | D36: 0.297373 | E36: 0 | F36: 0.110196 | G36: 0.203336 | H36: 0.014166 | I36: 0 | J36: =SUMPRODUCT($B36:$I36,$B$23:$I$23) -> 0.053156935 | K36: =SQRT(SUMPRODUCT(MMULT($B36:$I36,Matriz!$B$18:$I$25),$B36:$I36)) -> 0.17820519 | L36: =(J36-$B$3)/K36 -> -0.094515007 | M36: =SUM($B36:$I36) -> 1
... A39: 15 | B39: 0 | C39: 0 | D39: 0 | E39: 0 | F39: 0 | G39: 1 | H39: 0 | I39: 0 | J39: =SUMPRODUCT($B39:$I39,$B$23:$I$23) -> 0.090067255 | K39: =SQRT(SUMPRODUCT(MMULT($B39:$I39,Matriz!$B$18:$I$25),$B39:$I39)) -> 0.2735379 | L39: =(J39-$B$3)/K39 -> 0.073361881 | M39: =SUM($B39:$I39) -> 1
A42: NOTAS (Portafolio)
A43: • Rendimiento y riesgo salen de Matriz (anualizados). Riesgo del portafolio σ = √(wᵀ·Σ·w), con Σ = matriz de covarianzas.
A44: • 'Tus pesos' (amarillo) es editable: cambia los pesos y se recalculan rendimiento, riesgo, beta y Sharpe.
A45: • Mínima varianza y Máx. Sharpe (y los pesos de la frontera) son valores optimizados con restricciones w ≥ 0 y Σw = 1
A46: (algoritmo SLSQP; equivale a Solver de Excel: minimizar σ, o maximizar Sharpe, cambiando E6:E13 con esas restricciones).
A47: Si cambias precios, tasa libre o días, vuelve a correr Solver para actualizarlos; las celdas azules quedan fijas.
A48: • Beta = SLOPE(rend. activo, rend. IPC). Beta del portafolio = Σ wᵢ·βᵢ.
