Workbook

Sheet Tabla de mortalidad
B2: 1. Tablas de mortalidad generacionales: Tablas de vida

Sheet Tabla transversales abreviadas
A1: TABLAS DE MORTALIDAD
A2: "Tablas Transversales Abreviadas"
A3: Cohorte ficticio
I7: Insumos
I8: 1. Defunciones
I9: 2. Población
I11: Construcción
I12: 1. Calcular la tasa de mortalidad
I14: D/(Pi+Pf/2)
I16: nmx | J16: =1505/474723 -> 0.0031702698 | K16: =_xlfn.FORMULATEXT(J16) -> =1505/474723
B39: Cuadro 4.2: Cálculo de las tasas de mortalidad de la población española en 2011
C40: Defunciones 2011 | F40: Población 1 de julio de 2011 | I40: Tasas de mortalidad en 2011
B41: Edades | C41: Total | D41: Varones Mujeres | F41: Total | G41: Varones | H41: Mujeres | I41: Total | J41: Varones | K41: Mujeres
B42: 0 | C42: 1.505 | D42: 818 | E42: 687 | F42: 474.723 | G42: 244986 | H42: 229.738 | I42: 0,003170 | J42: 0,003339 | K42: 0,002990
B43: 1 | C43: 329 | D43: 183 | E43: 146 | F43: 2.008.178 | G43: 1036812 | H43: 971.366 | I43: 0,000164 | J43: 0,000177 | K43: 0,000150
B44: 5 | C44: 206 | D44: 123 | E44: 83 | F44: 2.372.350 | G44: 1219746 | H44: 1.152.604 | I44: 0,000087 | J44: 0,000101 | K44: 0,000072
B45: 10 | C45: 237 | D45: 132 | E45: 105 | F45: 2.184.749 | G45: 1123704 | H45: 1.061.044 | I45: 0,000108 | J45: 0,000117 | K45: 0,000099
B46: 15 | C46: 500 | D46: 315 | E46: 185 | F46: 2.213.053 | G46: 1140017 | H46: 1.073.037 | I46: 0,000226 | J46: 0,000276 | K46: 0,000172
B47: 20 | C47: 779 | D47: 583 | E47: 196 | F47: 2.533.993 | G47: 1288309 | H47: 1.245.684 | I47: 0,000307 | J47: 0,000453 | K47: 0,000157
B48: 25 | C48: 1.048 | D48: 739 | E48: 309 | F48: 3.144.903 | G48: 1593239 | H48: 1.551.663 | I48: 0,000333 | J48: 0,000464 | K48: 0,000199
B49: 30 | C49: 1.738 | D49: 1186 | E49: 552 | F49: 3.940.637 | G49: 2023828 | H49: 1.916.809 | I49: 0,000441 | J49: 0,000586 | K49: 0,000288
B50: 35 | C50: 2.687 | D50: 1777 | E50: 910 | F50: 4.072.274 | G50: 2100191 | H50: 1.972.083 | I50: 0,000660 | J50: 0,000846 | K50: 0,000461
B51: 40 | C51: 4.459 | D51: 2926 | E51: 1.533 | F51: 3.828.441 | G51: 1956378 | H51: 1.872.063 | I51: 0,001165 | J51: 0,001496 | K51: 0,000819
B52: 45 | C52: 7.100 | D52: 4741 | E52: 2.359 | F52: 3.577.063 | G52: 1802777 | H52: 1.774.286 | I52: 0,001985 | J52: 0,002630 | K52: 0,001330
B53: 50 | C53: 10.522 | D53: 7152 | E53: 3.370 | F53: 3.196.785 | G53: 1592200 | H53: 1.604.585 | I53: 0,003291 | J53: 0,004492 | K53: 0,002100
... B63: 100 | C63: 3.768 | D63: 769 | E63: 2.999 | F63: 10.266 | G63: 2114 | H63: 8.152 | I63: 0,367036 | J63: 0,363688 | K63: 0,367904
B64: Total | C64: 387.911 199.854 188.057 46.736.257 | G64: 23.073.274 | H64: 23.662.983
B65: Fuente: elaboración propia a partir de MNP y Cifras de Población, en www.ine.es

Sheet Hoja1
A1: x | B1: n | C1: nmx | D1: nqx | E1: npx | F1: lx | G1: ndx | H1: nAx | I1: nLx | J1: Tx | K1: ex | L1: nZx | M1: =1505/474723 -> 0.0031702698 | N1: =_xlfn.FORMULATEXT(M1) -> =1505/474723
A2: 0 | B2: 1 | C2: ='Tabla transversales abreviadas'!D42/'Tabla transversales abreviadas'!G42 -> 0.0033389663 | D2: =IF(B2="",1,2*B2*C2/(2+B2*C2)) -> 0.0033334013 | E2: =1-D2 -> 0.9966666 | F2: 100000 | G2: =F2*D2 -> 333.34013 | H2: 0.12 | I2: =IF(B2="",G2*H2,F3*B2+G2*H2) -> 99706.661 | J2: =SUM(I2:I$23) -> 7917235.3 | K2: =J2/F2 -> 79.172353
A3: 1 | B3: 4 | C3: ='Tabla transversales abreviadas'!D43/'Tabla transversales abreviadas'!G43 -> 0.00017650259 | D3: =IF(B3="",1,2*B3*C3/(2+B3*C3)) -> 0.00070576121 | E3: =1-D3 -> 0.99929424 | F3: =F2*E2 -> 99666.66 | G3: =F3*D3 -> 70.340862 | H3: 1.5 | I3: =IF(B3="",G3*H3,F4*B3+G3*H3) -> 398490.79 | J3: =SUM(I3:I$23) -> 7817528.6 | K3: =J3/F3 -> 78.436747
A4: 5 | B4: 5 | C4: ='Tabla transversales abreviadas'!D44/'Tabla transversales abreviadas'!G44 -> 0.00010084067 | D4: =IF(B4="",1,2*B4*C4/(2+B4*C4)) -> 0.00050407626 | E4: =1-D4 -> 0.99949592 | F4: =F3*E3 -> 99596.319 | G4: =F4*D4 -> 50.20414 | H4: 2.5 | I4: =IF(B4="",G4*H4,F5*B4+G4*H4) -> 497856.08 | J4: =SUM(I4:I$23) -> 7419037.8 | K4: =J4/F4 -> 74.491084
A5: 10 | B5: 5 | C5: ='Tabla transversales abreviadas'!D45/'Tabla transversales abreviadas'!G45 -> 0.00011746866 | D5: =IF(B5="",1,2*B5*C5/(2+B5*C5)) -> 0.00058717085 | E5: =1-D5 -> 0.99941283 | F5: =F4*E4 -> 99546.115 | G5: =F5*D5 -> 58.450577 | H5: 2.5 | I5: =IF(B5="",G5*H5,F6*B5+G5*H5) -> 497584.45 | J5: =SUM(I5:I$23) -> 6921181.7 | K5: =J5/F5 -> 69.527392
A6: 15 | B6: 5 | C6: ='Tabla transversales abreviadas'!D46/'Tabla transversales abreviadas'!G46 -> 0.00027631167 | D6: =IF(B6="",1,2*B6*C6/(2+B6*C6)) -> 0.0013806047 | E6: =1-D6 -> 0.9986194 | F6: =F5*E5 -> 99487.664 | G6: =F6*D6 -> 137.35313 | H6: 2.5 | I6: =IF(B6="",G6*H6,F7*B6+G6*H6) -> 497094.94 | J6: =SUM(I6:I$23) -> 6423597.3 | K6: =J6/F6 -> 64.566771
A7: 20 | B7: 5 | C7: ='Tabla transversales abreviadas'!D47/'Tabla transversales abreviadas'!G47 -> 0.00045253119 | D7: =IF(B7="",1,2*B7*C7/(2+B7*C7)) -> 0.002260099 | E7: =1-D7 -> 0.9977399 | F7: =F6*E6 -> 99350.311 | G7: =F7*D7 -> 224.54154 | H7: 2.5 | I7: =IF(B7="",G7*H7,F8*B7+G7*H7) -> 496190.2 | J7: =SUM(I7:I$23) -> 5926502.3 | K7: =J7/F7 -> 59.652579
A8: 25 | B8: 5 | C8: ='Tabla transversales abreviadas'!D48/'Tabla transversales abreviadas'!G48 -> 0.00046383499 | D8: =IF(B8="",1,2*B8*C8/(2+B8*C8)) -> 0.0023164888 | E8: =1-D8 -> 0.99768351 | F8: =F7*E7 -> 99125.77 | G8: =F8*D8 -> 229.62373 | H8: 2.5 | I8: =IF(B8="",G8*H8,F9*B8+G8*H8) -> 495054.79 | J8: =SUM(I8:I$23) -> 5430312.1 | K8: =J8/F8 -> 54.782043
A9: 30 | B9: 5 | C9: ='Tabla transversales abreviadas'!D49/'Tabla transversales abreviadas'!G49 -> 0.00058601818 | D9: =IF(B9="",1,2*B9*C9/(2+B9*C9)) -> 0.0029258045 | E9: =1-D9 -> 0.9970742 | F9: =F8*E8 -> 98896.146 | G9: =F9*D9 -> 289.35078 | H9: 2.5 | I9: =IF(B9="",G9*H9,F10*B9+G9*H9) -> 493757.35 | J9: =SUM(I9:I$23) -> 4935257.3 | K9: =J9/F9 -> 49.903435
A10: 35 | B10: 5 | C10: ='Tabla transversales abreviadas'!D50/'Tabla transversales abreviadas'!G50 -> 0.00084611352 | D10: =IF(B10="",1,2*B10*C10/(2+B10*C10)) -> 0.0042216376 | E10: =1-D10 -> 0.99577836 | F10: =F9*E9 -> 98606.795 | G10: =F10*D10 -> 416.28216 | H10: 2.5 | I10: =IF(B10="",G10*H10,F11*B10+G10*H10) -> 491993.27 | J10: =SUM(I10:I$23) -> 4441500 | K10: =J10/F10 -> 45.042535
A11: 40 | B11: 5 | C11: ='Tabla transversales abreviadas'!D51/'Tabla transversales abreviadas'!G51 -> 0.001495621 | D11: =IF(B11="",1,2*B11*C11/(2+B11*C11)) -> 0.0074502481 | E11: =1-D11 -> 0.99254975 | F11: =F10*E10 -> 98190.513 | G11: =F11*D11 -> 731.54368 | H11: 2.5 | I11: =IF(B11="",G11*H11,F12*B11+G11*H11) -> 489123.71 | J11: =SUM(I11:I$23) -> 3949506.7 | K11: =J11/F11 -> 40.222895
A12: 45 | B12: 5 | C12: ='Tabla transversales abreviadas'!D52/'Tabla transversales abreviadas'!G52 -> 0.0026298316 | D12: =IF(B12="",1,2*B12*C12/(2+B12*C12)) -> 0.013063273 | E12: =1-D12 -> 0.98693673 | F12: =F11*E11 -> 97458.969 | G12: =F12*D12 -> 1273.1331 | H12: 2.5 | I12: =IF(B12="",G12*H12,F13*B12+G12*H12) -> 484112.01 | J12: =SUM(I12:I$23) -> 3460383 | K12: =J12/F12 -> 35.50605
A13: 50 | B13: 5 | C13: ='Tabla transversales abreviadas'!D53/'Tabla transversales abreviadas'!G53 -> 0.004491898 | D13: =IF(B13="",1,2*B13*C13/(2+B13*C13)) -> 0.022210077 | E13: =1-D13 -> 0.97778992 | F13: =F12*E12 -> 96185.836 | G13: =F13*D13 -> 2136.2948 | H13: 2.5 | I13: =IF(B13="",G13*H13,F14*B13+G13*H13) -> 475588.44 | J13: =SUM(I13:I$23) -> 2976271 | K13: =J13/F13 -> 30.942924
A14: 55 | B14: 5 | C14: ='Tabla transversales abreviadas'!D54/'Tabla transversales abreviadas'!G54 -> 0.0069212055 | D14: =IF(B14="",1,2*B14*C14/(2+B14*C14)) -> 0.034017424 | E14: =1-D14 -> 0.96598258 | F14: =F13*E13 -> 94049.541 | G14: =F14*D14 -> 3199.3231 | H14: 2.5 | I14: =IF(B14="",G14*H14,F15*B14+G14*H14) -> 462249.4 | J14: =SUM(I14:I$23) -> 2500682.6 | K14: =J14/F14 -> 26.588993
... A22: 95 | B22: 5 | C22: ='Tabla transversales abreviadas'!D62/'Tabla transversales abreviadas'!G62 -> 0.30976621 | D22: =IF(B22="",1,2*B22*C22/(2+B22*C22)) -> 0.8728683 | E22: =1-D22 -> 0.1271317 | F22: =F21*E21 -> 6588.0404 | G22: =F22*D22 -> 5750.4916 | H22: 2.5 | I22: =IF(B22="",G22*H22,F23*B22+G22*H22) -> 18563.973 | J22: =SUM(I22:I$23) -> 20866.415 | K22: =J22/F22 -> 3.1673174
A23: 100 | C23: ='Tabla transversales abreviadas'!D63/'Tabla transversales abreviadas'!G63 -> 0.36376537 | D23: =IF(B23="",1,2*B23*C23/(2+B23*C23)) -> 1 | E23: =1-D23 -> 0 | F23: =F22*E22 -> 837.54877 | G23: =F23*D23 -> 837.54877 | H23: =1/C23 -> 2.7490247 | I23: =IF(B23="",G23*H23,F24*B23+G23*H23) -> 2302.4423 | J23: =SUM(I23:I$23) -> 2302.4423 | K23: =J23/F23 -> 2.7490247
