Workbook

Sheet Leeme
A1: Tablas de mortalidad de generaciones mexicanas (1950, 1960, 1970, 1980, 1990, 2000)
A3: Fuente | B3: ONU, División de Población, World Population Prospects 2024 (variante media): población a mitad de año y defunciones por edad simple, México, 1950-2100 (https://population.un.org/wpp/). 1950-2023 estimaciones; 2024-2100 proyecciones.
A4: Radix (l0) | B4: 100000 | C4: <- nombre definido 'Radix'; se usa en todas las tablas
A6: Método | B6: Generación g = personas nacidas en el año g. La edad x de esa generación se observa en el año calendario g + x.
B7: qx = defunciones(x, g+x) / (población a mitad de año(x, g+x) + defunciones(x, g+x)/2)
B8: Edad 100 = grupo abierto (100+): qx = 1.
B9: lx: l0 = radix; l(x+1) = lx − dx. dx = lx · qx.
B10: Lx = l(x+1) + dx/2 (a la edad 100, l101 = 0, así que L100 = d100/2 = l100/2).
B11: Tx = suma de Lx desde x hasta 100. ex = Tx / lx.
A13: Hojas | B13: Gen_1950 … Gen_2000: tabla completa por generación, con Hombres, Mujeres y Ambos sexos (columnas C-J, K-R, S-Z).
B14: Comparacion: indicadores y gráficos de ex, lx y e0 por año calendario (datos en Datos_Graficos).
B15: Validacion: contraste con la esperanza de vida oficial de la ONU (apoyada en Periodo, ONU_e0, ONU_qx y Val_Diagonal_ONU).
B16: Datos_ONU, ONU_qx, ONU_e0: datos de entrada de la ONU (México).
A18: Colores | B18: Azul = dato fijo / entrada. Negro = fórmula. Verde = vínculo a otra hoja. Fondo amarillo = supuesto editable.
A19: Limitaciones | B19: (1) Defunciones y población son de periodo-edad, no de triángulos de Lexis: aproximan la generación con la población de edad x a mitad del año g + x. (2) Con qx = 1 a los 100 años, e100 = 0.5 años (la ONU estima 1.3-3.0): subestima e0 hasta ≈ 0.1 años en la generación 2000 (ver Validacion). (2b) q0 = D/(P + D/2) sobrestima algo la mortalidad infantil de 1950 (0.163 vs 0.157 oficial). (3) Los años posteriores a 2023 son proyección: las generaciones 1960-2000 son tablas parcialmente proyectadas.

Sheet Gen_1950
A1: Tabla de mortalidad de la generación 1950 - México (ONU WPP 2024)
A2: Generación (año de nacimiento): | D2: 1950 | F2: Radix: | G2: =Radix -> 100000
E3: e0: | F3: =J6 -> 52.443355 | G3: Control Σdx−radix: | I3: =SUM(G6:G106)-Radix -> 0 | M3: e0: | N3: =R6 -> 57.88133 | O3: Control Σdx−radix: | Q3: =SUM(O6:O106)-Radix -> 0 | U3: e0: | V3: =Z6 -> 55.110432 | W3: Control Σdx−radix: | Y3: =SUM(W6:W106)-Radix -> 0
C4: Hombres | K4: Mujeres | S4: Ambos sexos
A5: Edad x | B5: Año calendario | C5: Población a mitad de año (miles) | D5: Defunciones (miles) | E5: qx | F5: lx | G5: dx | H5: Lx | I5: Tx | J5: ex | K5: Población a mitad de año (miles) | L5: Defunciones (miles) | M5: qx | N5: lx | O5: dx | P5: Lx | Q5: Tx | R5: ex | S5: Población a mitad de año (miles) | T5: Defunciones (miles) | U5: qx | V5: lx | W5: dx | X5: Lx | Y5: Tx | Z5: ex
A6: 0 | B6: =$D$2+$A6 -> 1950 | C6: =INDEX(Datos_ONU!$B$6:$EV$106,MATCH($A6,Datos_ONU!$A$6:$A$106,0),MATCH($B6,Datos_ONU!$B$5:$EV$5,0)) -> 608.731 | D6: =INDEX(Datos_ONU!$B$321:$EV$421,MATCH($A6,Datos_ONU!$A$321:$A$421,0),MATCH($B6,Datos_ONU!$B$320:$EV$320,0)) -> 114.79 | E6: =IF($A6=100,1,D6/(C6+D6/2)) -> 0.17232476 | F6: =Radix -> 100000 | G6: =F6*E6 -> 17232.476 | H6: =F7+G6/2 -> 91383.762 | I6: =SUM(H6:H$106) -> 5244335.5 | J6: =I6/F6 -> 52.443355 | K6: =INDEX(Datos_ONU!$B$111:$EV$211,MATCH($A6,Datos_ONU!$A$111:$A$211,0),MATCH($B6,Datos_ONU!$B$110:$EV$110,0)) -> 593.594 | L6: =INDEX(Datos_ONU!$B$426:$EV$526,MATCH($A6,Datos_ONU!$A$426:$A$526,0),MATCH($B6,Datos_ONU!$B$425:$EV$425,0)) -> 98.595 | M6: =IF($A6=100,1,L6/(K6+L6/2)) -> 0.1533618 | N6: =Radix -> 100000 | O6: =N6*M6 -> 15336.18 | P6: =N7+O6/2 -> 92331.91 | Q6: =SUM(P6:P$106) -> 5788133 | R6: =Q6/N6 -> 57.88133 | S6: =INDEX(Datos_ONU!$B$216:$EV$316,MATCH($A6,Datos_ONU!$A$216:$A$316,0),MATCH($B6,Datos_ONU!$B$215:$EV$215,0)) -> 1202.325 | T6: =INDEX(Datos_ONU!$B$531:$EV$631,MATCH($A6,Datos_ONU!$A$531:$A$631,0),MATCH($B6,Datos_ONU!$B$530:$EV$530,0)) -> 213.385 | U6: =IF($A6=100,1,T6/(S6+T6/2)) -> 0.16301157 | V6: =Radix -> 100000 | W6: =V6*U6 -> 16301.157 | X6: =V7+W6/2 -> 91849.421 | Y6: =SUM(X6:X$106) -> 5511043.2 | Z6: =Y6/V6 -> 55.110432
A7: 1 | B7: =$D$2+$A7 -> 1951 | C7: =INDEX(Datos_ONU!$B$6:$EV$106,MATCH($A7,Datos_ONU!$A$6:$A$106,0),MATCH($B7,Datos_ONU!$B$5:$EV$5,0)) -> 561.197 | D7: =INDEX(Datos_ONU!$B$321:$EV$421,MATCH($A7,Datos_ONU!$A$321:$A$421,0),MATCH($B7,Datos_ONU!$B$320:$EV$320,0)) -> 25.572 | E7: =IF($A7=100,1,D7/(C7+D7/2)) -> 0.044551842 | F7: =F6-G6 -> 82767.524 | G7: =F7*E7 -> 3687.4457 | H7: =F8+G7/2 -> 80923.802 | I7: =SUM(H7:H$106) -> 5152951.7 | J7: =I7/F7 -> 62.258135 | K7: =INDEX(Datos_ONU!$B$111:$EV$211,MATCH($A7,Datos_ONU!$A$111:$A$211,0),MATCH($B7,Datos_ONU!$B$110:$EV$110,0)) -> 550.08 | L7: =INDEX(Datos_ONU!$B$426:$EV$526,MATCH($A7,Datos_ONU!$A$426:$A$526,0),MATCH($B7,Datos_ONU!$B$425:$EV$425,0)) -> 24.34 | M7: =IF($A7=100,1,L7/(K7+L7/2)) -> 0.043290351 | N7: =N6-O6 -> 84663.82 | O7: =N7*M7 -> 3665.1265 | P7: =N8+O7/2 -> 82831.256 | Q7: =SUM(P7:P$106) -> 5695801.1 | R7: =Q7/N7 -> 67.275503 | S7: =INDEX(Datos_ONU!$B$216:$EV$316,MATCH($A7,Datos_ONU!$A$216:$A$316,0),MATCH($B7,Datos_ONU!$B$215:$EV$215,0)) -> 1111.276 | T7: =INDEX(Datos_ONU!$B$531:$EV$631,MATCH($A7,Datos_ONU!$A$531:$A$631,0),MATCH($B7,Datos_ONU!$B$530:$EV$530,0)) -> 49.912 | U7: =IF($A7=100,1,T7/(S7+T7/2)) -> 0.043927649 | V7: =V6-W6 -> 83698.843 | W7: =V7*U7 -> 3676.6934 | X7: =V8+W7/2 -> 81860.496 | Y7: =SUM(X7:X$106) -> 5419193.8 | Z7: =Y7/V7 -> 64.746341
A8: 2 | B8: =$D$2+$A8 -> 1952 | C8: =INDEX(Datos_ONU!$B$6:$EV$106,MATCH($A8,Datos_ONU!$A$6:$A$106,0),MATCH($B8,Datos_ONU!$B$5:$EV$5,0)) -> 540.859 | D8: =INDEX(Datos_ONU!$B$321:$EV$421,MATCH($A8,Datos_ONU!$A$321:$A$421,0),MATCH($B8,Datos_ONU!$B$320:$EV$320,0)) -> 14.668 | E8: =IF($A8=100,1,D8/(C8+D8/2)) -> 0.026757 | F8: =F7-G7 -> 79080.079 | G8: =F8*E8 -> 2115.9457 | H8: =F9+G8/2 -> 78022.106 | I8: =SUM(H8:H$106) -> 5072027.9 | J8: =I8/F8 -> 64.137871 | K8: =INDEX(Datos_ONU!$B$111:$EV$211,MATCH($A8,Datos_ONU!$A$111:$A$211,0),MATCH($B8,Datos_ONU!$B$110:$EV$110,0)) -> 530.672 | L8: =INDEX(Datos_ONU!$B$426:$EV$526,MATCH($A8,Datos_ONU!$A$426:$A$526,0),MATCH($B8,Datos_ONU!$B$425:$EV$425,0)) -> 14.1 | M8: =IF($A8=100,1,L8/(K8+L8/2)) -> 0.026221728 | N8: =N7-O7 -> 80998.693 | O8: =N8*M8 -> 2123.9257 | P8: =N9+O8/2 -> 79936.73 | Q8: =SUM(P8:P$106) -> 5612969.8 | R8: =Q8/N8 -> 69.297042 | S8: =INDEX(Datos_ONU!$B$216:$EV$316,MATCH($A8,Datos_ONU!$A$216:$A$316,0),MATCH($B8,Datos_ONU!$B$215:$EV$215,0)) -> 1071.53 | T8: =INDEX(Datos_ONU!$B$531:$EV$631,MATCH($A8,Datos_ONU!$A$531:$A$631,0),MATCH($B8,Datos_ONU!$B$530:$EV$530,0)) -> 28.768 | U8: =IF($A8=100,1,T8/(S8+T8/2)) -> 0.026491969 | V8: =V7-W7 -> 80022.149 | W8: =V8*U8 -> 2119.9443 | X8: =V9+W8/2 -> 78962.177 | Y8: =SUM(X8:X$106) -> 5337333.3 | Z8: =Y8/V8 -> 66.698199
A9: 3 | B9: =$D$2+$A9 -> 1953 | C9: =INDEX(Datos_ONU!$B$6:$EV$106,MATCH($A9,Datos_ONU!$A$6:$A$106,0),MATCH($B9,Datos_ONU!$B$5:$EV$5,0)) -> 528.694 | D9: =INDEX(Datos_ONU!$B$321:$EV$421,MATCH($A9,Datos_ONU!$A$321:$A$421,0),MATCH($B9,Datos_ONU!$B$320:$EV$320,0)) -> 8.641 | E9: =IF($A9=100,1,D9/(C9+D9/2)) -> 0.016211566 | F9: =F8-G8 -> 76964.133 | G9: =F9*E9 -> 1247.7092 | H9: =F10+G9/2 -> 76340.279 | I9: =SUM(H9:H$106) -> 4994005.8 | J9: =I9/F9 -> 64.887443 | K9: =INDEX(Datos_ONU!$B$111:$EV$211,MATCH($A9,Datos_ONU!$A$111:$A$211,0),MATCH($B9,Datos_ONU!$B$110:$EV$110,0)) -> 518.913 | L9: =INDEX(Datos_ONU!$B$426:$EV$526,MATCH($A9,Datos_ONU!$A$426:$A$526,0),MATCH($B9,Datos_ONU!$B$425:$EV$425,0)) -> 8.444 | M9: =IF($A9=100,1,L9/(K9+L9/2)) -> 0.016141149 | N9: =N8-O8 -> 78874.767 | O9: =N9*M9 -> 1273.1294 | P9: =N10+O9/2 -> 78238.203 | Q9: =SUM(P9:P$106) -> 5533033.1 | R9: =Q9/N9 -> 70.149596 | S9: =INDEX(Datos_ONU!$B$216:$EV$316,MATCH($A9,Datos_ONU!$A$216:$A$316,0),MATCH($B9,Datos_ONU!$B$215:$EV$215,0)) -> 1047.607 | T9: =INDEX(Datos_ONU!$B$531:$EV$631,MATCH($A9,Datos_ONU!$A$531:$A$631,0),MATCH($B9,Datos_ONU!$B$530:$EV$530,0)) -> 17.085 | U9: =IF($A9=100,1,T9/(S9+T9/2)) -> 0.016176687 | V9: =V8-W8 -> 77902.205 | W9: =V9*U9 -> 1260.1996 | X9: =V10+W9/2 -> 77272.105 | Y9: =SUM(X9:X$106) -> 5258371.1 | Z9: =Y9/V9 -> 67.499644
A10: 4 | B10: =$D$2+$A10 -> 1954 | C10: =INDEX(Datos_ONU!$B$6:$EV$106,MATCH($A10,Datos_ONU!$A$6:$A$106,0),MATCH($B10,Datos_ONU!$B$5:$EV$5,0)) -> 521.215 | D10: =INDEX(Datos_ONU!$B$321:$EV$421,MATCH($A10,Datos_ONU!$A$321:$A$421,0),MATCH($B10,Datos_ONU!$B$320:$EV$320,0)) -> 5.302 | E10: =IF($A10=100,1,D10/(C10+D10/2)) -> 0.010120909 | F10: =F9-G9 -> 75716.424 | G10: =F10*E10 -> 766.31902 | H10: =F11+G10/2 -> 75333.264 | I10: =SUM(H10:H$106) -> 4917665.5 | J10: =I10/F10 -> 64.948465 | K10: =INDEX(Datos_ONU!$B$111:$EV$211,MATCH($A10,Datos_ONU!$A$111:$A$211,0),MATCH($B10,Datos_ONU!$B$110:$EV$110,0)) -> 511.571 | L10: =INDEX(Datos_ONU!$B$426:$EV$526,MATCH($A10,Datos_ONU!$A$426:$A$526,0),MATCH($B10,Datos_ONU!$B$425:$EV$425,0)) -> 5.265 | M10: =IF($A10=100,1,L10/(K10+L10/2)) -> 0.010239137 | N10: =N9-O9 -> 77601.638 | O10: =N10*M10 -> 794.57379 | P10: =N11+O10/2 -> 77204.351 | Q10: =SUM(P10:P$106) -> 5454794.9 | R10: =Q10/N10 -> 70.292265 | S10: =INDEX(Datos_ONU!$B$216:$EV$316,MATCH($A10,Datos_ONU!$A$216:$A$316,0),MATCH($B10,Datos_ONU!$B$215:$EV$215,0)) -> 1032.786 | T10: =INDEX(Datos_ONU!$B$531:$EV$631,MATCH($A10,Datos_ONU!$A$531:$A$631,0),MATCH($B10,Datos_ONU!$B$530:$EV$530,0)) -> 10.568 | U10: =IF($A10=100,1,T10/(S10+T10/2)) -> 0.010180431 | V10: =V9-W9 -> 76642.006 | W10: =V10*U10 -> 780.24865 | X10: =V11+W10/2 -> 76251.881 | Y10: =SUM(X10:X$106) -> 5181099 | Z10: =Y10/V10 -> 67.601297
A11: 5 | B11: =$D$2+$A11 -> 1955 | C11: =INDEX(Datos_ONU!$B$6:$EV$106,MATCH($A11,Datos_ONU!$A$6:$A$106,0),MATCH($B11,Datos_ONU!$B$5:$EV$5,0)) -> 516.495 | D11: =INDEX(Datos_ONU!$B$321:$EV$421,MATCH($A11,Datos_ONU!$A$321:$A$421,0),MATCH($B11,Datos_ONU!$B$320:$EV$320,0)) -> 3.083 | E11: =IF($A11=100,1,D11/(C11+D11/2)) -> 0.0059513181 | F11: =F10-G10 -> 74950.105 | G11: =F11*E11 -> 446.05192 | H11: =F12+G11/2 -> 74727.079 | I11: =SUM(H11:H$106) -> 4842332.3 | J11: =I11/F11 -> 64.607411 | K11: =INDEX(Datos_ONU!$B$111:$EV$211,MATCH($A11,Datos_ONU!$A$111:$A$211,0),MATCH($B11,Datos_ONU!$B$110:$EV$110,0)) -> 506.872 | L11: =INDEX(Datos_ONU!$B$426:$EV$526,MATCH($A11,Datos_ONU!$A$426:$A$526,0),MATCH($B11,Datos_ONU!$B$425:$EV$425,0)) -> 3.125 | M11: =IF($A11=100,1,L11/(K11+L11/2)) -> 0.0061463178 | N11: =N10-O10 -> 76807.064 | O11: =N11*M11 -> 472.08062 | P11: =N12+O11/2 -> 76571.024 | Q11: =SUM(P11:P$106) -> 5377590.6 | R11: =Q11/N11 -> 70.01427 | S11: =INDEX(Datos_ONU!$B$216:$EV$316,MATCH($A11,Datos_ONU!$A$216:$A$316,0),MATCH($B11,Datos_ONU!$B$215:$EV$215,0)) -> 1023.366 | T11: =INDEX(Datos_ONU!$B$531:$EV$631,MATCH($A11,Datos_ONU!$A$531:$A$631,0),MATCH($B11,Datos_ONU!$B$530:$EV$530,0)) -> 6.208 | U11: =IF($A11=100,1,T11/(S11+T11/2)) -> 0.0060479118 | V11: =V10-W10 -> 75861.757 | W11: =V11*U11 -> 458.80521 | X11: =V12+W11/2 -> 75632.354 | Y11: =SUM(X11:X$106) -> 5104847.1 | Z11: =Y11/V11 -> 67.291443
A12: 6 | B12: =$D$2+$A12 -> 1956 | C12: =INDEX(Datos_ONU!$B$6:$EV$106,MATCH($A12,Datos_ONU!$A$6:$A$106,0),MATCH($B12,Datos_ONU!$B$5:$EV$5,0)) -> 513.368 | D12: =INDEX(Datos_ONU!$B$321:$EV$421,MATCH($A12,Datos_ONU!$A$321:$A$421,0),MATCH($B12,Datos_ONU!$B$320:$EV$320,0)) -> 2.06 | E12: =IF($A12=100,1,D12/(C12+D12/2)) -> 0.0040046812 | F12: =F11-G11 -> 74504.053 | G12: =F12*E12 -> 298.36498 | H12: =F13+G12/2 -> 74354.871 | I12: =SUM(H12:H$106) -> 4767605.2 | J12: =I12/F12 -> 63.991219 | K12: =INDEX(Datos_ONU!$B$111:$EV$211,MATCH($A12,Datos_ONU!$A$111:$A$211,0),MATCH($B12,Datos_ONU!$B$110:$EV$110,0)) -> 503.74 | L12: =INDEX(Datos_ONU!$B$426:$EV$526,MATCH($A12,Datos_ONU!$A$426:$A$526,0),MATCH($B12,Datos_ONU!$B$425:$EV$425,0)) -> 2.083 | M12: =IF($A12=100,1,L12/(K12+L12/2)) -> 0.0041265379 | N12: =N11-O11 -> 76334.984 | O12: =N12*M12 -> 314.9992 | P12: =N13+O12/2 -> 76177.484 | Q12: =SUM(P12:P$106) -> 5301019.5 | R12: =Q12/N12 -> 69.444169 | S12: =INDEX(Datos_ONU!$B$216:$EV$316,MATCH($A12,Datos_ONU!$A$216:$A$316,0),MATCH($B12,Datos_ONU!$B$215:$EV$215,0)) -> 1017.108 | T12: =INDEX(Datos_ONU!$B$531:$EV$631,MATCH($A12,Datos_ONU!$A$531:$A$631,0),MATCH($B12,Datos_ONU!$B$530:$EV$530,0)) -> 4.143 | U12: =IF($A12=100,1,T12/(S12+T12/2)) -> 0.0040650347 | V12: =V11-W11 -> 75402.952 | W12: =V12*U12 -> 306.51561 | X12: =V13+W12/2 -> 75249.694 | Y12: =SUM(X12:X$106) -> 5029214.8 | Z12: =Y12/V12 -> 66.69785
A13: 7 | B13: =$D$2+$A13 -> 1957 | C13: =INDEX(Datos_ONU!$B$6:$EV$106,MATCH($A13,Datos_ONU!$A$6:$A$106,0),MATCH($B13,Datos_ONU!$B$5:$EV$5,0)) -> 511.041 | D13: =INDEX(Datos_ONU!$B$321:$EV$421,MATCH($A13,Datos_ONU!$A$321:$A$421,0),MATCH($B13,Datos_ONU!$B$320:$EV$320,0)) -> 1.445 | E13: =IF($A13=100,1,D13/(C13+D13/2)) -> 0.0028235699 | F13: =F12-G12 -> 74205.688 | G13: =F13*E13 -> 209.52495 | H13: =F14+G13/2 -> 74100.926 | I13: =SUM(H13:H$106) -> 4693250.3 | J13: =I13/F13 -> 63.246504 | K13: =INDEX(Datos_ONU!$B$111:$EV$211,MATCH($A13,Datos_ONU!$A$111:$A$211,0),MATCH($B13,Datos_ONU!$B$110:$EV$110,0)) -> 501.443 | L13: =INDEX(Datos_ONU!$B$426:$EV$526,MATCH($A13,Datos_ONU!$A$426:$A$526,0),MATCH($B13,Datos_ONU!$B$425:$EV$425,0)) -> 1.424 | M13: =IF($A13=100,1,L13/(K13+L13/2)) -> 0.0028357778 | N13: =N12-O12 -> 76019.984 | O13: =N13*M13 -> 215.57578 | P13: =N14+O13/2 -> 75912.197 | Q13: =SUM(P13:P$106) -> 5224842 | R13: =Q13/N13 -> 68.729849 | S13: =INDEX(Datos_ONU!$B$216:$EV$316,MATCH($A13,Datos_ONU!$A$216:$A$316,0),MATCH($B13,Datos_ONU!$B$215:$EV$215,0)) -> 1012.484 | T13: =INDEX(Datos_ONU!$B$531:$EV$631,MATCH($A13,Datos_ONU!$A$531:$A$631,0),MATCH($B13,Datos_ONU!$B$530:$EV$530,0)) -> 2.869 | U13: =IF($A13=100,1,T13/(S13+T13/2)) -> 0.002829616 | V13: =V12-W12 -> 75096.436 | W13: =V13*U13 -> 212.49408 | X13: =V14+W13/2 -> 74990.189 | Y13: =SUM(X13:X$106) -> 4953965.1 | Z13: =Y13/V13 -> 65.968045
A14: 8 | B14: =$D$2+$A14 -> 1958 | C14: =INDEX(Datos_ONU!$B$6:$EV$106,MATCH($A14,Datos_ONU!$A$6:$A$106,0),MATCH($B14,Datos_ONU!$B$5:$EV$5,0)) -> 509.091 | D14: =INDEX(Datos_ONU!$B$321:$EV$421,MATCH($A14,Datos_ONU!$A$321:$A$421,0),MATCH($B14,Datos_ONU!$B$320:$EV$320,0)) -> 1.239 | E14: =IF($A14=100,1,D14/(C14+D14/2)) -> 0.0024307916 | F14: =F13-G13 -> 73996.163 | G14: =F14*E14 -> 179.86925 | H14: =F15+G14/2 -> 73906.228 | I14: =SUM(H14:H$106) -> 4619149.4 | J14: =I14/F14 -> 62.424174 | K14: =INDEX(Datos_ONU!$B$111:$EV$211,MATCH($A14,Datos_ONU!$A$111:$A$211,0),MATCH($B14,Datos_ONU!$B$110:$EV$110,0)) -> 499.566 | L14: =INDEX(Datos_ONU!$B$426:$EV$526,MATCH($A14,Datos_ONU!$A$426:$A$526,0),MATCH($B14,Datos_ONU!$B$425:$EV$425,0)) -> 1.18 | M14: =IF($A14=100,1,L14/(K14+L14/2)) -> 0.0023592639 | N14: =N13-O13 -> 75804.409 | O14: =N14*M14 -> 178.84261 | P14: =N15+O14/2 -> 75714.987 | Q14: =SUM(P14:P$106) -> 5148929.8 | R14: =Q14/N14 -> 67.923884 | S14: =INDEX(Datos_ONU!$B$216:$EV$316,MATCH($A14,Datos_ONU!$A$216:$A$316,0),MATCH($B14,Datos_ONU!$B$215:$EV$215,0)) -> 1008.658 | T14: =INDEX(Datos_ONU!$B$531:$EV$631,MATCH($A14,Datos_ONU!$A$531:$A$631,0),MATCH($B14,Datos_ONU!$B$530:$EV$530,0)) -> 2.419 | U14: =IF($A14=100,1,T14/(S14+T14/2)) -> 0.0023953637 | V14: =V13-W13 -> 74883.942 | W14: =V14*U14 -> 179.37428 | X14: =V15+W14/2 -> 74794.255 | Y14: =SUM(X14:X$106) -> 4878974.9 | Z14: =Y14/V14 -> 65.15382
A15: 9 | B15: =$D$2+$A15 -> 1959 | C15: =INDEX(Datos_ONU!$B$6:$EV$106,MATCH($A15,Datos_ONU!$A$6:$A$106,0),MATCH($B15,Datos_ONU!$B$5:$EV$5,0)) -> 507.317 | D15: =INDEX(Datos_ONU!$B$321:$EV$421,MATCH($A15,Datos_ONU!$A$321:$A$421,0),MATCH($B15,Datos_ONU!$B$320:$EV$320,0)) -> 1.077 | E15: =IF($A15=100,1,D15/(C15+D15/2)) -> 0.002120682 | F15: =F14-G14 -> 73816.294 | G15: =F15*E15 -> 156.54088 | H15: =F16+G15/2 -> 73738.023 | I15: =SUM(H15:H$106) -> 4545243.2 | J15: =I15/F15 -> 61.575066 | K15: =INDEX(Datos_ONU!$B$111:$EV$211,MATCH($A15,Datos_ONU!$A$111:$A$211,0),MATCH($B15,Datos_ONU!$B$110:$EV$110,0)) -> 497.901 | L15: =INDEX(Datos_ONU!$B$426:$EV$526,MATCH($A15,Datos_ONU!$A$426:$A$526,0),MATCH($B15,Datos_ONU!$B$425:$EV$425,0)) -> 0.982 | M15: =IF($A15=100,1,L15/(K15+L15/2)) -> 0.0019703366 | N15: =N14-O14 -> 75625.566 | O15: =N15*M15 -> 149.00782 | P15: =N16+O15/2 -> 75551.062 | Q15: =SUM(P15:P$106) -> 5073214.9 | R15: =Q15/N15 -> 67.083331 | S15: =INDEX(Datos_ONU!$B$216:$EV$316,MATCH($A15,Datos_ONU!$A$216:$A$316,0),MATCH($B15,Datos_ONU!$B$215:$EV$215,0)) -> 1005.218 | T15: =INDEX(Datos_ONU!$B$531:$EV$631,MATCH($A15,Datos_ONU!$A$531:$A$631,0),MATCH($B15,Datos_ONU!$B$530:$EV$530,0)) -> 2.059 | U15: =IF($A15=100,1,T15/(S15+T15/2)) -> 0.0020462163 | V15: =V14-W14 -> 74704.568 | W15: =V15*U15 -> 152.8617 | X15: =V16+W15/2 -> 74628.137 | Y15: =SUM(X15:X$106) -> 4804180.6 | Z15: =Y15/V15 -> 64.309061
A16: 10 | B16: =$D$2+$A16 -> 1960 | C16: =INDEX(Datos_ONU!$B$6:$EV$106,MATCH($A16,Datos_ONU!$A$6:$A$106,0),MATCH($B16,Datos_ONU!$B$5:$EV$5,0)) -> 505.916 | D16: =INDEX(Datos_ONU!$B$321:$EV$421,MATCH($A16,Datos_ONU!$A$321:$A$421,0),MATCH($B16,Datos_ONU!$B$320:$EV$320,0)) -> 0.918 | E16: =IF($A16=100,1,D16/(C16+D16/2)) -> 0.0018128857 | F16: =F15-G15 -> 73659.753 | G16: =F16*E16 -> 133.53671 | H16: =F17+G16/2 -> 73592.985 | I16: =SUM(H16:H$106) -> 4471505.1 | J16: =I16/F16 -> 60.704862 | K16: =INDEX(Datos_ONU!$B$111:$EV$211,MATCH($A16,Datos_ONU!$A$111:$A$211,0),MATCH($B16,Datos_ONU!$B$110:$EV$110,0)) -> 496.391 | L16: =INDEX(Datos_ONU!$B$426:$EV$526,MATCH($A16,Datos_ONU!$A$426:$A$526,0),MATCH($B16,Datos_ONU!$B$425:$EV$425,0)) -> 0.797 | M16: =IF($A16=100,1,L16/(K16+L16/2)) -> 0.0016043012 | N16: =N15-O15 -> 75476.558 | O16: =N16*M16 -> 121.08713 | P16: =N17+O16/2 -> 75416.015 | Q16: =SUM(P16:P$106) -> 4997663.8 | R16: =Q16/N16 -> 66.214781 | S16: =INDEX(Datos_ONU!$B$216:$EV$316,MATCH($A16,Datos_ONU!$A$216:$A$316,0),MATCH($B16,Datos_ONU!$B$215:$EV$215,0)) -> 1002.308 | T16: =INDEX(Datos_ONU!$B$531:$EV$631,MATCH($A16,Datos_ONU!$A$531:$A$631,0),MATCH($B16,Datos_ONU!$B$530:$EV$530,0)) -> 1.716 | U16: =IF($A16=100,1,T16/(S16+T16/2)) -> 0.0017105843 | V16: =V15-W15 -> 74551.706 | W16: =V16*U16 -> 127.52698 | X16: =V17+W16/2 -> 74487.943 | Y16: =SUM(X16:X$106) -> 4729552.5 | Z16: =Y16/V16 -> 63.439896
A17: 11 | B17: =$D$2+$A17 -> 1961 | C17: =INDEX(Datos_ONU!$B$6:$EV$106,MATCH($A17,Datos_ONU!$A$6:$A$106,0),MATCH($B17,Datos_ONU!$B$5:$EV$5,0)) -> 504.926 | D17: =INDEX(Datos_ONU!$B$321:$EV$421,MATCH($A17,Datos_ONU!$A$321:$A$421,0),MATCH($B17,Datos_ONU!$B$320:$EV$320,0)) -> 0.821 | E17: =IF($A17=100,1,D17/(C17+D17/2)) -> 0.00162466 | F17: =F16-G16 -> 73526.216 | G17: =F17*E17 -> 119.4551 | H17: =F18+G17/2 -> 73466.489 | I17: =SUM(H17:H$106) -> 4397912.2 | J17: =I17/F17 -> 59.814205 | K17: =INDEX(Datos_ONU!$B$111:$EV$211,MATCH($A17,Datos_ONU!$A$111:$A$211,0),MATCH($B17,Datos_ONU!$B$110:$EV$110,0)) -> 495.511 | L17: =INDEX(Datos_ONU!$B$426:$EV$526,MATCH($A17,Datos_ONU!$A$426:$A$526,0),MATCH($B17,Datos_ONU!$B$425:$EV$425,0)) -> 0.716 | M17: =IF($A17=100,1,L17/(K17+L17/2)) -> 0.0014439297 | N17: =N16-O16 -> 75355.471 | O17: =N17*M17 -> 108.80801 | P17: =N18+O17/2 -> 75301.067 | Q17: =SUM(P17:P$106) -> 4922247.8 | R17: =Q17/N17 -> 65.320377 | S17: =INDEX(Datos_ONU!$B$216:$EV$316,MATCH($A17,Datos_ONU!$A$216:$A$316,0),MATCH($B17,Datos_ONU!$B$215:$EV$215,0)) -> 1000.438 | T17: =INDEX(Datos_ONU!$B$531:$EV$631,MATCH($A17,Datos_ONU!$A$531:$A$631,0),MATCH($B17,Datos_ONU!$B$530:$EV$530,0)) -> 1.537 | U17: =IF($A17=100,1,T17/(S17+T17/2)) -> 0.0015351478 | V17: =V16-W16 -> 74424.179 | W17: =V17*U17 -> 114.25212 | X17: =V18+W17/2 -> 74367.053 | Y17: =SUM(X17:X$106) -> 4655064.5 | Z17: =Y17/V17 -> 62.547745
A18: 12 | B18: =$D$2+$A18 -> 1962 | C18: =INDEX(Datos_ONU!$B$6:$EV$106,MATCH($A18,Datos_ONU!$A$6:$A$106,0),MATCH($B18,Datos_ONU!$B$5:$EV$5,0)) -> 504.002 | D18: =INDEX(Datos_ONU!$B$321:$EV$421,MATCH($A18,Datos_ONU!$A$321:$A$421,0),MATCH($B18,Datos_ONU!$B$320:$EV$320,0)) -> 0.794 | E18: =IF($A18=100,1,D18/(C18+D18/2)) -> 0.0015741506 | F18: =F17-G17 -> 73406.761 | G18: =F18*E18 -> 115.5533 | H18: =F19+G18/2 -> 73348.985 | I18: =SUM(H18:H$106) -> 4324445.7 | J18: =I18/F18 -> 58.910727 | K18: =INDEX(Datos_ONU!$B$111:$EV$211,MATCH($A18,Datos_ONU!$A$111:$A$211,0),MATCH($B18,Datos_ONU!$B$110:$EV$110,0)) -> 494.697 | L18: =INDEX(Datos_ONU!$B$426:$EV$526,MATCH($A18,Datos_ONU!$A$426:$A$526,0),MATCH($B18,Datos_ONU!$B$425:$EV$425,0)) -> 0.661 | M18: =IF($A18=100,1,L18/(K18+L18/2)) -> 0.0013352794 | N18: =N17-O17 -> 75246.663 | O18: =N18*M18 -> 100.47532 | P18: =N19+O18/2 -> 75196.425 | Q18: =SUM(P18:P$106) -> 4846946.7 | R18: =Q18/N18 -> 64.414108 | S18: =INDEX(Datos_ONU!$B$216:$EV$316,MATCH($A18,Datos_ONU!$A$216:$A$316,0),MATCH($B18,Datos_ONU!$B$215:$EV$215,0)) -> 998.699 | T18: =INDEX(Datos_ONU!$B$531:$EV$631,MATCH($A18,Datos_ONU!$A$531:$A$631,0),MATCH($B18,Datos_ONU!$B$530:$EV$530,0)) -> 1.455 | U18: =IF($A18=100,1,T18/(S18+T18/2)) -> 0.0014558349 | V18: =V17-W17 -> 74309.927 | W18: =V18*U18 -> 108.18299 | X18: =V19+W18/2 -> 74255.835 | Y18: =SUM(X18:X$106) -> 4580697.5 | Z18: =Y18/V18 -> 61.643144
... A105: 99 | B105: =$D$2+$A105 -> 2049 | C105: =INDEX(Datos_ONU!$B$6:$EV$106,MATCH($A105,Datos_ONU!$A$6:$A$106,0),MATCH($B105,Datos_ONU!$B$5:$EV$5,0)) -> 7.36 | D105: =INDEX(Datos_ONU!$B$321:$EV$421,MATCH($A105,Datos_ONU!$A$321:$A$421,0),MATCH($B105,Datos_ONU!$B$320:$EV$320,0)) -> 2.437 | E105: =IF($A105=100,1,D105/(C105+D105/2)) -> 0.2840823 | F105: =F104-G104 -> 1470.0092 | G105: =F105*E105 -> 417.60359 | H105: =F106+G105/2 -> 1261.2074 | I105: =SUM(H105:H$106) -> 1787.4102 | J105: =I105/F105 -> 1.2159177 | K105: =INDEX(Datos_ONU!$B$111:$EV$211,MATCH($A105,Datos_ONU!$A$111:$A$211,0),MATCH($B105,Datos_ONU!$B$110:$EV$110,0)) -> 7.885 | L105: =INDEX(Datos_ONU!$B$426:$EV$526,MATCH($A105,Datos_ONU!$A$426:$A$526,0),MATCH($B105,Datos_ONU!$B$425:$EV$425,0)) -> 3.147 | M105: =IF($A105=100,1,L105/(K105+L105/2)) -> 0.3327166 | N105: =N104-O104 -> 1685.8857 | O105: =N105*M105 -> 560.92216 | P105: =N106+O105/2 -> 1405.4246 | Q105: =SUM(P105:P$106) -> 1967.9064 | R105: =Q105/N105 -> 1.1672834 | S105: =INDEX(Datos_ONU!$B$216:$EV$316,MATCH($A105,Datos_ONU!$A$216:$A$316,0),MATCH($B105,Datos_ONU!$B$215:$EV$215,0)) -> 15.245 | T105: =INDEX(Datos_ONU!$B$531:$EV$631,MATCH($A105,Datos_ONU!$A$531:$A$631,0),MATCH($B105,Datos_ONU!$B$530:$EV$530,0)) -> 5.584 | U105: =IF($A105=100,1,T105/(S105+T105/2)) -> 0.30958585 | V105: =V104-W104 -> 1575.849 | W105: =V105*U105 -> 487.86057 | X105: =V106+W105/2 -> 1331.9188 | Y105: =SUM(X105:X$106) -> 1875.913 | Z105: =Y105/V105 -> 1.1904141
A106: 100 | B106: =$D$2+$A106 -> 2050 | C106: =INDEX(Datos_ONU!$B$6:$EV$106,MATCH($A106,Datos_ONU!$A$6:$A$106,0),MATCH($B106,Datos_ONU!$B$5:$EV$5,0)) -> 13.771 | D106: =INDEX(Datos_ONU!$B$321:$EV$421,MATCH($A106,Datos_ONU!$A$321:$A$421,0),MATCH($B106,Datos_ONU!$B$320:$EV$320,0)) -> 5.57 | E106: =IF($A106=100,1,D106/(C106+D106/2)) -> 1 | F106: =F105-G105 -> 1052.4056 | G106: =F106*E106 -> 1052.4056 | H106: =G106/2 -> 526.2028 | I106: =SUM(H106:H$106) -> 526.2028 | J106: =I106/F106 -> 0.5 | K106: =INDEX(Datos_ONU!$B$111:$EV$211,MATCH($A106,Datos_ONU!$A$111:$A$211,0),MATCH($B106,Datos_ONU!$B$110:$EV$110,0)) -> 13.957 | L106: =INDEX(Datos_ONU!$B$426:$EV$526,MATCH($A106,Datos_ONU!$A$426:$A$526,0),MATCH($B106,Datos_ONU!$B$425:$EV$425,0)) -> 5.526 | M106: =IF($A106=100,1,L106/(K106+L106/2)) -> 1 | N106: =N105-O105 -> 1124.9635 | O106: =N106*M106 -> 1124.9635 | P106: =O106/2 -> 562.48176 | Q106: =SUM(P106:P$106) -> 562.48176 | R106: =Q106/N106 -> 0.5 | S106: =INDEX(Datos_ONU!$B$216:$EV$316,MATCH($A106,Datos_ONU!$A$216:$A$316,0),MATCH($B106,Datos_ONU!$B$215:$EV$215,0)) -> 27.729 | T106: =INDEX(Datos_ONU!$B$531:$EV$631,MATCH($A106,Datos_ONU!$A$531:$A$631,0),MATCH($B106,Datos_ONU!$B$530:$EV$530,0)) -> 11.096 | U106: =IF($A106=100,1,T106/(S106+T106/2)) -> 1 | V106: =V105-W105 -> 1087.9885 | W106: =V106*U106 -> 1087.9885 | X106: =W106/2 -> 543.99424 | Y106: =SUM(X106:X$106) -> 543.99424 | Z106: =Y106/V106 -> 0.5
A108: Notas: qx = defunciones / (población a mitad de año + defunciones/2); edad 100 = grupo abierto (qx = 1, Lx = dx/2). lx(x+1) = lx − dx; Lx = l(x+1) + dx/2; Tx = suma de Lx desde x; ex = Tx/lx. Población y defunciones se leen de la hoja Datos_ONU en el año g + x.

Sheet Gen_1960
A1: Tabla de mortalidad de la generación 1960 - México (ONU WPP 2024)
A2: Generación (año de nacimiento): | D2: 1960 | F2: Radix: | G2: =Radix -> 100000
E3: e0: | F3: =J6 -> 60.010149 | G3: Control Σdx−radix: | I3: =SUM(G6:G106)-Radix -> 0 | M3: e0: | N3: =R6 -> 66.41444 | O3: Control Σdx−radix: | Q3: =SUM(O6:O106)-Radix -> 0 | U3: e0: | V3: =Z6 -> 63.20282 | W3: Control Σdx−radix: | Y3: =SUM(W6:W106)-Radix -> 0
C4: Hombres | K4: Mujeres | S4: Ambos sexos
A5: Edad x | B5: Año calendario | C5: Población a mitad de año (miles) | D5: Defunciones (miles) | E5: qx | F5: lx | G5: dx | H5: Lx | I5: Tx | J5: ex | K5: Población a mitad de año (miles) | L5: Defunciones (miles) | M5: qx | N5: lx | O5: dx | P5: Lx | Q5: Tx | R5: ex | S5: Población a mitad de año (miles) | T5: Defunciones (miles) | U5: qx | V5: lx | W5: dx | X5: Lx | Y5: Tx | Z5: ex
A6: 0 | B6: =$D$2+$A6 -> 1960 | C6: =INDEX(Datos_ONU!$B$6:$EV$106,MATCH($A6,Datos_ONU!$A$6:$A$106,0),MATCH($B6,Datos_ONU!$B$5:$EV$5,0)) -> 791.372 | D6: =INDEX(Datos_ONU!$B$321:$EV$421,MATCH($A6,Datos_ONU!$A$321:$A$421,0),MATCH($B6,Datos_ONU!$B$320:$EV$320,0)) -> 100.915 | E6: =IF($A6=100,1,D6/(C6+D6/2)) -> 0.11987582 | F6: =Radix -> 100000 | G6: =F6*E6 -> 11987.582 | H6: =F7+G6/2 -> 94006.209 | I6: =SUM(H6:H$106) -> 6001014.9 | J6: =I6/F6 -> 60.010149 | K6: =INDEX(Datos_ONU!$B$111:$EV$211,MATCH($A6,Datos_ONU!$A$111:$A$211,0),MATCH($B6,Datos_ONU!$B$110:$EV$110,0)) -> 772.698 | L6: =INDEX(Datos_ONU!$B$426:$EV$526,MATCH($A6,Datos_ONU!$A$426:$A$526,0),MATCH($B6,Datos_ONU!$B$425:$EV$425,0)) -> 86.328 | M6: =IF($A6=100,1,L6/(K6+L6/2)) -> 0.10581201 | N6: =Radix -> 100000 | O6: =N6*M6 -> 10581.201 | P6: =N7+O6/2 -> 94709.399 | Q6: =SUM(P6:P$106) -> 6641444 | R6: =Q6/N6 -> 66.41444 | S6: =INDEX(Datos_ONU!$B$216:$EV$316,MATCH($A6,Datos_ONU!$A$216:$A$316,0),MATCH($B6,Datos_ONU!$B$215:$EV$215,0)) -> 1564.071 | T6: =INDEX(Datos_ONU!$B$531:$EV$631,MATCH($A6,Datos_ONU!$A$531:$A$631,0),MATCH($B6,Datos_ONU!$B$530:$EV$530,0)) -> 187.244 | U6: =IF($A6=100,1,T6/(S6+T6/2)) -> 0.11295457 | V6: =Radix -> 100000 | W6: =V6*U6 -> 11295.457 | X6: =V7+W6/2 -> 94352.272 | Y6: =SUM(X6:X$106) -> 6320282 | Z6: =Y6/V6 -> 63.20282
A7: 1 | B7: =$D$2+$A7 -> 1961 | C7: =INDEX(Datos_ONU!$B$6:$EV$106,MATCH($A7,Datos_ONU!$A$6:$A$106,0),MATCH($B7,Datos_ONU!$B$5:$EV$5,0)) -> 753.311 | D7: =INDEX(Datos_ONU!$B$321:$EV$421,MATCH($A7,Datos_ONU!$A$321:$A$421,0),MATCH($B7,Datos_ONU!$B$320:$EV$320,0)) -> 15.801 | E7: =IF($A7=100,1,D7/(C7+D7/2)) -> 0.0207577 | F7: =F6-G6 -> 88012.418 | G7: =F7*E7 -> 1826.9354 | H7: =F8+G7/2 -> 87098.951 | I7: =SUM(H7:H$106) -> 5907008.7 | J7: =I7/F7 -> 67.115627 | K7: =INDEX(Datos_ONU!$B$111:$EV$211,MATCH($A7,Datos_ONU!$A$111:$A$211,0),MATCH($B7,Datos_ONU!$B$110:$EV$110,0)) -> 738.135 | L7: =INDEX(Datos_ONU!$B$426:$EV$526,MATCH($A7,Datos_ONU!$A$426:$A$526,0),MATCH($B7,Datos_ONU!$B$425:$EV$425,0)) -> 14.829 | M7: =IF($A7=100,1,L7/(K7+L7/2)) -> 0.019890027 | N7: =N6-O6 -> 89418.799 | O7: =N7*M7 -> 1778.5424 | P7: =N8+O7/2 -> 88529.528 | Q7: =SUM(P7:P$106) -> 6546734.6 | R7: =Q7/N7 -> 73.214298 | S7: =INDEX(Datos_ONU!$B$216:$EV$316,MATCH($A7,Datos_ONU!$A$216:$A$316,0),MATCH($B7,Datos_ONU!$B$215:$EV$215,0)) -> 1491.446 | T7: =INDEX(Datos_ONU!$B$531:$EV$631,MATCH($A7,Datos_ONU!$A$531:$A$631,0),MATCH($B7,Datos_ONU!$B$530:$EV$530,0)) -> 30.629 | U7: =IF($A7=100,1,T7/(S7+T7/2)) -> 0.020327716 | V7: =V6-W6 -> 88704.543 | W7: =V7*U7 -> 1803.1608 | X7: =V8+W7/2 -> 87802.963 | Y7: =SUM(X7:X$106) -> 6225929.7 | Z7: =Y7/V7 -> 70.18727
A8: 2 | B8: =$D$2+$A8 -> 1962 | C8: =INDEX(Datos_ONU!$B$6:$EV$106,MATCH($A8,Datos_ONU!$A$6:$A$106,0),MATCH($B8,Datos_ONU!$B$5:$EV$5,0)) -> 740.375 | D8: =INDEX(Datos_ONU!$B$321:$EV$421,MATCH($A8,Datos_ONU!$A$321:$A$421,0),MATCH($B8,Datos_ONU!$B$320:$EV$320,0)) -> 9.649 | E8: =IF($A8=100,1,D8/(C8+D8/2)) -> 0.012948211 | F8: =F7-G7 -> 86185.483 | G8: =F8*E8 -> 1115.9478 | H8: =F9+G8/2 -> 85627.509 | I8: =SUM(H8:H$106) -> 5819909.7 | J8: =I8/F8 -> 67.527727 | K8: =INDEX(Datos_ONU!$B$111:$EV$211,MATCH($A8,Datos_ONU!$A$111:$A$211,0),MATCH($B8,Datos_ONU!$B$110:$EV$110,0)) -> 725.912 | L8: =INDEX(Datos_ONU!$B$426:$EV$526,MATCH($A8,Datos_ONU!$A$426:$A$526,0),MATCH($B8,Datos_ONU!$B$425:$EV$425,0)) -> 9.213 | M8: =IF($A8=100,1,L8/(K8+L8/2)) -> 0.01261159 | N8: =N7-O7 -> 87640.256 | O8: =N8*M8 -> 1105.283 | P8: =N9+O8/2 -> 87087.615 | Q8: =SUM(P8:P$106) -> 6458205.1 | R8: =Q8/N8 -> 73.689938 | S8: =INDEX(Datos_ONU!$B$216:$EV$316,MATCH($A8,Datos_ONU!$A$216:$A$316,0),MATCH($B8,Datos_ONU!$B$215:$EV$215,0)) -> 1466.287 | T8: =INDEX(Datos_ONU!$B$531:$EV$631,MATCH($A8,Datos_ONU!$A$531:$A$631,0),MATCH($B8,Datos_ONU!$B$530:$EV$530,0)) -> 18.862 | U8: =IF($A8=100,1,T8/(S8+T8/2)) -> 0.012781575 | V8: =V7-W7 -> 86901.382 | W8: =V8*U8 -> 1110.7365 | X8: =V9+W8/2 -> 86346.014 | Y8: =SUM(X8:X$106) -> 6138126.8 | Z8: =Y8/V8 -> 70.633247
A9: 3 | B9: =$D$2+$A9 -> 1963 | C9: =INDEX(Datos_ONU!$B$6:$EV$106,MATCH($A9,Datos_ONU!$A$6:$A$106,0),MATCH($B9,Datos_ONU!$B$5:$EV$5,0)) -> 732.254 | D9: =INDEX(Datos_ONU!$B$321:$EV$421,MATCH($A9,Datos_ONU!$A$321:$A$421,0),MATCH($B9,Datos_ONU!$B$320:$EV$320,0)) -> 6.104 | E9: =IF($A9=100,1,D9/(C9+D9/2)) -> 0.0083013059 | F9: =F8-G8 -> 85069.535 | G9: =F9*E9 -> 706.18823 | H9: =F10+G9/2 -> 84716.441 | I9: =SUM(H9:H$106) -> 5734282.2 | J9: =I9/F9 -> 67.407001 | K9: =INDEX(Datos_ONU!$B$111:$EV$211,MATCH($A9,Datos_ONU!$A$111:$A$211,0),MATCH($B9,Datos_ONU!$B$110:$EV$110,0)) -> 718.092 | L9: =INDEX(Datos_ONU!$B$426:$EV$526,MATCH($A9,Datos_ONU!$A$426:$A$526,0),MATCH($B9,Datos_ONU!$B$425:$EV$425,0)) -> 5.927 | M9: =IF($A9=100,1,L9/(K9+L9/2)) -> 0.0082198943 | N9: =N8-O8 -> 86534.973 | O9: =N9*M9 -> 711.30834 | P9: =N10+O9/2 -> 86179.319 | Q9: =SUM(P9:P$106) -> 6371117.5 | R9: =Q9/N9 -> 73.624769 | S9: =INDEX(Datos_ONU!$B$216:$EV$316,MATCH($A9,Datos_ONU!$A$216:$A$316,0),MATCH($B9,Datos_ONU!$B$215:$EV$215,0)) -> 1450.346 | T9: =INDEX(Datos_ONU!$B$531:$EV$631,MATCH($A9,Datos_ONU!$A$531:$A$631,0),MATCH($B9,Datos_ONU!$B$530:$EV$530,0)) -> 12.031 | U9: =IF($A9=100,1,T9/(S9+T9/2)) -> 0.0082609984 | V9: =V8-W8 -> 85790.646 | W9: =V9*U9 -> 708.71639 | X9: =V10+W9/2 -> 85436.288 | Y9: =SUM(X9:X$106) -> 6051780.8 | Z9: =Y9/V9 -> 70.541266
A10: 4 | B10: =$D$2+$A10 -> 1964 | C10: =INDEX(Datos_ONU!$B$6:$EV$106,MATCH($A10,Datos_ONU!$A$6:$A$106,0),MATCH($B10,Datos_ONU!$B$5:$EV$5,0)) -> 726.944 | D10: =INDEX(Datos_ONU!$B$321:$EV$421,MATCH($A10,Datos_ONU!$A$321:$A$421,0),MATCH($B10,Datos_ONU!$B$320:$EV$320,0)) -> 3.999 | E10: =IF($A10=100,1,D10/(C10+D10/2)) -> 0.0054860219 | F10: =F9-G9 -> 84363.347 | G10: =F10*E10 -> 462.81917 | H10: =F11+G10/2 -> 84131.937 | I10: =SUM(H10:H$106) -> 5649565.8 | J10: =I10/F10 -> 66.967065 | K10: =INDEX(Datos_ONU!$B$111:$EV$211,MATCH($A10,Datos_ONU!$A$111:$A$211,0),MATCH($B10,Datos_ONU!$B$110:$EV$110,0)) -> 712.909 | L10: =INDEX(Datos_ONU!$B$426:$EV$526,MATCH($A10,Datos_ONU!$A$426:$A$526,0),MATCH($B10,Datos_ONU!$B$425:$EV$425,0)) -> 3.922 | M10: =IF($A10=100,1,L10/(K10+L10/2)) -> 0.0054863122 | N10: =N9-O9 -> 85823.665 | O10: =N10*M10 -> 470.85542 | P10: =N11+O10/2 -> 85588.237 | Q10: =SUM(P10:P$106) -> 6284938.1 | R10: =Q10/N10 -> 73.230829 | S10: =INDEX(Datos_ONU!$B$216:$EV$316,MATCH($A10,Datos_ONU!$A$216:$A$316,0),MATCH($B10,Datos_ONU!$B$215:$EV$215,0)) -> 1439.853 | T10: =INDEX(Datos_ONU!$B$531:$EV$631,MATCH($A10,Datos_ONU!$A$531:$A$631,0),MATCH($B10,Datos_ONU!$B$530:$EV$530,0)) -> 7.921 | U10: =IF($A10=100,1,T10/(S10+T10/2)) -> 0.0054861656 | V10: =V9-W9 -> 85081.929 | W10: =V10*U10 -> 466.77356 | X10: =V11+W10/2 -> 84848.543 | Y10: =SUM(X10:X$106) -> 5966344.5 | Z10: =Y10/V10 -> 70.124697
A11: 5 | B11: =$D$2+$A11 -> 1965 | C11: =INDEX(Datos_ONU!$B$6:$EV$106,MATCH($A11,Datos_ONU!$A$6:$A$106,0),MATCH($B11,Datos_ONU!$B$5:$EV$5,0)) -> 723.329 | D11: =INDEX(Datos_ONU!$B$321:$EV$421,MATCH($A11,Datos_ONU!$A$321:$A$421,0),MATCH($B11,Datos_ONU!$B$320:$EV$320,0)) -> 2.733 | E11: =IF($A11=100,1,D11/(C11+D11/2)) -> 0.0037712391 | F11: =F10-G10 -> 83900.528 | G11: =F11*E11 -> 316.40895 | H11: =F12+G11/2 -> 83742.323 | I11: =SUM(H11:H$106) -> 5565433.8 | J11: =I11/F11 -> 66.333717 | K11: =INDEX(Datos_ONU!$B$111:$EV$211,MATCH($A11,Datos_ONU!$A$111:$A$211,0),MATCH($B11,Datos_ONU!$B$110:$EV$110,0)) -> 709.39 | L11: =INDEX(Datos_ONU!$B$426:$EV$526,MATCH($A11,Datos_ONU!$A$426:$A$526,0),MATCH($B11,Datos_ONU!$B$425:$EV$425,0)) -> 2.617 | M11: =IF($A11=100,1,L11/(K11+L11/2)) -> 0.0036822928 | N11: =N10-O10 -> 85352.81 | O11: =N11*M11 -> 314.29404 | P11: =N12+O11/2 -> 85195.663 | Q11: =SUM(P11:P$106) -> 6199349.9 | R11: =Q11/N11 -> 72.632054 | S11: =INDEX(Datos_ONU!$B$216:$EV$316,MATCH($A11,Datos_ONU!$A$216:$A$316,0),MATCH($B11,Datos_ONU!$B$215:$EV$215,0)) -> 1432.719 | T11: =INDEX(Datos_ONU!$B$531:$EV$631,MATCH($A11,Datos_ONU!$A$531:$A$631,0),MATCH($B11,Datos_ONU!$B$530:$EV$530,0)) -> 5.35 | U11: =IF($A11=100,1,T11/(S11+T11/2)) -> 0.0037271996 | V11: =V10-W10 -> 84615.156 | W11: =V11*U11 -> 315.37758 | X11: =V12+W11/2 -> 84457.467 | Y11: =SUM(X11:X$106) -> 5881495.9 | Z11: =Y11/V11 -> 69.508776
A12: 6 | B12: =$D$2+$A12 -> 1966 | C12: =INDEX(Datos_ONU!$B$6:$EV$106,MATCH($A12,Datos_ONU!$A$6:$A$106,0),MATCH($B12,Datos_ONU!$B$5:$EV$5,0)) -> 720.763 | D12: =INDEX(Datos_ONU!$B$321:$EV$421,MATCH($A12,Datos_ONU!$A$321:$A$421,0),MATCH($B12,Datos_ONU!$B$320:$EV$320,0)) -> 1.919 | E12: =IF($A12=100,1,D12/(C12+D12/2)) -> 0.0026589167 | F12: =F11-G11 -> 83584.119 | G12: =F12*E12 -> 222.24321 | H12: =F13+G12/2 -> 83472.997 | I12: =SUM(H12:H$106) -> 5481691.5 | J12: =I12/F12 -> 65.582931 | K12: =INDEX(Datos_ONU!$B$111:$EV$211,MATCH($A12,Datos_ONU!$A$111:$A$211,0),MATCH($B12,Datos_ONU!$B$110:$EV$110,0)) -> 706.955 | L12: =INDEX(Datos_ONU!$B$426:$EV$526,MATCH($A12,Datos_ONU!$A$426:$A$526,0),MATCH($B12,Datos_ONU!$B$425:$EV$425,0)) -> 1.779 | M12: =IF($A12=100,1,L12/(K12+L12/2)) -> 0.0025132639 | N12: =N11-O11 -> 85038.516 | O12: =N12*M12 -> 213.72423 | P12: =N13+O12/2 -> 84931.653 | Q12: =SUM(P12:P$106) -> 6114154.2 | R12: =Q12/N12 -> 71.898647 | S12: =INDEX(Datos_ONU!$B$216:$EV$316,MATCH($A12,Datos_ONU!$A$216:$A$316,0),MATCH($B12,Datos_ONU!$B$215:$EV$215,0)) -> 1427.718 | T12: =INDEX(Datos_ONU!$B$531:$EV$631,MATCH($A12,Datos_ONU!$A$531:$A$631,0),MATCH($B12,Datos_ONU!$B$530:$EV$530,0)) -> 3.698 | U12: =IF($A12=100,1,T12/(S12+T12/2)) -> 0.0025867973 | V12: =V11-W11 -> 84299.778 | W12: =V12*U12 -> 218.06644 | X12: =V13+W12/2 -> 84190.745 | Y12: =SUM(X12:X$106) -> 5797038.5 | Z12: =Y12/V12 -> 68.766948
A13: 7 | B13: =$D$2+$A13 -> 1967 | C13: =INDEX(Datos_ONU!$B$6:$EV$106,MATCH($A13,Datos_ONU!$A$6:$A$106,0),MATCH($B13,Datos_ONU!$B$5:$EV$5,0)) -> 718.79 | D13: =INDEX(Datos_ONU!$B$321:$EV$421,MATCH($A13,Datos_ONU!$A$321:$A$421,0),MATCH($B13,Datos_ONU!$B$320:$EV$320,0)) -> 1.548 | E13: =IF($A13=100,1,D13/(C13+D13/2)) -> 0.0021513027 | F13: =F12-G12 -> 83361.875 | G13: =F13*E13 -> 179.33663 | H13: =F14+G13/2 -> 83272.207 | I13: =SUM(H13:H$106) -> 5398218.5 | J13: =I13/F13 -> 64.756443 | K13: =INDEX(Datos_ONU!$B$111:$EV$211,MATCH($A13,Datos_ONU!$A$111:$A$211,0),MATCH($B13,Datos_ONU!$B$110:$EV$110,0)) -> 705.142 | L13: =INDEX(Datos_ONU!$B$426:$EV$526,MATCH($A13,Datos_ONU!$A$426:$A$526,0),MATCH($B13,Datos_ONU!$B$425:$EV$425,0)) -> 1.364 | M13: =IF($A13=100,1,L13/(K13+L13/2)) -> 0.0019324931 | N13: =N12-O12 -> 84824.791 | O13: =N13*M13 -> 163.92332 | P13: =N14+O13/2 -> 84742.83 | Q13: =SUM(P13:P$106) -> 6029222.6 | R13: =Q13/N13 -> 71.078543 | S13: =INDEX(Datos_ONU!$B$216:$EV$316,MATCH($A13,Datos_ONU!$A$216:$A$316,0),MATCH($B13,Datos_ONU!$B$215:$EV$215,0)) -> 1423.932 | T13: =INDEX(Datos_ONU!$B$531:$EV$631,MATCH($A13,Datos_ONU!$A$531:$A$631,0),MATCH($B13,Datos_ONU!$B$530:$EV$530,0)) -> 2.912 | U13: =IF($A13=100,1,T13/(S13+T13/2)) -> 0.0020429525 | V13: =V12-W12 -> 84081.712 | W13: =V13*U13 -> 171.77494 | X13: =V14+W13/2 -> 83995.824 | Y13: =SUM(X13:X$106) -> 5712847.7 | Z13: =Y13/V13 -> 67.943999
A14: 8 | B14: =$D$2+$A14 -> 1968 | C14: =INDEX(Datos_ONU!$B$6:$EV$106,MATCH($A14,Datos_ONU!$A$6:$A$106,0),MATCH($B14,Datos_ONU!$B$5:$EV$5,0)) -> 717.133 | D14: =INDEX(Datos_ONU!$B$321:$EV$421,MATCH($A14,Datos_ONU!$A$321:$A$421,0),MATCH($B14,Datos_ONU!$B$320:$EV$320,0)) -> 1.297 | E14: =IF($A14=100,1,D14/(C14+D14/2)) -> 0.0018069566 | F14: =F13-G13 -> 83182.539 | G14: =F14*E14 -> 150.30724 | H14: =F15+G14/2 -> 83107.385 | I14: =SUM(H14:H$106) -> 5314946.3 | J14: =I14/F14 -> 63.894976 | K14: =INDEX(Datos_ONU!$B$111:$EV$211,MATCH($A14,Datos_ONU!$A$111:$A$211,0),MATCH($B14,Datos_ONU!$B$110:$EV$110,0)) -> 703.674 | L14: =INDEX(Datos_ONU!$B$426:$EV$526,MATCH($A14,Datos_ONU!$A$426:$A$526,0),MATCH($B14,Datos_ONU!$B$425:$EV$425,0)) -> 1.106 | M14: =IF($A14=100,1,L14/(K14+L14/2)) -> 0.0015705163 | N14: =N13-O13 -> 84660.868 | O14: =N14*M14 -> 132.96128 | P14: =N15+O14/2 -> 84594.387 | Q14: =SUM(P14:P$106) -> 5944479.8 | R14: =Q14/N14 -> 70.2152 | S14: =INDEX(Datos_ONU!$B$216:$EV$316,MATCH($A14,Datos_ONU!$A$216:$A$316,0),MATCH($B14,Datos_ONU!$B$215:$EV$215,0)) -> 1420.807 | T14: =INDEX(Datos_ONU!$B$531:$EV$631,MATCH($A14,Datos_ONU!$A$531:$A$631,0),MATCH($B14,Datos_ONU!$B$530:$EV$530,0)) -> 2.403 | U14: =IF($A14=100,1,T14/(S14+T14/2)) -> 0.0016898633 | V14: =V13-W13 -> 83909.937 | W14: =V14*U14 -> 141.79632 | X14: =V15+W14/2 -> 83839.039 | Y14: =SUM(X14:X$106) -> 5628851.9 | Z14: =Y14/V14 -> 67.082066
A15: 9 | B15: =$D$2+$A15 -> 1969 | C15: =INDEX(Datos_ONU!$B$6:$EV$106,MATCH($A15,Datos_ONU!$A$6:$A$106,0),MATCH($B15,Datos_ONU!$B$5:$EV$5,0)) -> 715.644 | D15: =INDEX(Datos_ONU!$B$321:$EV$421,MATCH($A15,Datos_ONU!$A$321:$A$421,0),MATCH($B15,Datos_ONU!$B$320:$EV$320,0)) -> 1.189 | E15: =IF($A15=100,1,D15/(C15+D15/2)) -> 0.0016600616 | F15: =F14-G14 -> 83032.232 | G15: =F15*E15 -> 137.83862 | H15: =F16+G15/2 -> 82963.312 | I15: =SUM(H15:H$106) -> 5231838.9 | J15: =I15/F15 -> 63.009735 | K15: =INDEX(Datos_ONU!$B$111:$EV$211,MATCH($A15,Datos_ONU!$A$111:$A$211,0),MATCH($B15,Datos_ONU!$B$110:$EV$110,0)) -> 702.378 | L15: =INDEX(Datos_ONU!$B$426:$EV$526,MATCH($A15,Datos_ONU!$A$426:$A$526,0),MATCH($B15,Datos_ONU!$B$425:$EV$425,0)) -> 0.998 | M15: =IF($A15=100,1,L15/(K15+L15/2)) -> 0.0014198786 | N15: =N14-O14 -> 84527.907 | O15: =N15*M15 -> 120.01936 | P15: =N16+O15/2 -> 84467.897 | Q15: =SUM(P15:P$106) -> 5859885.4 | R15: =Q15/N15 -> 69.324861 | S15: =INDEX(Datos_ONU!$B$216:$EV$316,MATCH($A15,Datos_ONU!$A$216:$A$316,0),MATCH($B15,Datos_ONU!$B$215:$EV$215,0)) -> 1418.022 | T15: =INDEX(Datos_ONU!$B$531:$EV$631,MATCH($A15,Datos_ONU!$A$531:$A$631,0),MATCH($B15,Datos_ONU!$B$530:$EV$530,0)) -> 2.187 | U15: =IF($A15=100,1,T15/(S15+T15/2)) -> 0.0015411008 | V15: =V14-W14 -> 83768.14 | W15: =V15*U15 -> 129.09515 | X15: =V16+W15/2 -> 83703.593 | Y15: =SUM(X15:X$106) -> 5545012.9 | Z15: =Y15/V15 -> 66.194771
A16: 10 | B16: =$D$2+$A16 -> 1970 | C16: =INDEX(Datos_ONU!$B$6:$EV$106,MATCH($A16,Datos_ONU!$A$6:$A$106,0),MATCH($B16,Datos_ONU!$B$5:$EV$5,0)) -> 714.283 | D16: =INDEX(Datos_ONU!$B$321:$EV$421,MATCH($A16,Datos_ONU!$A$321:$A$421,0),MATCH($B16,Datos_ONU!$B$320:$EV$320,0)) -> 1.026 | E16: =IF($A16=100,1,D16/(C16+D16/2)) -> 0.0014353746 | F16: =F15-G15 -> 82894.393 | G16: =F16*E16 -> 118.9845 | H16: =F17+G16/2 -> 82834.901 | I16: =SUM(H16:H$106) -> 5148875.6 | J16: =I16/F16 -> 62.113678 | K16: =INDEX(Datos_ONU!$B$111:$EV$211,MATCH($A16,Datos_ONU!$A$111:$A$211,0),MATCH($B16,Datos_ONU!$B$110:$EV$110,0)) -> 701.194 | L16: =INDEX(Datos_ONU!$B$426:$EV$526,MATCH($A16,Datos_ONU!$A$426:$A$526,0),MATCH($B16,Datos_ONU!$B$425:$EV$425,0)) -> 0.856 | M16: =IF($A16=100,1,L16/(K16+L16/2)) -> 0.0012200302 | N16: =N15-O15 -> 84407.887 | O16: =N16*M16 -> 102.98017 | P16: =N17+O16/2 -> 84356.397 | Q16: =SUM(P16:P$106) -> 5775417.5 | R16: =Q16/N16 -> 68.422723 | S16: =INDEX(Datos_ONU!$B$216:$EV$316,MATCH($A16,Datos_ONU!$A$216:$A$316,0),MATCH($B16,Datos_ONU!$B$215:$EV$215,0)) -> 1415.476 | T16: =INDEX(Datos_ONU!$B$531:$EV$631,MATCH($A16,Datos_ONU!$A$531:$A$631,0),MATCH($B16,Datos_ONU!$B$530:$EV$530,0)) -> 1.883 | U16: =IF($A16=100,1,T16/(S16+T16/2)) -> 0.0013294103 | V16: =V15-W15 -> 83639.045 | W16: =V16*U16 -> 111.19061 | X16: =V17+W16/2 -> 83583.45 | Y16: =SUM(X16:X$106) -> 5461309.3 | Z16: =Y16/V16 -> 65.296169
A17: 11 | B17: =$D$2+$A17 -> 1971 | C17: =INDEX(Datos_ONU!$B$6:$EV$106,MATCH($A17,Datos_ONU!$A$6:$A$106,0),MATCH($B17,Datos_ONU!$B$5:$EV$5,0)) -> 712.979 | D17: =INDEX(Datos_ONU!$B$321:$EV$421,MATCH($A17,Datos_ONU!$A$321:$A$421,0),MATCH($B17,Datos_ONU!$B$320:$EV$320,0)) -> 0.988 | E17: =IF($A17=100,1,D17/(C17+D17/2)) -> 0.0013847756 | F17: =F16-G16 -> 82775.408 | G17: =F17*E17 -> 114.62537 | H17: =F18+G17/2 -> 82718.096 | I17: =SUM(H17:H$106) -> 5066040.7 | J17: =I17/F17 -> 61.202243 | K17: =INDEX(Datos_ONU!$B$111:$EV$211,MATCH($A17,Datos_ONU!$A$111:$A$211,0),MATCH($B17,Datos_ONU!$B$110:$EV$110,0)) -> 700.063 | L17: =INDEX(Datos_ONU!$B$426:$EV$526,MATCH($A17,Datos_ONU!$A$426:$A$526,0),MATCH($B17,Datos_ONU!$B$425:$EV$425,0)) -> 0.79 | M17: =IF($A17=100,1,L17/(K17+L17/2)) -> 0.0011278335 | N17: =N16-O16 -> 84304.907 | O17: =N17*M17 -> 95.081899 | P17: =N18+O17/2 -> 84257.366 | Q17: =SUM(P17:P$106) -> 5691061.1 | R17: =Q17/N17 -> 67.505692 | S17: =INDEX(Datos_ONU!$B$216:$EV$316,MATCH($A17,Datos_ONU!$A$216:$A$316,0),MATCH($B17,Datos_ONU!$B$215:$EV$215,0)) -> 1413.042 | T17: =INDEX(Datos_ONU!$B$531:$EV$631,MATCH($A17,Datos_ONU!$A$531:$A$631,0),MATCH($B17,Datos_ONU!$B$530:$EV$530,0)) -> 1.778 | U17: =IF($A17=100,1,T17/(S17+T17/2)) -> 0.0012574871 | V17: =V16-W16 -> 83527.855 | W17: =V17*U17 -> 105.0352 | X17: =V18+W17/2 -> 83475.337 | Y17: =SUM(X17:X$106) -> 5377725.8 | Z17: =Y17/V17 -> 64.382425
A18: 12 | B18: =$D$2+$A18 -> 1972 | C18: =INDEX(Datos_ONU!$B$6:$EV$106,MATCH($A18,Datos_ONU!$A$6:$A$106,0),MATCH($B18,Datos_ONU!$B$5:$EV$5,0)) -> 711.616 | D18: =INDEX(Datos_ONU!$B$321:$EV$421,MATCH($A18,Datos_ONU!$A$321:$A$421,0),MATCH($B18,Datos_ONU!$B$320:$EV$320,0)) -> 0.982 | E18: =IF($A18=100,1,D18/(C18+D18/2)) -> 0.0013790062 | F18: =F17-G17 -> 82660.783 | G18: =F18*E18 -> 113.98974 | H18: =F19+G18/2 -> 82603.788 | I18: =SUM(H18:H$106) -> 4983322.6 | J18: =I18/F18 -> 60.286419 | K18: =INDEX(Datos_ONU!$B$111:$EV$211,MATCH($A18,Datos_ONU!$A$111:$A$211,0),MATCH($B18,Datos_ONU!$B$110:$EV$110,0)) -> 698.896 | L18: =INDEX(Datos_ONU!$B$426:$EV$526,MATCH($A18,Datos_ONU!$A$426:$A$526,0),MATCH($B18,Datos_ONU!$B$425:$EV$425,0)) -> 0.736 | M18: =IF($A18=100,1,L18/(K18+L18/2)) -> 0.0010525352 | N18: =N17-O17 -> 84209.825 | O18: =N18*M18 -> 88.633808 | P18: =N19+O18/2 -> 84165.508 | Q18: =SUM(P18:P$106) -> 5606803.7 | R18: =Q18/N18 -> 66.581348 | S18: =INDEX(Datos_ONU!$B$216:$EV$316,MATCH($A18,Datos_ONU!$A$216:$A$316,0),MATCH($B18,Datos_ONU!$B$215:$EV$215,0)) -> 1410.513 | T18: =INDEX(Datos_ONU!$B$531:$EV$631,MATCH($A18,Datos_ONU!$A$531:$A$631,0),MATCH($B18,Datos_ONU!$B$530:$EV$530,0)) -> 1.718 | U18: =IF($A18=100,1,T18/(S18+T18/2)) -> 0.0012172553 | V18: =V17-W17 -> 83422.82 | W18: =V18*U18 -> 101.54687 | X18: =V19+W18/2 -> 83372.046 | Y18: =SUM(X18:X$106) -> 5294250.5 | Z18: =Y18/V18 -> 63.462857
... A105: 99 | B105: =$D$2+$A105 -> 2059 | C105: =INDEX(Datos_ONU!$B$6:$EV$106,MATCH($A105,Datos_ONU!$A$6:$A$106,0),MATCH($B105,Datos_ONU!$B$5:$EV$5,0)) -> 13.091 | D105: =INDEX(Datos_ONU!$B$321:$EV$421,MATCH($A105,Datos_ONU!$A$321:$A$421,0),MATCH($B105,Datos_ONU!$B$320:$EV$320,0)) -> 4.232 | E105: =IF($A105=100,1,D105/(C105+D105/2)) -> 0.27829289 | F105: =F104-G104 -> 2098.4667 | G105: =F105*E105 -> 583.98835 | H105: =F106+G105/2 -> 1806.4725 | I105: =SUM(H105:H$106) -> 2563.7116 | J105: =I105/F105 -> 1.2217071 | K105: =INDEX(Datos_ONU!$B$111:$EV$211,MATCH($A105,Datos_ONU!$A$111:$A$211,0),MATCH($B105,Datos_ONU!$B$110:$EV$110,0)) -> 16.113 | L105: =INDEX(Datos_ONU!$B$426:$EV$526,MATCH($A105,Datos_ONU!$A$426:$A$526,0),MATCH($B105,Datos_ONU!$B$425:$EV$425,0)) -> 6.1 | M105: =IF($A105=100,1,L105/(K105+L105/2)) -> 0.31832177 | N105: =N104-O104 -> 2639.8138 | O105: =N105*M105 -> 840.31019 | P105: =N106+O105/2 -> 2219.6587 | Q105: =SUM(P105:P$106) -> 3119.4105 | R105: =Q105/N105 -> 1.1816782 | S105: =INDEX(Datos_ONU!$B$216:$EV$316,MATCH($A105,Datos_ONU!$A$216:$A$316,0),MATCH($B105,Datos_ONU!$B$215:$EV$215,0)) -> 29.204 | T105: =INDEX(Datos_ONU!$B$531:$EV$631,MATCH($A105,Datos_ONU!$A$531:$A$631,0),MATCH($B105,Datos_ONU!$B$530:$EV$530,0)) -> 10.332 | U105: =IF($A105=100,1,T105/(S105+T105/2)) -> 0.300611 | V105: =V104-W104 -> 2368.7822 | W105: =V105*U105 -> 712.08198 | X105: =V106+W105/2 -> 2012.7412 | Y105: =SUM(X105:X$106) -> 2841.0913 | Z105: =Y105/V105 -> 1.199389
A106: 100 | B106: =$D$2+$A106 -> 2060 | C106: =INDEX(Datos_ONU!$B$6:$EV$106,MATCH($A106,Datos_ONU!$A$6:$A$106,0),MATCH($B106,Datos_ONU!$B$5:$EV$5,0)) -> 24.843 | D106: =INDEX(Datos_ONU!$B$321:$EV$421,MATCH($A106,Datos_ONU!$A$321:$A$421,0),MATCH($B106,Datos_ONU!$B$320:$EV$320,0)) -> 9.777 | E106: =IF($A106=100,1,D106/(C106+D106/2)) -> 1 | F106: =F105-G105 -> 1514.4783 | G106: =F106*E106 -> 1514.4783 | H106: =G106/2 -> 757.23915 | I106: =SUM(H106:H$106) -> 757.23915 | J106: =I106/F106 -> 0.5 | K106: =INDEX(Datos_ONU!$B$111:$EV$211,MATCH($A106,Datos_ONU!$A$111:$A$211,0),MATCH($B106,Datos_ONU!$B$110:$EV$110,0)) -> 29.654 | L106: =INDEX(Datos_ONU!$B$426:$EV$526,MATCH($A106,Datos_ONU!$A$426:$A$526,0),MATCH($B106,Datos_ONU!$B$425:$EV$425,0)) -> 11.299 | M106: =IF($A106=100,1,L106/(K106+L106/2)) -> 1 | N106: =N105-O105 -> 1799.5036 | O106: =N106*M106 -> 1799.5036 | P106: =O106/2 -> 899.7518 | Q106: =SUM(P106:P$106) -> 899.7518 | R106: =Q106/N106 -> 0.5 | S106: =INDEX(Datos_ONU!$B$216:$EV$316,MATCH($A106,Datos_ONU!$A$216:$A$316,0),MATCH($B106,Datos_ONU!$B$215:$EV$215,0)) -> 54.498 | T106: =INDEX(Datos_ONU!$B$531:$EV$631,MATCH($A106,Datos_ONU!$A$531:$A$631,0),MATCH($B106,Datos_ONU!$B$530:$EV$530,0)) -> 21.076 | U106: =IF($A106=100,1,T106/(S106+T106/2)) -> 1 | V106: =V105-W105 -> 1656.7002 | W106: =V106*U106 -> 1656.7002 | X106: =W106/2 -> 828.35011 | Y106: =SUM(X106:X$106) -> 828.35011 | Z106: =Y106/V106 -> 0.5
A108: Notas: qx = defunciones / (población a mitad de año + defunciones/2); edad 100 = grupo abierto (qx = 1, Lx = dx/2). lx(x+1) = lx − dx; Lx = l(x+1) + dx/2; Tx = suma de Lx desde x; ex = Tx/lx. Población y defunciones se leen de la hoja Datos_ONU en el año g + x.

Sheet Gen_1970
A1: Tabla de mortalidad de la generación 1970 - México (ONU WPP 2024)
A2: Generación (año de nacimiento): | D2: 1970 | F2: Radix: | G2: =Radix -> 100000
E3: e0: | F3: =J6 -> 65.835312 | G3: Control Σdx−radix: | I3: =SUM(G6:G106)-Radix -> 0 | M3: e0: | N3: =R6 -> 72.214601 | O3: Control Σdx−radix: | Q3: =SUM(O6:O106)-Radix -> 0 | U3: e0: | V3: =Z6 -> 69.079189 | W3: Control Σdx−radix: | Y3: =SUM(W6:W106)-Radix -> 0
C4: Hombres | K4: Mujeres | S4: Ambos sexos
A5: Edad x | B5: Año calendario | C5: Población a mitad de año (miles) | D5: Defunciones (miles) | E5: qx | F5: lx | G5: dx | H5: Lx | I5: Tx | J5: ex | K5: Población a mitad de año (miles) | L5: Defunciones (miles) | M5: qx | N5: lx | O5: dx | P5: Lx | Q5: Tx | R5: ex | S5: Población a mitad de año (miles) | T5: Defunciones (miles) | U5: qx | V5: lx | W5: dx | X5: Lx | Y5: Tx | Z5: ex
A6: 0 | B6: =$D$2+$A6 -> 1970 | C6: =INDEX(Datos_ONU!$B$6:$EV$106,MATCH($A6,Datos_ONU!$A$6:$A$106,0),MATCH($B6,Datos_ONU!$B$5:$EV$5,0)) -> 1071.13 | D6: =INDEX(Datos_ONU!$B$321:$EV$421,MATCH($A6,Datos_ONU!$A$321:$A$421,0),MATCH($B6,Datos_ONU!$B$320:$EV$320,0)) -> 97.079 | E6: =IF($A6=100,1,D6/(C6+D6/2)) -> 0.086703264 | F6: =Radix -> 100000 | G6: =F6*E6 -> 8670.3264 | H6: =F7+G6/2 -> 95664.837 | I6: =SUM(H6:H$106) -> 6583531.2 | J6: =I6/F6 -> 65.835312 | K6: =INDEX(Datos_ONU!$B$111:$EV$211,MATCH($A6,Datos_ONU!$A$111:$A$211,0),MATCH($B6,Datos_ONU!$B$110:$EV$110,0)) -> 1041.872 | L6: =INDEX(Datos_ONU!$B$426:$EV$526,MATCH($A6,Datos_ONU!$A$426:$A$526,0),MATCH($B6,Datos_ONU!$B$425:$EV$425,0)) -> 81.877 | M6: =IF($A6=100,1,L6/(K6+L6/2)) -> 0.075615262 | N6: =Radix -> 100000 | O6: =N6*M6 -> 7561.5262 | P6: =N7+O6/2 -> 96219.237 | Q6: =SUM(P6:P$106) -> 7221460.1 | R6: =Q6/N6 -> 72.214601 | S6: =INDEX(Datos_ONU!$B$216:$EV$316,MATCH($A6,Datos_ONU!$A$216:$A$316,0),MATCH($B6,Datos_ONU!$B$215:$EV$215,0)) -> 2113.003 | T6: =INDEX(Datos_ONU!$B$531:$EV$631,MATCH($A6,Datos_ONU!$A$531:$A$631,0),MATCH($B6,Datos_ONU!$B$530:$EV$530,0)) -> 178.956 | U6: =IF($A6=100,1,T6/(S6+T6/2)) -> 0.081252006 | V6: =Radix -> 100000 | W6: =V6*U6 -> 8125.2006 | X6: =V7+W6/2 -> 95937.4 | Y6: =SUM(X6:X$106) -> 6907918.9 | Z6: =Y6/V6 -> 69.079189
A7: 1 | B7: =$D$2+$A7 -> 1971 | C7: =INDEX(Datos_ONU!$B$6:$EV$106,MATCH($A7,Datos_ONU!$A$6:$A$106,0),MATCH($B7,Datos_ONU!$B$5:$EV$5,0)) -> 1035.682 | D7: =INDEX(Datos_ONU!$B$321:$EV$421,MATCH($A7,Datos_ONU!$A$321:$A$421,0),MATCH($B7,Datos_ONU!$B$320:$EV$320,0)) -> 11.346 | E7: =IF($A7=100,1,D7/(C7+D7/2)) -> 0.01089542 | F7: =F6-G6 -> 91329.674 | G7: =F7*E7 -> 995.07514 | H7: =F8+G7/2 -> 90832.136 | I7: =SUM(H7:H$106) -> 6487866.4 | J7: =I7/F7 -> 71.03788 | K7: =INDEX(Datos_ONU!$B$111:$EV$211,MATCH($A7,Datos_ONU!$A$111:$A$211,0),MATCH($B7,Datos_ONU!$B$110:$EV$110,0)) -> 1010.014 | L7: =INDEX(Datos_ONU!$B$426:$EV$526,MATCH($A7,Datos_ONU!$A$426:$A$526,0),MATCH($B7,Datos_ONU!$B$425:$EV$425,0)) -> 10.703 | M7: =IF($A7=100,1,L7/(K7+L7/2)) -> 0.010541032 | N7: =N6-O6 -> 92438.474 | O7: =N7*M7 -> 974.39689 | P7: =N8+O7/2 -> 91951.275 | Q7: =SUM(P7:P$106) -> 7125240.9 | R7: =Q7/N7 -> 77.080902 | S7: =INDEX(Datos_ONU!$B$216:$EV$316,MATCH($A7,Datos_ONU!$A$216:$A$316,0),MATCH($B7,Datos_ONU!$B$215:$EV$215,0)) -> 2045.696 | T7: =INDEX(Datos_ONU!$B$531:$EV$631,MATCH($A7,Datos_ONU!$A$531:$A$631,0),MATCH($B7,Datos_ONU!$B$530:$EV$530,0)) -> 22.048 | U7: =IF($A7=100,1,T7/(S7+T7/2)) -> 0.010719981 | V7: =V6-W6 -> 91874.799 | W7: =V7*U7 -> 984.89613 | X7: =V8+W7/2 -> 91382.351 | Y7: =SUM(X7:X$106) -> 6811981.5 | Z7: =Y7/V7 -> 74.144178
A8: 2 | B8: =$D$2+$A8 -> 1972 | C8: =INDEX(Datos_ONU!$B$6:$EV$106,MATCH($A8,Datos_ONU!$A$6:$A$106,0),MATCH($B8,Datos_ONU!$B$5:$EV$5,0)) -> 1025.059 | D8: =INDEX(Datos_ONU!$B$321:$EV$421,MATCH($A8,Datos_ONU!$A$321:$A$421,0),MATCH($B8,Datos_ONU!$B$320:$EV$320,0)) -> 7.663 | E8: =IF($A8=100,1,D8/(C8+D8/2)) -> 0.0074478285 | F8: =F7-G7 -> 90334.598 | G8: =F8*E8 -> 672.7966 | H8: =F9+G8/2 -> 89998.2 | I8: =SUM(H8:H$106) -> 6397034.3 | J8: =I8/F8 -> 70.814886 | K8: =INDEX(Datos_ONU!$B$111:$EV$211,MATCH($A8,Datos_ONU!$A$111:$A$211,0),MATCH($B8,Datos_ONU!$B$110:$EV$110,0)) -> 999.944 | L8: =INDEX(Datos_ONU!$B$426:$EV$526,MATCH($A8,Datos_ONU!$A$426:$A$526,0),MATCH($B8,Datos_ONU!$B$425:$EV$425,0)) -> 7.208 | M8: =IF($A8=100,1,L8/(K8+L8/2)) -> 0.0071825164 | N8: =N7-O7 -> 91464.077 | O8: =N8*M8 -> 656.94224 | P8: =N9+O8/2 -> 91135.606 | Q8: =SUM(P8:P$106) -> 7033289.6 | R8: =Q8/N8 -> 76.896743 | S8: =INDEX(Datos_ONU!$B$216:$EV$316,MATCH($A8,Datos_ONU!$A$216:$A$316,0),MATCH($B8,Datos_ONU!$B$215:$EV$215,0)) -> 2025.004 | T8: =INDEX(Datos_ONU!$B$531:$EV$631,MATCH($A8,Datos_ONU!$A$531:$A$631,0),MATCH($B8,Datos_ONU!$B$530:$EV$530,0)) -> 14.871 | U8: =IF($A8=100,1,T8/(S8+T8/2)) -> 0.007316823 | V8: =V7-W7 -> 90889.903 | W8: =V8*U8 -> 665.02533 | X8: =V9+W8/2 -> 90557.391 | Y8: =SUM(X8:X$106) -> 6720599.2 | Z8: =Y8/V8 -> 73.942197
A9: 3 | B9: =$D$2+$A9 -> 1973 | C9: =INDEX(Datos_ONU!$B$6:$EV$106,MATCH($A9,Datos_ONU!$A$6:$A$106,0),MATCH($B9,Datos_ONU!$B$5:$EV$5,0)) -> 1017.758 | D9: =INDEX(Datos_ONU!$B$321:$EV$421,MATCH($A9,Datos_ONU!$A$321:$A$421,0),MATCH($B9,Datos_ONU!$B$320:$EV$320,0)) -> 5.025 | E9: =IF($A9=100,1,D9/(C9+D9/2)) -> 0.0049251645 | F9: =F8-G8 -> 89661.802 | G9: =F9*E9 -> 441.59912 | H9: =F10+G9/2 -> 89441.002 | I9: =SUM(H9:H$106) -> 6307036.1 | J9: =I9/F9 -> 70.342508 | K9: =INDEX(Datos_ONU!$B$111:$EV$211,MATCH($A9,Datos_ONU!$A$111:$A$211,0),MATCH($B9,Datos_ONU!$B$110:$EV$110,0)) -> 993.053 | L9: =INDEX(Datos_ONU!$B$426:$EV$526,MATCH($A9,Datos_ONU!$A$426:$A$526,0),MATCH($B9,Datos_ONU!$B$425:$EV$425,0)) -> 4.648 | M9: =IF($A9=100,1,L9/(K9+L9/2)) -> 0.0046695875 | N9: =N8-O8 -> 90807.135 | O9: =N9*M9 -> 424.03186 | P9: =N10+O9/2 -> 90595.119 | Q9: =SUM(P9:P$106) -> 6942154 | R9: =Q9/N9 -> 76.449434 | S9: =INDEX(Datos_ONU!$B$216:$EV$316,MATCH($A9,Datos_ONU!$A$216:$A$316,0),MATCH($B9,Datos_ONU!$B$215:$EV$215,0)) -> 2010.811 | T9: =INDEX(Datos_ONU!$B$531:$EV$631,MATCH($A9,Datos_ONU!$A$531:$A$631,0),MATCH($B9,Datos_ONU!$B$530:$EV$530,0)) -> 9.673 | U9: =IF($A9=100,1,T9/(S9+T9/2)) -> 0.0047989542 | V9: =V8-W8 -> 90224.878 | W9: =V9*U9 -> 432.98506 | X9: =V10+W9/2 -> 90008.385 | Y9: =SUM(X9:X$106) -> 6630041.8 | Z9: =Y9/V9 -> 73.483522
A10: 4 | B10: =$D$2+$A10 -> 1974 | C10: =INDEX(Datos_ONU!$B$6:$EV$106,MATCH($A10,Datos_ONU!$A$6:$A$106,0),MATCH($B10,Datos_ONU!$B$5:$EV$5,0)) -> 1012.809 | D10: =INDEX(Datos_ONU!$B$321:$EV$421,MATCH($A10,Datos_ONU!$A$321:$A$421,0),MATCH($B10,Datos_ONU!$B$320:$EV$320,0)) -> 3.184 | E10: =IF($A10=100,1,D10/(C10+D10/2)) -> 0.0031387982 | F10: =F9-G9 -> 89220.203 | G10: =F10*E10 -> 280.04421 | H10: =F11+G10/2 -> 89080.181 | I10: =SUM(H10:H$106) -> 6217595.1 | J10: =I10/F10 -> 69.688197 | K10: =INDEX(Datos_ONU!$B$111:$EV$211,MATCH($A10,Datos_ONU!$A$111:$A$211,0),MATCH($B10,Datos_ONU!$B$110:$EV$110,0)) -> 988.482 | L10: =INDEX(Datos_ONU!$B$426:$EV$526,MATCH($A10,Datos_ONU!$A$426:$A$526,0),MATCH($B10,Datos_ONU!$B$425:$EV$425,0)) -> 2.807 | M10: =IF($A10=100,1,L10/(K10+L10/2)) -> 0.0028356815 | N10: =N9-O9 -> 90383.103 | O10: =N10*M10 -> 256.29769 | P10: =N11+O10/2 -> 90254.954 | Q10: =SUM(P10:P$106) -> 6851558.9 | R10: =Q10/N10 -> 75.80575 | S10: =INDEX(Datos_ONU!$B$216:$EV$316,MATCH($A10,Datos_ONU!$A$216:$A$316,0),MATCH($B10,Datos_ONU!$B$215:$EV$215,0)) -> 2001.292 | T10: =INDEX(Datos_ONU!$B$531:$EV$631,MATCH($A10,Datos_ONU!$A$531:$A$631,0),MATCH($B10,Datos_ONU!$B$530:$EV$530,0)) -> 5.991 | U10: =IF($A10=100,1,T10/(S10+T10/2)) -> 0.0029890921 | V10: =V9-W9 -> 89791.893 | W10: =V10*U10 -> 268.39624 | X10: =V11+W10/2 -> 89657.695 | Y10: =SUM(X10:X$106) -> 6540033.4 | Z10: =Y10/V10 -> 72.835455
A11: 5 | B11: =$D$2+$A11 -> 1975 | C11: =INDEX(Datos_ONU!$B$6:$EV$106,MATCH($A11,Datos_ONU!$A$6:$A$106,0),MATCH($B11,Datos_ONU!$B$5:$EV$5,0)) -> 1009.422 | D11: =INDEX(Datos_ONU!$B$321:$EV$421,MATCH($A11,Datos_ONU!$A$321:$A$421,0),MATCH($B11,Datos_ONU!$B$320:$EV$320,0)) -> 2.109 | E11: =IF($A11=100,1,D11/(C11+D11/2)) -> 0.0020871341 | F11: =F10-G10 -> 88940.159 | G11: =F11*E11 -> 185.63004 | H11: =F12+G11/2 -> 88847.344 | I11: =SUM(H11:H$106) -> 6128514.9 | J11: =I11/F11 -> 68.906048 | K11: =INDEX(Datos_ONU!$B$111:$EV$211,MATCH($A11,Datos_ONU!$A$111:$A$211,0),MATCH($B11,Datos_ONU!$B$110:$EV$110,0)) -> 985.462 | L11: =INDEX(Datos_ONU!$B$426:$EV$526,MATCH($A11,Datos_ONU!$A$426:$A$526,0),MATCH($B11,Datos_ONU!$B$425:$EV$425,0)) -> 1.757 | M11: =IF($A11=100,1,L11/(K11+L11/2)) -> 0.0017813321 | N11: =N10-O10 -> 90126.805 | O11: =N11*M11 -> 160.54577 | P11: =N12+O11/2 -> 90046.532 | Q11: =SUM(P11:P$106) -> 6761303.9 | R11: =Q11/N11 -> 75.0199 | S11: =INDEX(Datos_ONU!$B$216:$EV$316,MATCH($A11,Datos_ONU!$A$216:$A$316,0),MATCH($B11,Datos_ONU!$B$215:$EV$215,0)) -> 1994.884 | T11: =INDEX(Datos_ONU!$B$531:$EV$631,MATCH($A11,Datos_ONU!$A$531:$A$631,0),MATCH($B11,Datos_ONU!$B$530:$EV$530,0)) -> 3.865 | U11: =IF($A11=100,1,T11/(S11+T11/2)) -> 0.001935581 | V11: =V10-W10 -> 89523.497 | W11: =V11*U11 -> 173.27998 | X11: =V12+W11/2 -> 89436.857 | Y11: =SUM(X11:X$106) -> 6450375.7 | Z11: =Y11/V11 -> 72.052321
A12: 6 | B12: =$D$2+$A12 -> 1976 | C12: =INDEX(Datos_ONU!$B$6:$EV$106,MATCH($A12,Datos_ONU!$A$6:$A$106,0),MATCH($B12,Datos_ONU!$B$5:$EV$5,0)) -> 1006.93 | D12: =INDEX(Datos_ONU!$B$321:$EV$421,MATCH($A12,Datos_ONU!$A$321:$A$421,0),MATCH($B12,Datos_ONU!$B$320:$EV$320,0)) -> 1.539 | E12: =IF($A12=100,1,D12/(C12+D12/2)) -> 0.001527241 | F12: =F11-G11 -> 88754.529 | G12: =F12*E12 -> 135.54956 | H12: =F13+G12/2 -> 88686.754 | I12: =SUM(H12:H$106) -> 6039667.5 | J12: =I12/F12 -> 68.04912 | K12: =INDEX(Datos_ONU!$B$111:$EV$211,MATCH($A12,Datos_ONU!$A$111:$A$211,0),MATCH($B12,Datos_ONU!$B$110:$EV$110,0)) -> 983.313 | L12: =INDEX(Datos_ONU!$B$426:$EV$526,MATCH($A12,Datos_ONU!$A$426:$A$526,0),MATCH($B12,Datos_ONU!$B$425:$EV$425,0)) -> 1.214 | M12: =IF($A12=100,1,L12/(K12+L12/2)) -> 0.0012338401 | N12: =N11-O11 -> 89966.259 | O12: =N12*M12 -> 111.00398 | P12: =N13+O12/2 -> 89910.757 | Q12: =SUM(P12:P$106) -> 6671257.4 | R12: =Q12/N12 -> 74.152882 | S12: =INDEX(Datos_ONU!$B$216:$EV$316,MATCH($A12,Datos_ONU!$A$216:$A$316,0),MATCH($B12,Datos_ONU!$B$215:$EV$215,0)) -> 1990.243 | T12: =INDEX(Datos_ONU!$B$531:$EV$631,MATCH($A12,Datos_ONU!$A$531:$A$631,0),MATCH($B12,Datos_ONU!$B$530:$EV$530,0)) -> 2.753 | U12: =IF($A12=100,1,T12/(S12+T12/2)) -> 0.0013822921 | V12: =V11-W11 -> 89350.217 | W12: =V12*U12 -> 123.5081 | X12: =V13+W12/2 -> 89288.463 | Y12: =SUM(X12:X$106) -> 6360938.8 | Z12: =Y12/V12 -> 71.191085
A13: 7 | B13: =$D$2+$A13 -> 1977 | C13: =INDEX(Datos_ONU!$B$6:$EV$106,MATCH($A13,Datos_ONU!$A$6:$A$106,0),MATCH($B13,Datos_ONU!$B$5:$EV$5,0)) -> 1004.947 | D13: =INDEX(Datos_ONU!$B$321:$EV$421,MATCH($A13,Datos_ONU!$A$321:$A$421,0),MATCH($B13,Datos_ONU!$B$320:$EV$320,0)) -> 1.22 | E13: =IF($A13=100,1,D13/(C13+D13/2)) -> 0.0012132579 | F13: =F12-G12 -> 88618.979 | G13: =F13*E13 -> 107.51768 | H13: =F14+G13/2 -> 88565.22 | I13: =SUM(H13:H$106) -> 5950980.8 | J13: =I13/F13 -> 67.152441 | K13: =INDEX(Datos_ONU!$B$111:$EV$211,MATCH($A13,Datos_ONU!$A$111:$A$211,0),MATCH($B13,Datos_ONU!$B$110:$EV$110,0)) -> 981.65 | L13: =INDEX(Datos_ONU!$B$426:$EV$526,MATCH($A13,Datos_ONU!$A$426:$A$526,0),MATCH($B13,Datos_ONU!$B$425:$EV$425,0)) -> 0.913 | M13: =IF($A13=100,1,L13/(K13+L13/2)) -> 0.00092963441 | N13: =N12-O12 -> 89855.255 | O13: =N13*M13 -> 83.532538 | P13: =N14+O13/2 -> 89813.489 | Q13: =SUM(P13:P$106) -> 6581346.7 | R13: =Q13/N13 -> 73.24387 | S13: =INDEX(Datos_ONU!$B$216:$EV$316,MATCH($A13,Datos_ONU!$A$216:$A$316,0),MATCH($B13,Datos_ONU!$B$215:$EV$215,0)) -> 1986.598 | T13: =INDEX(Datos_ONU!$B$531:$EV$631,MATCH($A13,Datos_ONU!$A$531:$A$631,0),MATCH($B13,Datos_ONU!$B$530:$EV$530,0)) -> 2.133 | U13: =IF($A13=100,1,T13/(S13+T13/2)) -> 0.0010731187 | V13: =V12-W12 -> 89226.709 | W13: =V13*U13 -> 95.750852 | X13: =V14+W13/2 -> 89178.833 | Y13: =SUM(X13:X$106) -> 6271650.4 | Z13: =Y13/V13 -> 70.288936
A14: 8 | B14: =$D$2+$A14 -> 1978 | C14: =INDEX(Datos_ONU!$B$6:$EV$106,MATCH($A14,Datos_ONU!$A$6:$A$106,0),MATCH($B14,Datos_ONU!$B$5:$EV$5,0)) -> 1003.29 | D14: =INDEX(Datos_ONU!$B$321:$EV$421,MATCH($A14,Datos_ONU!$A$321:$A$421,0),MATCH($B14,Datos_ONU!$B$320:$EV$320,0)) -> 1.027 | E14: =IF($A14=100,1,D14/(C14+D14/2)) -> 0.0010231086 | F14: =F13-G13 -> 88511.461 | G14: =F14*E14 -> 90.556838 | H14: =F15+G14/2 -> 88466.183 | I14: =SUM(H14:H$106) -> 5862415.6 | J14: =I14/F14 -> 66.233406 | K14: =INDEX(Datos_ONU!$B$111:$EV$211,MATCH($A14,Datos_ONU!$A$111:$A$211,0),MATCH($B14,Datos_ONU!$B$110:$EV$110,0)) -> 980.295 | L14: =INDEX(Datos_ONU!$B$426:$EV$526,MATCH($A14,Datos_ONU!$A$426:$A$526,0),MATCH($B14,Datos_ONU!$B$425:$EV$425,0)) -> 0.745 | M14: =IF($A14=100,1,L14/(K14+L14/2)) -> 0.00075968664 | N14: =N13-O13 -> 89771.723 | O14: =N14*M14 -> 68.198379 | P14: =N15+O14/2 -> 89737.624 | Q14: =SUM(P14:P$106) -> 6491533.2 | R14: =Q14/N14 -> 72.311558 | S14: =INDEX(Datos_ONU!$B$216:$EV$316,MATCH($A14,Datos_ONU!$A$216:$A$316,0),MATCH($B14,Datos_ONU!$B$215:$EV$215,0)) -> 1983.585 | T14: =INDEX(Datos_ONU!$B$531:$EV$631,MATCH($A14,Datos_ONU!$A$531:$A$631,0),MATCH($B14,Datos_ONU!$B$530:$EV$530,0)) -> 1.772 | U14: =IF($A14=100,1,T14/(S14+T14/2)) -> 0.00089293318 | V14: =V13-W13 -> 89130.958 | W14: =V14*U14 -> 79.587989 | X14: =V15+W14/2 -> 89091.164 | Y14: =SUM(X14:X$106) -> 6182471.5 | Z14: =Y14/V14 -> 69.363908
A15: 9 | B15: =$D$2+$A15 -> 1979 | C15: =INDEX(Datos_ONU!$B$6:$EV$106,MATCH($A15,Datos_ONU!$A$6:$A$106,0),MATCH($B15,Datos_ONU!$B$5:$EV$5,0)) -> 1001.861 | D15: =INDEX(Datos_ONU!$B$321:$EV$421,MATCH($A15,Datos_ONU!$A$321:$A$421,0),MATCH($B15,Datos_ONU!$B$320:$EV$320,0)) -> 0.901 | E15: =IF($A15=100,1,D15/(C15+D15/2)) -> 0.00089892214 | F15: =F14-G14 -> 88420.904 | G15: =F15*E15 -> 79.483509 | H15: =F16+G15/2 -> 88381.163 | I15: =SUM(H15:H$106) -> 5773949.4 | J15: =I15/F15 -> 65.300727 | K15: =INDEX(Datos_ONU!$B$111:$EV$211,MATCH($A15,Datos_ONU!$A$111:$A$211,0),MATCH($B15,Datos_ONU!$B$110:$EV$110,0)) -> 979.135 | L15: =INDEX(Datos_ONU!$B$426:$EV$526,MATCH($A15,Datos_ONU!$A$426:$A$526,0),MATCH($B15,Datos_ONU!$B$425:$EV$425,0)) -> 0.648 | M15: =IF($A15=100,1,L15/(K15+L15/2)) -> 0.00066158971 | N15: =N14-O14 -> 89703.524 | O15: =N15*M15 -> 59.346929 | P15: =N16+O15/2 -> 89673.851 | Q15: =SUM(P15:P$106) -> 6401795.5 | R15: =Q15/N15 -> 71.366154 | S15: =INDEX(Datos_ONU!$B$216:$EV$316,MATCH($A15,Datos_ONU!$A$216:$A$316,0),MATCH($B15,Datos_ONU!$B$215:$EV$215,0)) -> 1980.996 | T15: =INDEX(Datos_ONU!$B$531:$EV$631,MATCH($A15,Datos_ONU!$A$531:$A$631,0),MATCH($B15,Datos_ONU!$B$530:$EV$530,0)) -> 1.55 | U15: =IF($A15=100,1,T15/(S15+T15/2)) -> 0.00078212871 | V15: =V14-W14 -> 89051.37 | W15: =V15*U15 -> 69.649633 | X15: =V16+W15/2 -> 89016.545 | Y15: =SUM(X15:X$106) -> 6093380.4 | Z15: =Y15/V15 -> 68.425454
A16: 10 | B16: =$D$2+$A16 -> 1980 | C16: =INDEX(Datos_ONU!$B$6:$EV$106,MATCH($A16,Datos_ONU!$A$6:$A$106,0),MATCH($B16,Datos_ONU!$B$5:$EV$5,0)) -> 1000.556 | D16: =INDEX(Datos_ONU!$B$321:$EV$421,MATCH($A16,Datos_ONU!$A$321:$A$421,0),MATCH($B16,Datos_ONU!$B$320:$EV$320,0)) -> 0.861 | E16: =IF($A16=100,1,D16/(C16+D16/2)) -> 0.00086015146 | F16: =F15-G15 -> 88341.421 | G16: =F16*E16 -> 75.987002 | H16: =F17+G16/2 -> 88303.427 | I16: =SUM(H16:H$106) -> 5685568.2 | J16: =I16/F16 -> 64.359031 | K16: =INDEX(Datos_ONU!$B$111:$EV$211,MATCH($A16,Datos_ONU!$A$111:$A$211,0),MATCH($B16,Datos_ONU!$B$110:$EV$110,0)) -> 978.084 | L16: =INDEX(Datos_ONU!$B$426:$EV$526,MATCH($A16,Datos_ONU!$A$426:$A$526,0),MATCH($B16,Datos_ONU!$B$425:$EV$425,0)) -> 0.594 | M16: =IF($A16=100,1,L16/(K16+L16/2)) -> 0.00060712544 | N16: =N15-O15 -> 89644.177 | O16: =N16*M16 -> 54.425261 | P16: =N17+O16/2 -> 89616.965 | Q16: =SUM(P16:P$106) -> 6312121.7 | R16: =Q16/N16 -> 70.413069 | S16: =INDEX(Datos_ONU!$B$216:$EV$316,MATCH($A16,Datos_ONU!$A$216:$A$316,0),MATCH($B16,Datos_ONU!$B$215:$EV$215,0)) -> 1978.64 | T16: =INDEX(Datos_ONU!$B$531:$EV$631,MATCH($A16,Datos_ONU!$A$531:$A$631,0),MATCH($B16,Datos_ONU!$B$530:$EV$530,0)) -> 1.455 | U16: =IF($A16=100,1,T16/(S16+T16/2)) -> 0.0007350833 | V16: =V15-W15 -> 88981.72 | W16: =V16*U16 -> 65.408977 | X16: =V17+W16/2 -> 88949.016 | Y16: =SUM(X16:X$106) -> 6004363.8 | Z16: =Y16/V16 -> 67.478622
A17: 11 | B17: =$D$2+$A17 -> 1981 | C17: =INDEX(Datos_ONU!$B$6:$EV$106,MATCH($A17,Datos_ONU!$A$6:$A$106,0),MATCH($B17,Datos_ONU!$B$5:$EV$5,0)) -> 991.87 | D17: =INDEX(Datos_ONU!$B$321:$EV$421,MATCH($A17,Datos_ONU!$A$321:$A$421,0),MATCH($B17,Datos_ONU!$B$320:$EV$320,0)) -> 0.883 | E17: =IF($A17=100,1,D17/(C17+D17/2)) -> 0.00088984155 | F17: =F16-G16 -> 88265.434 | G17: =F17*E17 -> 78.54225 | H17: =F18+G17/2 -> 88226.163 | I17: =SUM(H17:H$106) -> 5597264.8 | J17: =I17/F17 -> 63.414006 | K17: =INDEX(Datos_ONU!$B$111:$EV$211,MATCH($A17,Datos_ONU!$A$111:$A$211,0),MATCH($B17,Datos_ONU!$B$110:$EV$110,0)) -> 973.4 | L17: =INDEX(Datos_ONU!$B$426:$EV$526,MATCH($A17,Datos_ONU!$A$426:$A$526,0),MATCH($B17,Datos_ONU!$B$425:$EV$425,0)) -> 0.562 | M17: =IF($A17=100,1,L17/(K17+L17/2)) -> 0.00057719109 | N17: =N16-O16 -> 89589.752 | O17: =N17*M17 -> 51.710407 | P17: =N18+O17/2 -> 89563.897 | Q17: =SUM(P17:P$106) -> 6222504.7 | R17: =Q17/N17 -> 69.455541 | S17: =INDEX(Datos_ONU!$B$216:$EV$316,MATCH($A17,Datos_ONU!$A$216:$A$316,0),MATCH($B17,Datos_ONU!$B$215:$EV$215,0)) -> 1965.271 | T17: =INDEX(Datos_ONU!$B$531:$EV$631,MATCH($A17,Datos_ONU!$A$531:$A$631,0),MATCH($B17,Datos_ONU!$B$530:$EV$530,0)) -> 1.445 | U17: =IF($A17=100,1,T17/(S17+T17/2)) -> 0.00073499734 | V17: =V16-W16 -> 88916.311 | W17: =V17*U17 -> 65.353252 | X17: =V18+W17/2 -> 88883.634 | Y17: =SUM(X17:X$106) -> 5915414.8 | Z17: =Y17/V17 -> 66.527893
A18: 12 | B18: =$D$2+$A18 -> 1982 | C18: =INDEX(Datos_ONU!$B$6:$EV$106,MATCH($A18,Datos_ONU!$A$6:$A$106,0),MATCH($B18,Datos_ONU!$B$5:$EV$5,0)) -> 975.499 | D18: =INDEX(Datos_ONU!$B$321:$EV$421,MATCH($A18,Datos_ONU!$A$321:$A$421,0),MATCH($B18,Datos_ONU!$B$320:$EV$320,0)) -> 0.916 | E18: =IF($A18=100,1,D18/(C18+D18/2)) -> 0.00093856594 | F18: =F17-G17 -> 88186.892 | G18: =F18*E18 -> 82.769213 | H18: =F19+G18/2 -> 88145.507 | I18: =SUM(H18:H$106) -> 5509038.6 | J18: =I18/F18 -> 62.47004 | K18: =INDEX(Datos_ONU!$B$111:$EV$211,MATCH($A18,Datos_ONU!$A$111:$A$211,0),MATCH($B18,Datos_ONU!$B$110:$EV$110,0)) -> 964.88 | L18: =INDEX(Datos_ONU!$B$426:$EV$526,MATCH($A18,Datos_ONU!$A$426:$A$526,0),MATCH($B18,Datos_ONU!$B$425:$EV$425,0)) -> 0.551 | M18: =IF($A18=100,1,L18/(K18+L18/2)) -> 0.00057089246 | N18: =N17-O17 -> 89538.042 | O18: =N18*M18 -> 51.116593 | P18: =N19+O18/2 -> 89512.484 | Q18: =SUM(P18:P$106) -> 6132940.8 | R18: =Q18/N18 -> 68.495365 | S18: =INDEX(Datos_ONU!$B$216:$EV$316,MATCH($A18,Datos_ONU!$A$216:$A$316,0),MATCH($B18,Datos_ONU!$B$215:$EV$215,0)) -> 1940.379 | T18: =INDEX(Datos_ONU!$B$531:$EV$631,MATCH($A18,Datos_ONU!$A$531:$A$631,0),MATCH($B18,Datos_ONU!$B$530:$EV$530,0)) -> 1.468 | U18: =IF($A18=100,1,T18/(S18+T18/2)) -> 0.00075626715 | V18: =V17-W17 -> 88850.958 | W18: =V18*U18 -> 67.195061 | X18: =V19+W18/2 -> 88817.36 | Y18: =SUM(X18:X$106) -> 5826531.2 | Z18: =Y18/V18 -> 65.576459
... A105: 99 | B105: =$D$2+$A105 -> 2069 | C105: =INDEX(Datos_ONU!$B$6:$EV$106,MATCH($A105,Datos_ONU!$A$6:$A$106,0),MATCH($B105,Datos_ONU!$B$5:$EV$5,0)) -> 21.651 | D105: =INDEX(Datos_ONU!$B$321:$EV$421,MATCH($A105,Datos_ONU!$A$321:$A$421,0),MATCH($B105,Datos_ONU!$B$320:$EV$320,0)) -> 6.772 | E105: =IF($A105=100,1,D105/(C105+D105/2)) -> 0.27047969 | F105: =F104-G104 -> 2955.18 | G105: =F105*E105 -> 799.31616 | H105: =F106+G105/2 -> 2555.5219 | I105: =SUM(H105:H$106) -> 3633.4538 | J105: =I105/F105 -> 1.2295203 | K105: =INDEX(Datos_ONU!$B$111:$EV$211,MATCH($A105,Datos_ONU!$A$111:$A$211,0),MATCH($B105,Datos_ONU!$B$110:$EV$110,0)) -> 29.138 | L105: =INDEX(Datos_ONU!$B$426:$EV$526,MATCH($A105,Datos_ONU!$A$426:$A$526,0),MATCH($B105,Datos_ONU!$B$425:$EV$425,0)) -> 10.405 | M105: =IF($A105=100,1,L105/(K105+L105/2)) -> 0.30299501 | N105: =N104-O104 -> 3845.953 | O105: =N105*M105 -> 1165.3045 | P105: =N106+O105/2 -> 3263.3007 | Q105: =SUM(P105:P$106) -> 4603.6249 | R105: =Q105/N105 -> 1.197005 | S105: =INDEX(Datos_ONU!$B$216:$EV$316,MATCH($A105,Datos_ONU!$A$216:$A$316,0),MATCH($B105,Datos_ONU!$B$215:$EV$215,0)) -> 50.789 | T105: =INDEX(Datos_ONU!$B$531:$EV$631,MATCH($A105,Datos_ONU!$A$531:$A$631,0),MATCH($B105,Datos_ONU!$B$530:$EV$530,0)) -> 17.177 | U105: =IF($A105=100,1,T105/(S105+T105/2)) -> 0.28928466 | V105: =V104-W104 -> 3410.4521 | W105: =V105*U105 -> 986.59148 | X105: =V106+W105/2 -> 2917.1563 | Y105: =SUM(X105:X$106) -> 4129.0866 | Z105: =Y105/V105 -> 1.2107153
A106: 100 | B106: =$D$2+$A106 -> 2070 | C106: =INDEX(Datos_ONU!$B$6:$EV$106,MATCH($A106,Datos_ONU!$A$6:$A$106,0),MATCH($B106,Datos_ONU!$B$5:$EV$5,0)) -> 43.136 | D106: =INDEX(Datos_ONU!$B$321:$EV$421,MATCH($A106,Datos_ONU!$A$321:$A$421,0),MATCH($B106,Datos_ONU!$B$320:$EV$320,0)) -> 16.525 | E106: =IF($A106=100,1,D106/(C106+D106/2)) -> 1 | F106: =F105-G105 -> 2155.8638 | G106: =F106*E106 -> 2155.8638 | H106: =G106/2 -> 1077.9319 | I106: =SUM(H106:H$106) -> 1077.9319 | J106: =I106/F106 -> 0.5 | K106: =INDEX(Datos_ONU!$B$111:$EV$211,MATCH($A106,Datos_ONU!$A$111:$A$211,0),MATCH($B106,Datos_ONU!$B$110:$EV$110,0)) -> 57.55 | L106: =INDEX(Datos_ONU!$B$426:$EV$526,MATCH($A106,Datos_ONU!$A$426:$A$526,0),MATCH($B106,Datos_ONU!$B$425:$EV$425,0)) -> 21.172 | M106: =IF($A106=100,1,L106/(K106+L106/2)) -> 1 | N106: =N105-O105 -> 2680.6484 | O106: =N106*M106 -> 2680.6484 | P106: =O106/2 -> 1340.3242 | Q106: =SUM(P106:P$106) -> 1340.3242 | R106: =Q106/N106 -> 0.5 | S106: =INDEX(Datos_ONU!$B$216:$EV$316,MATCH($A106,Datos_ONU!$A$216:$A$316,0),MATCH($B106,Datos_ONU!$B$215:$EV$215,0)) -> 100.686 | T106: =INDEX(Datos_ONU!$B$531:$EV$631,MATCH($A106,Datos_ONU!$A$531:$A$631,0),MATCH($B106,Datos_ONU!$B$530:$EV$530,0)) -> 37.697 | U106: =IF($A106=100,1,T106/(S106+T106/2)) -> 1 | V106: =V105-W105 -> 2423.8606 | W106: =V106*U106 -> 2423.8606 | X106: =W106/2 -> 1211.9303 | Y106: =SUM(X106:X$106) -> 1211.9303 | Z106: =Y106/V106 -> 0.5
A108: Notas: qx = defunciones / (población a mitad de año + defunciones/2); edad 100 = grupo abierto (qx = 1, Lx = dx/2). lx(x+1) = lx − dx; Lx = l(x+1) + dx/2; Tx = suma de Lx desde x; ex = Tx/lx. Población y defunciones se leen de la hoja Datos_ONU en el año g + x.

Sheet Gen_1980
A1: Tabla de mortalidad de la generación 1980 - México (ONU WPP 2024)
A2: Generación (año de nacimiento): | D2: 1980 | F2: Radix: | G2: =Radix -> 100000
E3: e0: | F3: =J6 -> 70.191527 | G3: Control Σdx−radix: | I3: =SUM(G6:G106)-Radix -> 0 | M3: e0: | N3: =R6 -> 76.38554 | O3: Control Σdx−radix: | Q3: =SUM(O6:O106)-Radix -> 0 | U3: e0: | V3: =Z6 -> 73.405044 | W3: Control Σdx−radix: | Y3: =SUM(W6:W106)-Radix -> 0
C4: Hombres | K4: Mujeres | S4: Ambos sexos
A5: Edad x | B5: Año calendario | C5: Población a mitad de año (miles) | D5: Defunciones (miles) | E5: qx | F5: lx | G5: dx | H5: Lx | I5: Tx | J5: ex | K5: Población a mitad de año (miles) | L5: Defunciones (miles) | M5: qx | N5: lx | O5: dx | P5: Lx | Q5: Tx | R5: ex | S5: Población a mitad de año (miles) | T5: Defunciones (miles) | U5: qx | V5: lx | W5: dx | X5: Lx | Y5: Tx | Z5: ex
A6: 0 | B6: =$D$2+$A6 -> 1980 | C6: =INDEX(Datos_ONU!$B$6:$EV$106,MATCH($A6,Datos_ONU!$A$6:$A$106,0),MATCH($B6,Datos_ONU!$B$5:$EV$5,0)) -> 1148.004 | D6: =INDEX(Datos_ONU!$B$321:$EV$421,MATCH($A6,Datos_ONU!$A$321:$A$421,0),MATCH($B6,Datos_ONU!$B$320:$EV$320,0)) -> 72.165 | E6: =IF($A6=100,1,D6/(C6+D6/2)) -> 0.060945716 | F6: =Radix -> 100000 | G6: =F6*E6 -> 6094.5716 | H6: =F7+G6/2 -> 96952.714 | I6: =SUM(H6:H$106) -> 7019152.7 | J6: =I6/F6 -> 70.191527 | K6: =INDEX(Datos_ONU!$B$111:$EV$211,MATCH($A6,Datos_ONU!$A$111:$A$211,0),MATCH($B6,Datos_ONU!$B$110:$EV$110,0)) -> 1112.937 | L6: =INDEX(Datos_ONU!$B$426:$EV$526,MATCH($A6,Datos_ONU!$A$426:$A$526,0),MATCH($B6,Datos_ONU!$B$425:$EV$425,0)) -> 59.266 | M6: =IF($A6=100,1,L6/(K6+L6/2)) -> 0.051870783 | N6: =Radix -> 100000 | O6: =N6*M6 -> 5187.0783 | P6: =N7+O6/2 -> 97406.461 | Q6: =SUM(P6:P$106) -> 7638554 | R6: =Q6/N6 -> 76.38554 | S6: =INDEX(Datos_ONU!$B$216:$EV$316,MATCH($A6,Datos_ONU!$A$216:$A$316,0),MATCH($B6,Datos_ONU!$B$215:$EV$215,0)) -> 2260.941 | T6: =INDEX(Datos_ONU!$B$531:$EV$631,MATCH($A6,Datos_ONU!$A$531:$A$631,0),MATCH($B6,Datos_ONU!$B$530:$EV$530,0)) -> 131.431 | U6: =IF($A6=100,1,T6/(S6+T6/2)) -> 0.056489215 | V6: =Radix -> 100000 | W6: =V6*U6 -> 5648.9215 | X6: =V7+W6/2 -> 97175.539 | Y6: =SUM(X6:X$106) -> 7340504.4 | Z6: =Y6/V6 -> 73.405044
A7: 1 | B7: =$D$2+$A7 -> 1981 | C7: =INDEX(Datos_ONU!$B$6:$EV$106,MATCH($A7,Datos_ONU!$A$6:$A$106,0),MATCH($B7,Datos_ONU!$B$5:$EV$5,0)) -> 1118.38 | D7: =INDEX(Datos_ONU!$B$321:$EV$421,MATCH($A7,Datos_ONU!$A$321:$A$421,0),MATCH($B7,Datos_ONU!$B$320:$EV$320,0)) -> 7.674 | E7: =IF($A7=100,1,D7/(C7+D7/2)) -> 0.0068382496 | F7: =F6-G6 -> 93905.428 | G7: =F7*E7 -> 642.14876 | H7: =F8+G7/2 -> 93584.354 | I7: =SUM(H7:H$106) -> 6922200 | J7: =I7/F7 -> 73.714588 | K7: =INDEX(Datos_ONU!$B$111:$EV$211,MATCH($A7,Datos_ONU!$A$111:$A$211,0),MATCH($B7,Datos_ONU!$B$110:$EV$110,0)) -> 1087.219 | L7: =INDEX(Datos_ONU!$B$426:$EV$526,MATCH($A7,Datos_ONU!$A$426:$A$526,0),MATCH($B7,Datos_ONU!$B$425:$EV$425,0)) -> 7.44 | M7: =IF($A7=100,1,L7/(K7+L7/2)) -> 0.006819813 | N7: =N6-O6 -> 94812.922 | O7: =N7*M7 -> 646.6064 | P7: =N8+O7/2 -> 94489.619 | Q7: =SUM(P7:P$106) -> 7541147.5 | R7: =Q7/N7 -> 79.537129 | S7: =INDEX(Datos_ONU!$B$216:$EV$316,MATCH($A7,Datos_ONU!$A$216:$A$316,0),MATCH($B7,Datos_ONU!$B$215:$EV$215,0)) -> 2205.599 | T7: =INDEX(Datos_ONU!$B$531:$EV$631,MATCH($A7,Datos_ONU!$A$531:$A$631,0),MATCH($B7,Datos_ONU!$B$530:$EV$530,0)) -> 15.115 | U7: =IF($A7=100,1,T7/(S7+T7/2)) -> 0.0068296119 | V7: =V6-W6 -> 94351.078 | W7: =V7*U7 -> 644.38125 | X7: =V8+W7/2 -> 94028.888 | Y7: =SUM(X7:X$106) -> 7243328.8 | Z7: =Y7/V7 -> 76.769963
A8: 2 | B8: =$D$2+$A8 -> 1982 | C8: =INDEX(Datos_ONU!$B$6:$EV$106,MATCH($A8,Datos_ONU!$A$6:$A$106,0),MATCH($B8,Datos_ONU!$B$5:$EV$5,0)) -> 1102.794 | D8: =INDEX(Datos_ONU!$B$321:$EV$421,MATCH($A8,Datos_ONU!$A$321:$A$421,0),MATCH($B8,Datos_ONU!$B$320:$EV$320,0)) -> 4.659 | E8: =IF($A8=100,1,D8/(C8+D8/2)) -> 0.0042158184 | F8: =F7-G7 -> 93263.28 | G8: =F8*E8 -> 393.18105 | H8: =F9+G8/2 -> 93066.689 | I8: =SUM(H8:H$106) -> 6828615.6 | J8: =I8/F8 -> 73.218695 | K8: =INDEX(Datos_ONU!$B$111:$EV$211,MATCH($A8,Datos_ONU!$A$111:$A$211,0),MATCH($B8,Datos_ONU!$B$110:$EV$110,0)) -> 1073.919 | L8: =INDEX(Datos_ONU!$B$426:$EV$526,MATCH($A8,Datos_ONU!$A$426:$A$526,0),MATCH($B8,Datos_ONU!$B$425:$EV$425,0)) -> 4.245 | M8: =IF($A8=100,1,L8/(K8+L8/2)) -> 0.0039450151 | N8: =N7-O7 -> 94166.315 | O8: =N8*M8 -> 371.48754 | P8: =N9+O8/2 -> 93980.572 | Q8: =SUM(P8:P$106) -> 7446657.9 | R8: =Q8/N8 -> 79.079848 | S8: =INDEX(Datos_ONU!$B$216:$EV$316,MATCH($A8,Datos_ONU!$A$216:$A$316,0),MATCH($B8,Datos_ONU!$B$215:$EV$215,0)) -> 2176.713 | T8: =INDEX(Datos_ONU!$B$531:$EV$631,MATCH($A8,Datos_ONU!$A$531:$A$631,0),MATCH($B8,Datos_ONU!$B$530:$EV$530,0)) -> 8.904 | U8: =IF($A8=100,1,T8/(S8+T8/2)) -> 0.0040822221 | V8: =V7-W7 -> 93706.697 | W8: =V8*U8 -> 382.53155 | X8: =V9+W8/2 -> 93515.431 | Y8: =SUM(X8:X$106) -> 7149299.9 | Z8: =Y8/V8 -> 76.29444
A9: 3 | B9: =$D$2+$A9 -> 1983 | C9: =INDEX(Datos_ONU!$B$6:$EV$106,MATCH($A9,Datos_ONU!$A$6:$A$106,0),MATCH($B9,Datos_ONU!$B$5:$EV$5,0)) -> 1094.764 | D9: =INDEX(Datos_ONU!$B$321:$EV$421,MATCH($A9,Datos_ONU!$A$321:$A$421,0),MATCH($B9,Datos_ONU!$B$320:$EV$320,0)) -> 2.866 | E9: =IF($A9=100,1,D9/(C9+D9/2)) -> 0.0026144936 | F9: =F8-G8 -> 92870.099 | G9: =F9*E9 -> 242.80827 | H9: =F10+G9/2 -> 92748.694 | I9: =SUM(H9:H$106) -> 6735549 | J9: =I9/F9 -> 72.526562 | K9: =INDEX(Datos_ONU!$B$111:$EV$211,MATCH($A9,Datos_ONU!$A$111:$A$211,0),MATCH($B9,Datos_ONU!$B$110:$EV$110,0)) -> 1066.169 | L9: =INDEX(Datos_ONU!$B$426:$EV$526,MATCH($A9,Datos_ONU!$A$426:$A$526,0),MATCH($B9,Datos_ONU!$B$425:$EV$425,0)) -> 2.453 | M9: =IF($A9=100,1,L9/(K9+L9/2)) -> 0.0022981172 | N9: =N8-O8 -> 93794.828 | O9: =N9*M9 -> 215.55151 | P9: =N10+O9/2 -> 93687.052 | Q9: =SUM(P9:P$106) -> 7352677.4 | R9: =Q9/N9 -> 78.391075 | S9: =INDEX(Datos_ONU!$B$216:$EV$316,MATCH($A9,Datos_ONU!$A$216:$A$316,0),MATCH($B9,Datos_ONU!$B$215:$EV$215,0)) -> 2160.934 | T9: =INDEX(Datos_ONU!$B$531:$EV$631,MATCH($A9,Datos_ONU!$A$531:$A$631,0),MATCH($B9,Datos_ONU!$B$530:$EV$530,0)) -> 5.319 | U9: =IF($A9=100,1,T9/(S9+T9/2)) -> 0.00245841 | V9: =V8-W8 -> 93324.166 | W9: =V9*U9 -> 229.42907 | X9: =V10+W9/2 -> 93209.451 | Y9: =SUM(X9:X$106) -> 7055784.5 | Z9: =Y9/V9 -> 75.605118
A10: 4 | B10: =$D$2+$A10 -> 1984 | C10: =INDEX(Datos_ONU!$B$6:$EV$106,MATCH($A10,Datos_ONU!$A$6:$A$106,0),MATCH($B10,Datos_ONU!$B$5:$EV$5,0)) -> 1088.595 | D10: =INDEX(Datos_ONU!$B$321:$EV$421,MATCH($A10,Datos_ONU!$A$321:$A$421,0),MATCH($B10,Datos_ONU!$B$320:$EV$320,0)) -> 1.882 | E10: =IF($A10=100,1,D10/(C10+D10/2)) -> 0.0017273408 | F10: =F9-G9 -> 92627.29 | G10: =F10*E10 -> 159.9989 | H10: =F11+G10/2 -> 92547.291 | I10: =SUM(H10:H$106) -> 6642800.3 | J10: =I10/F10 -> 71.715369 | K10: =INDEX(Datos_ONU!$B$111:$EV$211,MATCH($A10,Datos_ONU!$A$111:$A$211,0),MATCH($B10,Datos_ONU!$B$110:$EV$110,0)) -> 1060.316 | L10: =INDEX(Datos_ONU!$B$426:$EV$526,MATCH($A10,Datos_ONU!$A$426:$A$526,0),MATCH($B10,Datos_ONU!$B$425:$EV$425,0)) -> 1.519 | M10: =IF($A10=100,1,L10/(K10+L10/2)) -> 0.0014315664 | N10: =N9-O9 -> 93579.276 | O10: =N10*M10 -> 133.96494 | P10: =N11+O10/2 -> 93512.294 | Q10: =SUM(P10:P$106) -> 7258990.3 | R10: =Q10/N10 -> 77.57049 | S10: =INDEX(Datos_ONU!$B$216:$EV$316,MATCH($A10,Datos_ONU!$A$216:$A$316,0),MATCH($B10,Datos_ONU!$B$215:$EV$215,0)) -> 2148.912 | T10: =INDEX(Datos_ONU!$B$531:$EV$631,MATCH($A10,Datos_ONU!$A$531:$A$631,0),MATCH($B10,Datos_ONU!$B$530:$EV$530,0)) -> 3.401 | U10: =IF($A10=100,1,T10/(S10+T10/2)) -> 0.0015814099 | V10: =V9-W9 -> 93094.737 | W10: =V10*U10 -> 147.22094 | X10: =V11+W10/2 -> 93021.126 | Y10: =SUM(X10:X$106) -> 6962575.1 | Z10: =Y10/V10 -> 74.790212
A11: 5 | B11: =$D$2+$A11 -> 1985 | C11: =INDEX(Datos_ONU!$B$6:$EV$106,MATCH($A11,Datos_ONU!$A$6:$A$106,0),MATCH($B11,Datos_ONU!$B$5:$EV$5,0)) -> 1083.486 | D11: =INDEX(Datos_ONU!$B$321:$EV$421,MATCH($A11,Datos_ONU!$A$321:$A$421,0),MATCH($B11,Datos_ONU!$B$320:$EV$320,0)) -> 1.288 | E11: =IF($A11=100,1,D11/(C11+D11/2)) -> 0.0011880494 | F11: =F10-G10 -> 92467.291 | G11: =F11*E11 -> 109.85571 | H11: =F12+G11/2 -> 92412.364 | I11: =SUM(H11:H$106) -> 6550253 | J11: =I11/F11 -> 70.838595 | K11: =INDEX(Datos_ONU!$B$111:$EV$211,MATCH($A11,Datos_ONU!$A$111:$A$211,0),MATCH($B11,Datos_ONU!$B$110:$EV$110,0)) -> 1055.484 | L11: =INDEX(Datos_ONU!$B$426:$EV$526,MATCH($A11,Datos_ONU!$A$426:$A$526,0),MATCH($B11,Datos_ONU!$B$425:$EV$425,0)) -> 0.984 | M11: =IF($A11=100,1,L11/(K11+L11/2)) -> 0.00093183936 | N11: =N10-O10 -> 93445.311 | O11: =N11*M11 -> 87.076019 | P11: =N12+O11/2 -> 93401.773 | Q11: =SUM(P11:P$106) -> 7165478 | R11: =Q11/N11 -> 76.68098 | S11: =INDEX(Datos_ONU!$B$216:$EV$316,MATCH($A11,Datos_ONU!$A$216:$A$316,0),MATCH($B11,Datos_ONU!$B$215:$EV$215,0)) -> 2138.97 | T11: =INDEX(Datos_ONU!$B$531:$EV$631,MATCH($A11,Datos_ONU!$A$531:$A$631,0),MATCH($B11,Datos_ONU!$B$530:$EV$530,0)) -> 2.273 | U11: =IF($A11=100,1,T11/(S11+T11/2)) -> 0.0010620967 | V11: =V10-W10 -> 92947.516 | W11: =V11*U11 -> 98.719247 | X11: =V12+W11/2 -> 92898.156 | Y11: =SUM(X11:X$106) -> 6869553.9 | Z11: =Y11/V11 -> 73.907881
A12: 6 | B12: =$D$2+$A12 -> 1986 | C12: =INDEX(Datos_ONU!$B$6:$EV$106,MATCH($A12,Datos_ONU!$A$6:$A$106,0),MATCH($B12,Datos_ONU!$B$5:$EV$5,0)) -> 1079.005 | D12: =INDEX(Datos_ONU!$B$321:$EV$421,MATCH($A12,Datos_ONU!$A$321:$A$421,0),MATCH($B12,Datos_ONU!$B$320:$EV$320,0)) -> 0.899 | E12: =IF($A12=100,1,D12/(C12+D12/2)) -> 0.00083282806 | F12: =F11-G11 -> 92357.436 | G12: =F12*E12 -> 76.917864 | H12: =F13+G12/2 -> 92318.977 | I12: =SUM(H12:H$106) -> 6457840.6 | J12: =I12/F12 -> 69.92226 | K12: =INDEX(Datos_ONU!$B$111:$EV$211,MATCH($A12,Datos_ONU!$A$111:$A$211,0),MATCH($B12,Datos_ONU!$B$110:$EV$110,0)) -> 1051.227 | L12: =INDEX(Datos_ONU!$B$426:$EV$526,MATCH($A12,Datos_ONU!$A$426:$A$526,0),MATCH($B12,Datos_ONU!$B$425:$EV$425,0)) -> 0.639 | M12: =IF($A12=100,1,L12/(K12+L12/2)) -> 0.00060767641 | N12: =N11-O11 -> 93358.235 | O12: =N12*M12 -> 56.731597 | P12: =N13+O12/2 -> 93329.87 | Q12: =SUM(P12:P$106) -> 7072076.2 | R12: =Q12/N12 -> 75.752034 | S12: =INDEX(Datos_ONU!$B$216:$EV$316,MATCH($A12,Datos_ONU!$A$216:$A$316,0),MATCH($B12,Datos_ONU!$B$215:$EV$215,0)) -> 2130.232 | T12: =INDEX(Datos_ONU!$B$531:$EV$631,MATCH($A12,Datos_ONU!$A$531:$A$631,0),MATCH($B12,Datos_ONU!$B$530:$EV$530,0)) -> 1.538 | U12: =IF($A12=100,1,T12/(S12+T12/2)) -> 0.00072172655 | V12: =V11-W11 -> 92848.796 | W12: =V12*U12 -> 67.011442 | X12: =V13+W12/2 -> 92815.291 | Y12: =SUM(X12:X$106) -> 6776655.8 | Z12: =Y12/V12 -> 72.98593
A13: 7 | B13: =$D$2+$A13 -> 1987 | C13: =INDEX(Datos_ONU!$B$6:$EV$106,MATCH($A13,Datos_ONU!$A$6:$A$106,0),MATCH($B13,Datos_ONU!$B$5:$EV$5,0)) -> 1074.908 | D13: =INDEX(Datos_ONU!$B$321:$EV$421,MATCH($A13,Datos_ONU!$A$321:$A$421,0),MATCH($B13,Datos_ONU!$B$320:$EV$320,0)) -> 0.713 | E13: =IF($A13=100,1,D13/(C13+D13/2)) -> 0.00066309266 | F13: =F12-G12 -> 92280.518 | G13: =F13*E13 -> 61.190534 | H13: =F14+G13/2 -> 92249.923 | I13: =SUM(H13:H$106) -> 6365521.6 | J13: =I13/F13 -> 68.980125 | K13: =INDEX(Datos_ONU!$B$111:$EV$211,MATCH($A13,Datos_ONU!$A$111:$A$211,0),MATCH($B13,Datos_ONU!$B$110:$EV$110,0)) -> 1047.312 | L13: =INDEX(Datos_ONU!$B$426:$EV$526,MATCH($A13,Datos_ONU!$A$426:$A$526,0),MATCH($B13,Datos_ONU!$B$425:$EV$425,0)) -> 0.485 | M13: =IF($A13=100,1,L13/(K13+L13/2)) -> 0.00046298307 | N13: =N12-O12 -> 93301.504 | O13: =N13*M13 -> 43.197017 | P13: =N14+O13/2 -> 93279.905 | Q13: =SUM(P13:P$106) -> 6978746.4 | R13: =Q13/N13 -> 74.797791 | S13: =INDEX(Datos_ONU!$B$216:$EV$316,MATCH($A13,Datos_ONU!$A$216:$A$316,0),MATCH($B13,Datos_ONU!$B$215:$EV$215,0)) -> 2122.22 | T13: =INDEX(Datos_ONU!$B$531:$EV$631,MATCH($A13,Datos_ONU!$A$531:$A$631,0),MATCH($B13,Datos_ONU!$B$530:$EV$530,0)) -> 1.197 | U13: =IF($A13=100,1,T13/(S13+T13/2)) -> 0.00056387298 | V13: =V12-W12 -> 92781.785 | W13: =V13*U13 -> 52.317142 | X13: =V14+W13/2 -> 92755.626 | Y13: =SUM(X13:X$106) -> 6683840.5 | Z13: =Y13/V13 -> 72.038283
A14: 8 | B14: =$D$2+$A14 -> 1988 | C14: =INDEX(Datos_ONU!$B$6:$EV$106,MATCH($A14,Datos_ONU!$A$6:$A$106,0),MATCH($B14,Datos_ONU!$B$5:$EV$5,0)) -> 1071.011 | D14: =INDEX(Datos_ONU!$B$321:$EV$421,MATCH($A14,Datos_ONU!$A$321:$A$421,0),MATCH($B14,Datos_ONU!$B$320:$EV$320,0)) -> 0.648 | E14: =IF($A14=100,1,D14/(C14+D14/2)) -> 0.00060485282 | F14: =F13-G13 -> 92219.327 | G14: =F14*E14 -> 55.779121 | H14: =F15+G14/2 -> 92191.438 | I14: =SUM(H14:H$106) -> 6273271.7 | J14: =I14/F14 -> 68.025564 | K14: =INDEX(Datos_ONU!$B$111:$EV$211,MATCH($A14,Datos_ONU!$A$111:$A$211,0),MATCH($B14,Datos_ONU!$B$110:$EV$110,0)) -> 1043.563 | L14: =INDEX(Datos_ONU!$B$426:$EV$526,MATCH($A14,Datos_ONU!$A$426:$A$526,0),MATCH($B14,Datos_ONU!$B$425:$EV$425,0)) -> 0.45 | M14: =IF($A14=100,1,L14/(K14+L14/2)) -> 0.00043112203 | N14: =N13-O13 -> 93258.307 | O14: =N14*M14 -> 40.20571 | P14: =N15+O14/2 -> 93238.204 | Q14: =SUM(P14:P$106) -> 6885466.5 | R14: =Q14/N14 -> 73.832205 | S14: =INDEX(Datos_ONU!$B$216:$EV$316,MATCH($A14,Datos_ONU!$A$216:$A$316,0),MATCH($B14,Datos_ONU!$B$215:$EV$215,0)) -> 2114.574 | T14: =INDEX(Datos_ONU!$B$531:$EV$631,MATCH($A14,Datos_ONU!$A$531:$A$631,0),MATCH($B14,Datos_ONU!$B$530:$EV$530,0)) -> 1.098 | U14: =IF($A14=100,1,T14/(S14+T14/2)) -> 0.00051911875 | V14: =V13-W13 -> 92729.468 | W14: =V14*U14 -> 48.137605 | X14: =V15+W14/2 -> 92705.399 | Y14: =SUM(X14:X$106) -> 6591084.9 | Z14: =Y14/V14 -> 71.078644
A15: 9 | B15: =$D$2+$A15 -> 1989 | C15: =INDEX(Datos_ONU!$B$6:$EV$106,MATCH($A15,Datos_ONU!$A$6:$A$106,0),MATCH($B15,Datos_ONU!$B$5:$EV$5,0)) -> 1067.191 | D15: =INDEX(Datos_ONU!$B$321:$EV$421,MATCH($A15,Datos_ONU!$A$321:$A$421,0),MATCH($B15,Datos_ONU!$B$320:$EV$320,0)) -> 0.635 | E15: =IF($A15=100,1,D15/(C15+D15/2)) -> 0.00059484304 | F15: =F14-G14 -> 92163.548 | G15: =F15*E15 -> 54.822845 | H15: =F16+G15/2 -> 92136.137 | I15: =SUM(H15:H$106) -> 6181080.3 | J15: =I15/F15 -> 67.066431 | K15: =INDEX(Datos_ONU!$B$111:$EV$211,MATCH($A15,Datos_ONU!$A$111:$A$211,0),MATCH($B15,Datos_ONU!$B$110:$EV$110,0)) -> 1039.865 | L15: =INDEX(Datos_ONU!$B$426:$EV$526,MATCH($A15,Datos_ONU!$A$426:$A$526,0),MATCH($B15,Datos_ONU!$B$425:$EV$425,0)) -> 0.459 | M15: =IF($A15=100,1,L15/(K15+L15/2)) -> 0.00044130605 | N15: =N14-O14 -> 93218.101 | O15: =N15*M15 -> 41.137712 | P15: =N16+O15/2 -> 93197.532 | Q15: =SUM(P15:P$106) -> 6792228.3 | R15: =Q15/N15 -> 72.863834 | S15: =INDEX(Datos_ONU!$B$216:$EV$316,MATCH($A15,Datos_ONU!$A$216:$A$316,0),MATCH($B15,Datos_ONU!$B$215:$EV$215,0)) -> 2107.056 | T15: =INDEX(Datos_ONU!$B$531:$EV$631,MATCH($A15,Datos_ONU!$A$531:$A$631,0),MATCH($B15,Datos_ONU!$B$530:$EV$530,0)) -> 1.094 | U15: =IF($A15=100,1,T15/(S15+T15/2)) -> 0.00051907309 | V15: =V14-W14 -> 92681.33 | W15: =V15*U15 -> 48.108384 | X15: =V16+W15/2 -> 92657.276 | Y15: =SUM(X15:X$106) -> 6498379.5 | Z15: =Y15/V15 -> 70.115302
A16: 10 | B16: =$D$2+$A16 -> 1990 | C16: =INDEX(Datos_ONU!$B$6:$EV$106,MATCH($A16,Datos_ONU!$A$6:$A$106,0),MATCH($B16,Datos_ONU!$B$5:$EV$5,0)) -> 1059.093 | D16: =INDEX(Datos_ONU!$B$321:$EV$421,MATCH($A16,Datos_ONU!$A$321:$A$421,0),MATCH($B16,Datos_ONU!$B$320:$EV$320,0)) -> 0.593 | E16: =IF($A16=100,1,D16/(C16+D16/2)) -> 0.00055975635 | F16: =F15-G15 -> 92108.725 | G16: =F16*E16 -> 51.558444 | H16: =F17+G16/2 -> 92082.946 | I16: =SUM(H16:H$106) -> 6088944.1 | J16: =I16/F16 -> 66.106051 | K16: =INDEX(Datos_ONU!$B$111:$EV$211,MATCH($A16,Datos_ONU!$A$111:$A$211,0),MATCH($B16,Datos_ONU!$B$110:$EV$110,0)) -> 1035.344 | L16: =INDEX(Datos_ONU!$B$426:$EV$526,MATCH($A16,Datos_ONU!$A$426:$A$526,0),MATCH($B16,Datos_ONU!$B$425:$EV$425,0)) -> 0.421 | M16: =IF($A16=100,1,L16/(K16+L16/2)) -> 0.00040654548 | N16: =N15-O15 -> 93176.963 | O16: =N16*M16 -> 37.880673 | P16: =N17+O16/2 -> 93158.023 | Q16: =SUM(P16:P$106) -> 6699030.7 | R16: =Q16/N16 -> 71.895783 | S16: =INDEX(Datos_ONU!$B$216:$EV$316,MATCH($A16,Datos_ONU!$A$216:$A$316,0),MATCH($B16,Datos_ONU!$B$215:$EV$215,0)) -> 2094.437 | T16: =INDEX(Datos_ONU!$B$531:$EV$631,MATCH($A16,Datos_ONU!$A$531:$A$631,0),MATCH($B16,Datos_ONU!$B$530:$EV$530,0)) -> 1.013 | U16: =IF($A16=100,1,T16/(S16+T16/2)) -> 0.00048354526 | V16: =V15-W15 -> 92633.222 | W16: =V16*U16 -> 44.792355 | X16: =V17+W16/2 -> 92610.826 | Y16: =SUM(X16:X$106) -> 6405722.2 | Z16: =Y16/V16 -> 69.151456
A17: 11 | B17: =$D$2+$A17 -> 1991 | C17: =INDEX(Datos_ONU!$B$6:$EV$106,MATCH($A17,Datos_ONU!$A$6:$A$106,0),MATCH($B17,Datos_ONU!$B$5:$EV$5,0)) -> 1047.227 | D17: =INDEX(Datos_ONU!$B$321:$EV$421,MATCH($A17,Datos_ONU!$A$321:$A$421,0),MATCH($B17,Datos_ONU!$B$320:$EV$320,0)) -> 0.583 | E17: =IF($A17=100,1,D17/(C17+D17/2)) -> 0.00055655342 | F17: =F16-G16 -> 92057.167 | G17: =F17*E17 -> 51.234731 | H17: =F18+G17/2 -> 92031.549 | I17: =SUM(H17:H$106) -> 5996861.2 | J17: =I17/F17 -> 65.142795 | K17: =INDEX(Datos_ONU!$B$111:$EV$211,MATCH($A17,Datos_ONU!$A$111:$A$211,0),MATCH($B17,Datos_ONU!$B$110:$EV$110,0)) -> 1031.755 | L17: =INDEX(Datos_ONU!$B$426:$EV$526,MATCH($A17,Datos_ONU!$A$426:$A$526,0),MATCH($B17,Datos_ONU!$B$425:$EV$425,0)) -> 0.394 | M17: =IF($A17=100,1,L17/(K17+L17/2)) -> 0.0003818007 | N17: =N16-O16 -> 93139.083 | O17: =N17*M17 -> 35.560567 | P17: =N18+O17/2 -> 93121.302 | Q17: =SUM(P17:P$106) -> 6605872.7 | R17: =Q17/N17 -> 70.92482 | S17: =INDEX(Datos_ONU!$B$216:$EV$316,MATCH($A17,Datos_ONU!$A$216:$A$316,0),MATCH($B17,Datos_ONU!$B$215:$EV$215,0)) -> 2078.982 | T17: =INDEX(Datos_ONU!$B$531:$EV$631,MATCH($A17,Datos_ONU!$A$531:$A$631,0),MATCH($B17,Datos_ONU!$B$530:$EV$530,0)) -> 0.977 | U17: =IF($A17=100,1,T17/(S17+T17/2)) -> 0.00046983114 | V17: =V16-W16 -> 92588.429 | W17: =V17*U17 -> 43.500928 | X17: =V18+W17/2 -> 92566.679 | Y17: =SUM(X17:X$106) -> 6313111.4 | Z17: =Y17/V17 -> 68.184668
A18: 12 | B18: =$D$2+$A18 -> 1992 | C18: =INDEX(Datos_ONU!$B$6:$EV$106,MATCH($A18,Datos_ONU!$A$6:$A$106,0),MATCH($B18,Datos_ONU!$B$5:$EV$5,0)) -> 1034.678 | D18: =INDEX(Datos_ONU!$B$321:$EV$421,MATCH($A18,Datos_ONU!$A$321:$A$421,0),MATCH($B18,Datos_ONU!$B$320:$EV$320,0)) -> 0.604 | E18: =IF($A18=100,1,D18/(C18+D18/2)) -> 0.00058358616 | F18: =F17-G17 -> 92005.932 | G18: =F18*E18 -> 53.693388 | H18: =F19+G18/2 -> 91979.085 | I18: =SUM(H18:H$106) -> 5904829.6 | J18: =I18/F18 -> 64.178793 | K18: =INDEX(Datos_ONU!$B$111:$EV$211,MATCH($A18,Datos_ONU!$A$111:$A$211,0),MATCH($B18,Datos_ONU!$B$110:$EV$110,0)) -> 1028.466 | L18: =INDEX(Datos_ONU!$B$426:$EV$526,MATCH($A18,Datos_ONU!$A$426:$A$526,0),MATCH($B18,Datos_ONU!$B$425:$EV$425,0)) -> 0.377 | M18: =IF($A18=100,1,L18/(K18+L18/2)) -> 0.00036649818 | N18: =N17-O17 -> 93103.522 | O18: =N18*M18 -> 34.122271 | P18: =N19+O18/2 -> 93086.461 | Q18: =SUM(P18:P$106) -> 6512751.4 | R18: =Q18/N18 -> 69.951719 | S18: =INDEX(Datos_ONU!$B$216:$EV$316,MATCH($A18,Datos_ONU!$A$216:$A$316,0),MATCH($B18,Datos_ONU!$B$215:$EV$215,0)) -> 2063.144 | T18: =INDEX(Datos_ONU!$B$531:$EV$631,MATCH($A18,Datos_ONU!$A$531:$A$631,0),MATCH($B18,Datos_ONU!$B$530:$EV$530,0)) -> 0.981 | U18: =IF($A18=100,1,T18/(S18+T18/2)) -> 0.00047537488 | V18: =V17-W17 -> 92544.929 | W18: =V18*U18 -> 43.993534 | X18: =V19+W18/2 -> 92522.932 | Y18: =SUM(X18:X$106) -> 6220544.7 | Z18: =Y18/V18 -> 67.216484
... A105: 99 | B105: =$D$2+$A105 -> 2079 | C105: =INDEX(Datos_ONU!$B$6:$EV$106,MATCH($A105,Datos_ONU!$A$6:$A$106,0),MATCH($B105,Datos_ONU!$B$5:$EV$5,0)) -> 31.329 | D105: =INDEX(Datos_ONU!$B$321:$EV$421,MATCH($A105,Datos_ONU!$A$321:$A$421,0),MATCH($B105,Datos_ONU!$B$320:$EV$320,0)) -> 9.41 | E105: =IF($A105=100,1,D105/(C105+D105/2)) -> 0.26114225 | F105: =F104-G104 -> 4040.4349 | G105: =F105*E105 -> 1055.1283 | H105: =F106+G105/2 -> 3512.8707 | I105: =SUM(H105:H$106) -> 5005.524 | J105: =I105/F105 -> 1.2388577 | K105: =INDEX(Datos_ONU!$B$111:$EV$211,MATCH($A105,Datos_ONU!$A$111:$A$211,0),MATCH($B105,Datos_ONU!$B$110:$EV$110,0)) -> 45.144 | L105: =INDEX(Datos_ONU!$B$426:$EV$526,MATCH($A105,Datos_ONU!$A$426:$A$526,0),MATCH($B105,Datos_ONU!$B$425:$EV$425,0)) -> 15.049 | M105: =IF($A105=100,1,L105/(K105+L105/2)) -> 0.28573056 | N105: =N104-O104 -> 5321.5841 | O105: =N105*M105 -> 1520.5392 | P105: =N106+O105/2 -> 4561.3145 | Q105: =SUM(P105:P$106) -> 6461.8369 | R105: =Q105/N105 -> 1.2142694 | S105: =INDEX(Datos_ONU!$B$216:$EV$316,MATCH($A105,Datos_ONU!$A$216:$A$316,0),MATCH($B105,Datos_ONU!$B$215:$EV$215,0)) -> 76.473 | T105: =INDEX(Datos_ONU!$B$531:$EV$631,MATCH($A105,Datos_ONU!$A$531:$A$631,0),MATCH($B105,Datos_ONU!$B$530:$EV$530,0)) -> 24.459 | U105: =IF($A105=100,1,T105/(S105+T105/2)) -> 0.27574195 | V105: =V104-W104 -> 4710.8553 | W105: =V105*U105 -> 1298.9804 | X105: =V106+W105/2 -> 4061.3651 | Y105: =SUM(X105:X$106) -> 5767.3026 | Z105: =Y105/V105 -> 1.2242581
A106: 100 | B106: =$D$2+$A106 -> 2080 | C106: =INDEX(Datos_ONU!$B$6:$EV$106,MATCH($A106,Datos_ONU!$A$6:$A$106,0),MATCH($B106,Datos_ONU!$B$5:$EV$5,0)) -> 65.993 | D106: =INDEX(Datos_ONU!$B$321:$EV$421,MATCH($A106,Datos_ONU!$A$321:$A$421,0),MATCH($B106,Datos_ONU!$B$320:$EV$320,0)) -> 24.492 | E106: =IF($A106=100,1,D106/(C106+D106/2)) -> 1 | F106: =F105-G105 -> 2985.3066 | G106: =F106*E106 -> 2985.3066 | H106: =G106/2 -> 1492.6533 | I106: =SUM(H106:H$106) -> 1492.6533 | J106: =I106/F106 -> 0.5 | K106: =INDEX(Datos_ONU!$B$111:$EV$211,MATCH($A106,Datos_ONU!$A$111:$A$211,0),MATCH($B106,Datos_ONU!$B$110:$EV$110,0)) -> 96.517 | L106: =INDEX(Datos_ONU!$B$426:$EV$526,MATCH($A106,Datos_ONU!$A$426:$A$526,0),MATCH($B106,Datos_ONU!$B$425:$EV$425,0)) -> 33.996 | M106: =IF($A106=100,1,L106/(K106+L106/2)) -> 1 | N106: =N105-O105 -> 3801.0449 | O106: =N106*M106 -> 3801.0449 | P106: =O106/2 -> 1900.5224 | Q106: =SUM(P106:P$106) -> 1900.5224 | R106: =Q106/N106 -> 0.5 | S106: =INDEX(Datos_ONU!$B$216:$EV$316,MATCH($A106,Datos_ONU!$A$216:$A$316,0),MATCH($B106,Datos_ONU!$B$215:$EV$215,0)) -> 162.511 | T106: =INDEX(Datos_ONU!$B$531:$EV$631,MATCH($A106,Datos_ONU!$A$531:$A$631,0),MATCH($B106,Datos_ONU!$B$530:$EV$530,0)) -> 58.488 | U106: =IF($A106=100,1,T106/(S106+T106/2)) -> 1 | V106: =V105-W105 -> 3411.8749 | W106: =V106*U106 -> 3411.8749 | X106: =W106/2 -> 1705.9375 | Y106: =SUM(X106:X$106) -> 1705.9375 | Z106: =Y106/V106 -> 0.5
A108: Notas: qx = defunciones / (población a mitad de año + defunciones/2); edad 100 = grupo abierto (qx = 1, Lx = dx/2). lx(x+1) = lx − dx; Lx = l(x+1) + dx/2; Tx = suma de Lx desde x; ex = Tx/lx. Población y defunciones se leen de la hoja Datos_ONU en el año g + x.

Sheet Gen_1990
A1: Tabla de mortalidad de la generación 1990 - México (ONU WPP 2024)
A2: Generación (año de nacimiento): | D2: 1990 | F2: Radix: | G2: =Radix -> 100000
E3: e0: | F3: =J6 -> 73.597017 | G3: Control Σdx−radix: | I3: =SUM(G6:G106)-Radix -> 0 | M3: e0: | N3: =R6 -> 79.721334 | O3: Control Σdx−radix: | Q3: =SUM(O6:O106)-Radix -> 0 | U3: e0: | V3: =Z6 -> 76.675841 | W3: Control Σdx−radix: | Y3: =SUM(W6:W106)-Radix -> 0
C4: Hombres | K4: Mujeres | S4: Ambos sexos
A5: Edad x | B5: Año calendario | C5: Población a mitad de año (miles) | D5: Defunciones (miles) | E5: qx | F5: lx | G5: dx | H5: Lx | I5: Tx | J5: ex | K5: Población a mitad de año (miles) | L5: Defunciones (miles) | M5: qx | N5: lx | O5: dx | P5: Lx | Q5: Tx | R5: ex | S5: Población a mitad de año (miles) | T5: Defunciones (miles) | U5: qx | V5: lx | W5: dx | X5: Lx | Y5: Tx | Z5: ex
A6: 0 | B6: =$D$2+$A6 -> 1990 | C6: =INDEX(Datos_ONU!$B$6:$EV$106,MATCH($A6,Datos_ONU!$A$6:$A$106,0),MATCH($B6,Datos_ONU!$B$5:$EV$5,0)) -> 1185.013 | D6: =INDEX(Datos_ONU!$B$321:$EV$421,MATCH($A6,Datos_ONU!$A$321:$A$421,0),MATCH($B6,Datos_ONU!$B$320:$EV$320,0)) -> 49.087 | E6: =IF($A6=100,1,D6/(C6+D6/2)) -> 0.040582643 | F6: =Radix -> 100000 | G6: =F6*E6 -> 4058.2643 | H6: =F7+G6/2 -> 97970.868 | I6: =SUM(H6:H$106) -> 7359701.7 | J6: =I6/F6 -> 73.597017 | K6: =INDEX(Datos_ONU!$B$111:$EV$211,MATCH($A6,Datos_ONU!$A$111:$A$211,0),MATCH($B6,Datos_ONU!$B$110:$EV$110,0)) -> 1147.123 | L6: =INDEX(Datos_ONU!$B$426:$EV$526,MATCH($A6,Datos_ONU!$A$426:$A$526,0),MATCH($B6,Datos_ONU!$B$425:$EV$425,0)) -> 39.157 | M6: =IF($A6=100,1,L6/(K6+L6/2)) -> 0.033562141 | N6: =Radix -> 100000 | O6: =N6*M6 -> 3356.2141 | P6: =N7+O6/2 -> 98321.893 | Q6: =SUM(P6:P$106) -> 7972133.4 | R6: =Q6/N6 -> 79.721334 | S6: =INDEX(Datos_ONU!$B$216:$EV$316,MATCH($A6,Datos_ONU!$A$216:$A$316,0),MATCH($B6,Datos_ONU!$B$215:$EV$215,0)) -> 2332.135 | T6: =INDEX(Datos_ONU!$B$531:$EV$631,MATCH($A6,Datos_ONU!$A$531:$A$631,0),MATCH($B6,Datos_ONU!$B$530:$EV$530,0)) -> 88.245 | U6: =IF($A6=100,1,T6/(S6+T6/2)) -> 0.037136127 | V6: =Radix -> 100000 | W6: =V6*U6 -> 3713.6127 | X6: =V7+W6/2 -> 98143.194 | Y6: =SUM(X6:X$106) -> 7667584.1 | Z6: =Y6/V6 -> 76.675841
A7: 1 | B7: =$D$2+$A7 -> 1991 | C7: =INDEX(Datos_ONU!$B$6:$EV$106,MATCH($A7,Datos_ONU!$A$6:$A$106,0),MATCH($B7,Datos_ONU!$B$5:$EV$5,0)) -> 1160.431 | D7: =INDEX(Datos_ONU!$B$321:$EV$421,MATCH($A7,Datos_ONU!$A$321:$A$421,0),MATCH($B7,Datos_ONU!$B$320:$EV$320,0)) -> 4.243 | E7: =IF($A7=100,1,D7/(C7+D7/2)) -> 0.0036497276 | F7: =F6-G6 -> 95941.736 | G7: =F7*E7 -> 350.16121 | H7: =F8+G7/2 -> 95766.655 | I7: =SUM(H7:H$106) -> 7261730.8 | J7: =I7/F7 -> 75.688967 | K7: =INDEX(Datos_ONU!$B$111:$EV$211,MATCH($A7,Datos_ONU!$A$111:$A$211,0),MATCH($B7,Datos_ONU!$B$110:$EV$110,0)) -> 1127.078 | L7: =INDEX(Datos_ONU!$B$426:$EV$526,MATCH($A7,Datos_ONU!$A$426:$A$526,0),MATCH($B7,Datos_ONU!$B$425:$EV$425,0)) -> 4.02 | M7: =IF($A7=100,1,L7/(K7+L7/2)) -> 0.0035603956 | N7: =N6-O6 -> 96643.786 | O7: =N7*M7 -> 344.09011 | P7: =N8+O7/2 -> 96471.741 | Q7: =SUM(P7:P$106) -> 7873811.5 | R7: =Q7/N7 -> 81.472507 | S7: =INDEX(Datos_ONU!$B$216:$EV$316,MATCH($A7,Datos_ONU!$A$216:$A$316,0),MATCH($B7,Datos_ONU!$B$215:$EV$215,0)) -> 2287.508 | T7: =INDEX(Datos_ONU!$B$531:$EV$631,MATCH($A7,Datos_ONU!$A$531:$A$631,0),MATCH($B7,Datos_ONU!$B$530:$EV$530,0)) -> 8.263 | U7: =IF($A7=100,1,T7/(S7+T7/2)) -> 0.0036057155 | V7: =V6-W6 -> 96286.387 | W7: =V7*U7 -> 347.18132 | X7: =V8+W7/2 -> 96112.797 | Y7: =SUM(X7:X$106) -> 7569440.9 | Z7: =Y7/V7 -> 78.613822
A8: 2 | B8: =$D$2+$A8 -> 1992 | C8: =INDEX(Datos_ONU!$B$6:$EV$106,MATCH($A8,Datos_ONU!$A$6:$A$106,0),MATCH($B8,Datos_ONU!$B$5:$EV$5,0)) -> 1154.561 | D8: =INDEX(Datos_ONU!$B$321:$EV$421,MATCH($A8,Datos_ONU!$A$321:$A$421,0),MATCH($B8,Datos_ONU!$B$320:$EV$320,0)) -> 2.687 | E8: =IF($A8=100,1,D8/(C8+D8/2)) -> 0.0023245865 | F8: =F7-G7 -> 95591.574 | G8: =F8*E8 -> 222.21088 | H8: =F9+G8/2 -> 95480.469 | I8: =SUM(H8:H$106) -> 7165964.2 | J8: =I8/F8 -> 74.964391 | K8: =INDEX(Datos_ONU!$B$111:$EV$211,MATCH($A8,Datos_ONU!$A$111:$A$211,0),MATCH($B8,Datos_ONU!$B$110:$EV$110,0)) -> 1122.137 | L8: =INDEX(Datos_ONU!$B$426:$EV$526,MATCH($A8,Datos_ONU!$A$426:$A$526,0),MATCH($B8,Datos_ONU!$B$425:$EV$425,0)) -> 2.395 | M8: =IF($A8=100,1,L8/(K8+L8/2)) -> 0.0021320453 | N8: =N7-O7 -> 96299.696 | O8: =N8*M8 -> 205.31531 | P8: =N9+O8/2 -> 96197.038 | Q8: =SUM(P8:P$106) -> 7777339.8 | R8: =Q8/N8 -> 80.761831 | S8: =INDEX(Datos_ONU!$B$216:$EV$316,MATCH($A8,Datos_ONU!$A$216:$A$316,0),MATCH($B8,Datos_ONU!$B$215:$EV$215,0)) -> 2276.698 | T8: =INDEX(Datos_ONU!$B$531:$EV$631,MATCH($A8,Datos_ONU!$A$531:$A$631,0),MATCH($B8,Datos_ONU!$B$530:$EV$530,0)) -> 5.082 | U8: =IF($A8=100,1,T8/(S8+T8/2)) -> 0.0022296916 | V8: =V7-W7 -> 95939.206 | W8: =V8*U8 -> 213.91484 | X8: =V9+W8/2 -> 95832.249 | Y8: =SUM(X8:X$106) -> 7473328.1 | Z8: =Y8/V8 -> 77.896497
A9: 3 | B9: =$D$2+$A9 -> 1993 | C9: =INDEX(Datos_ONU!$B$6:$EV$106,MATCH($A9,Datos_ONU!$A$6:$A$106,0),MATCH($B9,Datos_ONU!$B$5:$EV$5,0)) -> 1152.268 | D9: =INDEX(Datos_ONU!$B$321:$EV$421,MATCH($A9,Datos_ONU!$A$321:$A$421,0),MATCH($B9,Datos_ONU!$B$320:$EV$320,0)) -> 1.68 | E9: =IF($A9=100,1,D9/(C9+D9/2)) -> 0.001456932 | F9: =F8-G8 -> 95369.364 | G9: =F9*E9 -> 138.94668 | H9: =F10+G9/2 -> 95299.89 | I9: =SUM(H9:H$106) -> 7070483.7 | J9: =I9/F9 -> 74.137893 | K9: =INDEX(Datos_ONU!$B$111:$EV$211,MATCH($A9,Datos_ONU!$A$111:$A$211,0),MATCH($B9,Datos_ONU!$B$110:$EV$110,0)) -> 1119.724 | L9: =INDEX(Datos_ONU!$B$426:$EV$526,MATCH($A9,Datos_ONU!$A$426:$A$526,0),MATCH($B9,Datos_ONU!$B$425:$EV$425,0)) -> 1.393 | M9: =IF($A9=100,1,L9/(K9+L9/2)) -> 0.0012432832 | N9: =N8-O8 -> 96094.38 | O9: =N9*M9 -> 119.47253 | P9: =N10+O9/2 -> 96034.644 | Q9: =SUM(P9:P$106) -> 7681142.7 | R9: =Q9/N9 -> 79.933318 | S9: =INDEX(Datos_ONU!$B$216:$EV$316,MATCH($A9,Datos_ONU!$A$216:$A$316,0),MATCH($B9,Datos_ONU!$B$215:$EV$215,0)) -> 2271.992 | T9: =INDEX(Datos_ONU!$B$531:$EV$631,MATCH($A9,Datos_ONU!$A$531:$A$631,0),MATCH($B9,Datos_ONU!$B$530:$EV$530,0)) -> 3.072 | U9: =IF($A9=100,1,T9/(S9+T9/2)) -> 0.0013512039 | V9: =V8-W8 -> 95725.291 | W9: =V9*U9 -> 129.34439 | X9: =V10+W9/2 -> 95660.619 | Y9: =SUM(X9:X$106) -> 7377495.9 | Z9: =Y9/V9 -> 77.069453
A10: 4 | B10: =$D$2+$A10 -> 1994 | C10: =INDEX(Datos_ONU!$B$6:$EV$106,MATCH($A10,Datos_ONU!$A$6:$A$106,0),MATCH($B10,Datos_ONU!$B$5:$EV$5,0)) -> 1151.014 | D10: =INDEX(Datos_ONU!$B$321:$EV$421,MATCH($A10,Datos_ONU!$A$321:$A$421,0),MATCH($B10,Datos_ONU!$B$320:$EV$320,0)) -> 1.097 | E10: =IF($A10=100,1,D10/(C10+D10/2)) -> 0.00095261872 | F10: =F9-G9 -> 95230.417 | G10: =F10*E10 -> 90.718278 | H10: =F11+G10/2 -> 95185.058 | I10: =SUM(H10:H$106) -> 6975183.8 | J10: =I10/F10 -> 73.245335 | K10: =INDEX(Datos_ONU!$B$111:$EV$211,MATCH($A10,Datos_ONU!$A$111:$A$211,0),MATCH($B10,Datos_ONU!$B$110:$EV$110,0)) -> 1118.363 | L10: =INDEX(Datos_ONU!$B$426:$EV$526,MATCH($A10,Datos_ONU!$A$426:$A$526,0),MATCH($B10,Datos_ONU!$B$425:$EV$425,0)) -> 0.843 | M10: =IF($A10=100,1,L10/(K10+L10/2)) -> 0.00075349632 | N10: =N9-O9 -> 95974.908 | O10: =N10*M10 -> 72.31674 | P10: =N11+O10/2 -> 95938.75 | Q10: =SUM(P10:P$106) -> 7585108.1 | R10: =Q10/N10 -> 79.0322 | S10: =INDEX(Datos_ONU!$B$216:$EV$316,MATCH($A10,Datos_ONU!$A$216:$A$316,0),MATCH($B10,Datos_ONU!$B$215:$EV$215,0)) -> 2269.377 | T10: =INDEX(Datos_ONU!$B$531:$EV$631,MATCH($A10,Datos_ONU!$A$531:$A$631,0),MATCH($B10,Datos_ONU!$B$530:$EV$530,0)) -> 1.94 | U10: =IF($A10=100,1,T10/(S10+T10/2)) -> 0.00085449493 | V10: =V9-W9 -> 95595.947 | W10: =V10*U10 -> 81.686252 | X10: =V11+W10/2 -> 95555.104 | Y10: =SUM(X10:X$106) -> 7281835.2 | Z10: =Y10/V10 -> 76.173054
A11: 5 | B11: =$D$2+$A11 -> 1995 | C11: =INDEX(Datos_ONU!$B$6:$EV$106,MATCH($A11,Datos_ONU!$A$6:$A$106,0),MATCH($B11,Datos_ONU!$B$5:$EV$5,0)) -> 1150.383 | D11: =INDEX(Datos_ONU!$B$321:$EV$421,MATCH($A11,Datos_ONU!$A$321:$A$421,0),MATCH($B11,Datos_ONU!$B$320:$EV$320,0)) -> 0.739 | E11: =IF($A11=100,1,D11/(C11+D11/2)) -> 0.00064218848 | F11: =F10-G10 -> 95139.699 | G11: =F11*E11 -> 61.097619 | H11: =F12+G11/2 -> 95109.15 | I11: =SUM(H11:H$106) -> 6879998.7 | J11: =I11/F11 -> 72.3147 | K11: =INDEX(Datos_ONU!$B$111:$EV$211,MATCH($A11,Datos_ONU!$A$111:$A$211,0),MATCH($B11,Datos_ONU!$B$110:$EV$110,0)) -> 1117.599 | L11: =INDEX(Datos_ONU!$B$426:$EV$526,MATCH($A11,Datos_ONU!$A$426:$A$526,0),MATCH($B11,Datos_ONU!$B$425:$EV$425,0)) -> 0.527 | M11: =IF($A11=100,1,L11/(K11+L11/2)) -> 0.00047143544 | N11: =N10-O10 -> 95902.591 | O11: =N11*M11 -> 45.21188 | P11: =N12+O11/2 -> 95879.985 | Q11: =SUM(P11:P$106) -> 7489169.3 | R11: =Q11/N11 -> 78.091418 | S11: =INDEX(Datos_ONU!$B$216:$EV$316,MATCH($A11,Datos_ONU!$A$216:$A$316,0),MATCH($B11,Datos_ONU!$B$215:$EV$215,0)) -> 2267.981 | T11: =INDEX(Datos_ONU!$B$531:$EV$631,MATCH($A11,Datos_ONU!$A$531:$A$631,0),MATCH($B11,Datos_ONU!$B$530:$EV$530,0)) -> 1.265 | U11: =IF($A11=100,1,T11/(S11+T11/2)) -> 0.00055760931 | V11: =V10-W10 -> 95514.261 | W11: =V11*U11 -> 53.259641 | X11: =V12+W11/2 -> 95487.631 | Y11: =SUM(X11:X$106) -> 7186280.1 | Z11: =Y11/V11 -> 75.237772
A12: 6 | B12: =$D$2+$A12 -> 1996 | C12: =INDEX(Datos_ONU!$B$6:$EV$106,MATCH($A12,Datos_ONU!$A$6:$A$106,0),MATCH($B12,Datos_ONU!$B$5:$EV$5,0)) -> 1150.121 | D12: =INDEX(Datos_ONU!$B$321:$EV$421,MATCH($A12,Datos_ONU!$A$321:$A$421,0),MATCH($B12,Datos_ONU!$B$320:$EV$320,0)) -> 0.537 | E12: =IF($A12=100,1,D12/(C12+D12/2)) -> 0.00046679842 | F12: =F11-G11 -> 95078.601 | G12: =F12*E12 -> 44.382541 | H12: =F13+G12/2 -> 95056.41 | I12: =SUM(H12:H$106) -> 6784889.6 | J12: =I12/F12 -> 71.360848 | K12: =INDEX(Datos_ONU!$B$111:$EV$211,MATCH($A12,Datos_ONU!$A$111:$A$211,0),MATCH($B12,Datos_ONU!$B$110:$EV$110,0)) -> 1117.159 | L12: =INDEX(Datos_ONU!$B$426:$EV$526,MATCH($A12,Datos_ONU!$A$426:$A$526,0),MATCH($B12,Datos_ONU!$B$425:$EV$425,0)) -> 0.38 | M12: =IF($A12=100,1,L12/(K12+L12/2)) -> 0.0003400907 | N12: =N11-O11 -> 95857.379 | O12: =N12*M12 -> 32.600203 | P12: =N13+O12/2 -> 95841.079 | Q12: =SUM(P12:P$106) -> 7393289.3 | R12: =Q12/N12 -> 77.128014 | S12: =INDEX(Datos_ONU!$B$216:$EV$316,MATCH($A12,Datos_ONU!$A$216:$A$316,0),MATCH($B12,Datos_ONU!$B$215:$EV$215,0)) -> 2267.281 | T12: =INDEX(Datos_ONU!$B$531:$EV$631,MATCH($A12,Datos_ONU!$A$531:$A$631,0),MATCH($B12,Datos_ONU!$B$530:$EV$530,0)) -> 0.917 | U12: =IF($A12=100,1,T12/(S12+T12/2)) -> 0.00040436743 | V12: =V11-W11 -> 95461.001 | W12: =V12*U12 -> 38.60132 | X12: =V13+W12/2 -> 95441.7 | Y12: =SUM(X12:X$106) -> 7090792.5 | Z12: =Y12/V12 -> 74.27947
A13: 7 | B13: =$D$2+$A13 -> 1997 | C13: =INDEX(Datos_ONU!$B$6:$EV$106,MATCH($A13,Datos_ONU!$A$6:$A$106,0),MATCH($B13,Datos_ONU!$B$5:$EV$5,0)) -> 1150.071 | D13: =INDEX(Datos_ONU!$B$321:$EV$421,MATCH($A13,Datos_ONU!$A$321:$A$421,0),MATCH($B13,Datos_ONU!$B$320:$EV$320,0)) -> 0.433 | E13: =IF($A13=100,1,D13/(C13+D13/2)) -> 0.00037642763 | F13: =F12-G12 -> 95034.218 | G13: =F13*E13 -> 35.773506 | H13: =F14+G13/2 -> 95016.332 | I13: =SUM(H13:H$106) -> 6689833.2 | J13: =I13/F13 -> 70.393941 | K13: =INDEX(Datos_ONU!$B$111:$EV$211,MATCH($A13,Datos_ONU!$A$111:$A$211,0),MATCH($B13,Datos_ONU!$B$110:$EV$110,0)) -> 1116.887 | L13: =INDEX(Datos_ONU!$B$426:$EV$526,MATCH($A13,Datos_ONU!$A$426:$A$526,0),MATCH($B13,Datos_ONU!$B$425:$EV$425,0)) -> 0.304 | M13: =IF($A13=100,1,L13/(K13+L13/2)) -> 0.00027214806 | N13: =N12-O12 -> 95824.779 | O13: =N13*M13 -> 26.078528 | P13: =N14+O13/2 -> 95811.74 | Q13: =SUM(P13:P$106) -> 7297448.3 | R13: =Q13/N13 -> 76.154084 | S13: =INDEX(Datos_ONU!$B$216:$EV$316,MATCH($A13,Datos_ONU!$A$216:$A$316,0),MATCH($B13,Datos_ONU!$B$215:$EV$215,0)) -> 2266.958 | T13: =INDEX(Datos_ONU!$B$531:$EV$631,MATCH($A13,Datos_ONU!$A$531:$A$631,0),MATCH($B13,Datos_ONU!$B$530:$EV$530,0)) -> 0.737 | U13: =IF($A13=100,1,T13/(S13+T13/2)) -> 0.00032505244 | V13: =V12-W12 -> 95422.4 | W13: =V13*U13 -> 31.017283 | X13: =V14+W13/2 -> 95406.891 | Y13: =SUM(X13:X$106) -> 6995350.8 | Z13: =Y13/V13 -> 73.309316
A14: 8 | B14: =$D$2+$A14 -> 1998 | C14: =INDEX(Datos_ONU!$B$6:$EV$106,MATCH($A14,Datos_ONU!$A$6:$A$106,0),MATCH($B14,Datos_ONU!$B$5:$EV$5,0)) -> 1150.134 | D14: =INDEX(Datos_ONU!$B$321:$EV$421,MATCH($A14,Datos_ONU!$A$321:$A$421,0),MATCH($B14,Datos_ONU!$B$320:$EV$320,0)) -> 0.385 | E14: =IF($A14=100,1,D14/(C14+D14/2)) -> 0.00033468759 | F14: =F13-G13 -> 94998.445 | G14: =F14*E14 -> 31.7948 | H14: =F15+G14/2 -> 94982.548 | I14: =SUM(H14:H$106) -> 6594816.9 | J14: =I14/F14 -> 69.420261 | K14: =INDEX(Datos_ONU!$B$111:$EV$211,MATCH($A14,Datos_ONU!$A$111:$A$211,0),MATCH($B14,Datos_ONU!$B$110:$EV$110,0)) -> 1116.696 | L14: =INDEX(Datos_ONU!$B$426:$EV$526,MATCH($A14,Datos_ONU!$A$426:$A$526,0),MATCH($B14,Datos_ONU!$B$425:$EV$425,0)) -> 0.272 | M14: =IF($A14=100,1,L14/(K14+L14/2)) -> 0.00024354603 | N14: =N13-O13 -> 95798.701 | O14: =N14*M14 -> 23.331393 | P14: =N15+O14/2 -> 95787.035 | Q14: =SUM(P14:P$106) -> 7201636.5 | R14: =Q14/N14 -> 75.174679 | S14: =INDEX(Datos_ONU!$B$216:$EV$316,MATCH($A14,Datos_ONU!$A$216:$A$316,0),MATCH($B14,Datos_ONU!$B$215:$EV$215,0)) -> 2266.831 | T14: =INDEX(Datos_ONU!$B$531:$EV$631,MATCH($A14,Datos_ONU!$A$531:$A$631,0),MATCH($B14,Datos_ONU!$B$530:$EV$530,0)) -> 0.657 | U14: =IF($A14=100,1,T14/(S14+T14/2)) -> 0.00028978993 | V14: =V13-W13 -> 95391.382 | W14: =V14*U14 -> 27.643462 | X14: =V15+W14/2 -> 95377.561 | Y14: =SUM(X14:X$106) -> 6899943.9 | Z14: =Y14/V14 -> 72.33299
A15: 9 | B15: =$D$2+$A15 -> 1999 | C15: =INDEX(Datos_ONU!$B$6:$EV$106,MATCH($A15,Datos_ONU!$A$6:$A$106,0),MATCH($B15,Datos_ONU!$B$5:$EV$5,0)) -> 1150.249 | D15: =INDEX(Datos_ONU!$B$321:$EV$421,MATCH($A15,Datos_ONU!$A$321:$A$421,0),MATCH($B15,Datos_ONU!$B$320:$EV$320,0)) -> 0.377 | E15: =IF($A15=100,1,D15/(C15+D15/2)) -> 0.00032770142 | F15: =F14-G14 -> 94966.65 | G15: =F15*E15 -> 31.120706 | H15: =F16+G15/2 -> 94951.09 | I15: =SUM(H15:H$106) -> 6499834.3 | J15: =I15/F15 -> 68.443336 | K15: =INDEX(Datos_ONU!$B$111:$EV$211,MATCH($A15,Datos_ONU!$A$111:$A$211,0),MATCH($B15,Datos_ONU!$B$110:$EV$110,0)) -> 1116.543 | L15: =INDEX(Datos_ONU!$B$426:$EV$526,MATCH($A15,Datos_ONU!$A$426:$A$526,0),MATCH($B15,Datos_ONU!$B$425:$EV$425,0)) -> 0.264 | M15: =IF($A15=100,1,L15/(K15+L15/2)) -> 0.00023641615 | N15: =N14-O14 -> 95775.369 | O15: =N15*M15 -> 22.642844 | P15: =N16+O15/2 -> 95764.048 | Q15: =SUM(P15:P$106) -> 7105849.5 | R15: =Q15/N15 -> 74.19287 | S15: =INDEX(Datos_ONU!$B$216:$EV$316,MATCH($A15,Datos_ONU!$A$216:$A$316,0),MATCH($B15,Datos_ONU!$B$215:$EV$215,0)) -> 2266.793 | T15: =INDEX(Datos_ONU!$B$531:$EV$631,MATCH($A15,Datos_ONU!$A$531:$A$631,0),MATCH($B15,Datos_ONU!$B$530:$EV$530,0)) -> 0.641 | U15: =IF($A15=100,1,T15/(S15+T15/2)) -> 0.00028273838 | V15: =V14-W14 -> 95363.739 | W15: =V15*U15 -> 26.962989 | X15: =V16+W15/2 -> 95350.257 | Y15: =SUM(X15:X$106) -> 6804566.4 | Z15: =Y15/V15 -> 71.353813
A16: 10 | B16: =$D$2+$A16 -> 2000 | C16: =INDEX(Datos_ONU!$B$6:$EV$106,MATCH($A16,Datos_ONU!$A$6:$A$106,0),MATCH($B16,Datos_ONU!$B$5:$EV$5,0)) -> 1147.632 | D16: =INDEX(Datos_ONU!$B$321:$EV$421,MATCH($A16,Datos_ONU!$A$321:$A$421,0),MATCH($B16,Datos_ONU!$B$320:$EV$320,0)) -> 0.38 | E16: =IF($A16=100,1,D16/(C16+D16/2)) -> 0.00033106178 | F16: =F15-G15 -> 94935.529 | G16: =F16*E16 -> 31.429526 | H16: =F17+G16/2 -> 94919.815 | I16: =SUM(H16:H$106) -> 6404883.2 | J16: =I16/F16 -> 67.465608 | K16: =INDEX(Datos_ONU!$B$111:$EV$211,MATCH($A16,Datos_ONU!$A$111:$A$211,0),MATCH($B16,Datos_ONU!$B$110:$EV$110,0)) -> 1115.534 | L16: =INDEX(Datos_ONU!$B$426:$EV$526,MATCH($A16,Datos_ONU!$A$426:$A$526,0),MATCH($B16,Datos_ONU!$B$425:$EV$425,0)) -> 0.265 | M16: =IF($A16=100,1,L16/(K16+L16/2)) -> 0.00023752618 | N16: =N15-O15 -> 95752.726 | O16: =N16*M16 -> 22.743779 | P16: =N17+O16/2 -> 95741.354 | Q16: =SUM(P16:P$106) -> 7010085.4 | R16: =Q16/N16 -> 73.210296 | S16: =INDEX(Datos_ONU!$B$216:$EV$316,MATCH($A16,Datos_ONU!$A$216:$A$316,0),MATCH($B16,Datos_ONU!$B$215:$EV$215,0)) -> 2263.166 | T16: =INDEX(Datos_ONU!$B$531:$EV$631,MATCH($A16,Datos_ONU!$A$531:$A$631,0),MATCH($B16,Datos_ONU!$B$530:$EV$530,0)) -> 0.645 | U16: =IF($A16=100,1,T16/(S16+T16/2)) -> 0.00028495837 | V16: =V15-W15 -> 95336.776 | W16: =V16*U16 -> 27.167013 | X16: =V17+W16/2 -> 95323.192 | Y16: =SUM(X16:X$106) -> 6709216.1 | Z16: =Y16/V16 -> 70.373851
A17: 11 | B17: =$D$2+$A17 -> 2001 | C17: =INDEX(Datos_ONU!$B$6:$EV$106,MATCH($A17,Datos_ONU!$A$6:$A$106,0),MATCH($B17,Datos_ONU!$B$5:$EV$5,0)) -> 1140.306 | D17: =INDEX(Datos_ONU!$B$321:$EV$421,MATCH($A17,Datos_ONU!$A$321:$A$421,0),MATCH($B17,Datos_ONU!$B$320:$EV$320,0)) -> 0.411 | E17: =IF($A17=100,1,D17/(C17+D17/2)) -> 0.00036036463 | F17: =F16-G16 -> 94904.1 | G17: =F17*E17 -> 34.20008 | H17: =F18+G17/2 -> 94887 | I17: =SUM(H17:H$106) -> 6309963.4 | J17: =I17/F17 -> 66.487785 | K17: =INDEX(Datos_ONU!$B$111:$EV$211,MATCH($A17,Datos_ONU!$A$111:$A$211,0),MATCH($B17,Datos_ONU!$B$110:$EV$110,0)) -> 1112.495 | L17: =INDEX(Datos_ONU!$B$426:$EV$526,MATCH($A17,Datos_ONU!$A$426:$A$526,0),MATCH($B17,Datos_ONU!$B$425:$EV$425,0)) -> 0.285 | M17: =IF($A17=100,1,L17/(K17+L17/2)) -> 0.00025614812 | N17: =N16-O16 -> 95729.983 | O17: =N17*M17 -> 24.521055 | P17: =N18+O17/2 -> 95717.722 | Q17: =SUM(P17:P$106) -> 6914344.1 | R17: =Q17/N17 -> 72.227571 | S17: =INDEX(Datos_ONU!$B$216:$EV$316,MATCH($A17,Datos_ONU!$A$216:$A$316,0),MATCH($B17,Datos_ONU!$B$215:$EV$215,0)) -> 2252.802 | T17: =INDEX(Datos_ONU!$B$531:$EV$631,MATCH($A17,Datos_ONU!$A$531:$A$631,0),MATCH($B17,Datos_ONU!$B$530:$EV$530,0)) -> 0.696 | U17: =IF($A17=100,1,T17/(S17+T17/2)) -> 0.00030890087 | V17: =V16-W16 -> 95309.609 | W17: =V17*U17 -> 29.441221 | X17: =V18+W17/2 -> 95294.888 | Y17: =SUM(X17:X$106) -> 6613892.9 | Z17: =Y17/V17 -> 69.393768
A18: 12 | B18: =$D$2+$A18 -> 2002 | C18: =INDEX(Datos_ONU!$B$6:$EV$106,MATCH($A18,Datos_ONU!$A$6:$A$106,0),MATCH($B18,Datos_ONU!$B$5:$EV$5,0)) -> 1131.982 | D18: =INDEX(Datos_ONU!$B$321:$EV$421,MATCH($A18,Datos_ONU!$A$321:$A$421,0),MATCH($B18,Datos_ONU!$B$320:$EV$320,0)) -> 0.473 | E18: =IF($A18=100,1,D18/(C18+D18/2)) -> 0.00041776389 | F18: =F17-G17 -> 94869.9 | G18: =F18*E18 -> 39.633218 | H18: =F19+G18/2 -> 94850.083 | I18: =SUM(H18:H$106) -> 6215076.4 | J18: =I18/F18 -> 65.511573 | K18: =INDEX(Datos_ONU!$B$111:$EV$211,MATCH($A18,Datos_ONU!$A$111:$A$211,0),MATCH($B18,Datos_ONU!$B$110:$EV$110,0)) -> 1108.447 | L18: =INDEX(Datos_ONU!$B$426:$EV$526,MATCH($A18,Datos_ONU!$A$426:$A$526,0),MATCH($B18,Datos_ONU!$B$425:$EV$425,0)) -> 0.325 | M18: =IF($A18=100,1,L18/(K18+L18/2)) -> 0.00029316004 | N18: =N17-O17 -> 95705.462 | O18: =N18*M18 -> 28.057016 | P18: =N19+O18/2 -> 95691.433 | Q18: =SUM(P18:P$106) -> 6818626.4 | R18: =Q18/N18 -> 71.245948 | S18: =INDEX(Datos_ONU!$B$216:$EV$316,MATCH($A18,Datos_ONU!$A$216:$A$316,0),MATCH($B18,Datos_ONU!$B$215:$EV$215,0)) -> 2240.428 | T18: =INDEX(Datos_ONU!$B$531:$EV$631,MATCH($A18,Datos_ONU!$A$531:$A$631,0),MATCH($B18,Datos_ONU!$B$530:$EV$530,0)) -> 0.799 | U18: =IF($A18=100,1,T18/(S18+T18/2)) -> 0.00035656471 | V18: =V17-W17 -> 95280.168 | W18: =V18*U18 -> 33.973545 | X18: =V19+W18/2 -> 95263.181 | Y18: =SUM(X18:X$106) -> 6518598 | Z18: =Y18/V18 -> 68.415056
... A105: 99 | B105: =$D$2+$A105 -> 2089 | C105: =INDEX(Datos_ONU!$B$6:$EV$106,MATCH($A105,Datos_ONU!$A$6:$A$106,0),MATCH($B105,Datos_ONU!$B$5:$EV$5,0)) -> 50.167 | D105: =INDEX(Datos_ONU!$B$321:$EV$421,MATCH($A105,Datos_ONU!$A$321:$A$421,0),MATCH($B105,Datos_ONU!$B$320:$EV$320,0)) -> 14.387 | E105: =IF($A105=100,1,D105/(C105+D105/2)) -> 0.2508172 | F105: =F104-G104 -> 5375.1579 | G105: =F105*E105 -> 1348.1821 | H105: =F106+G105/2 -> 4701.0669 | I105: =SUM(H105:H$106) -> 6714.5548 | J105: =I105/F105 -> 1.2491828 | K105: =INDEX(Datos_ONU!$B$111:$EV$211,MATCH($A105,Datos_ONU!$A$111:$A$211,0),MATCH($B105,Datos_ONU!$B$110:$EV$110,0)) -> 67.767 | L105: =INDEX(Datos_ONU!$B$426:$EV$526,MATCH($A105,Datos_ONU!$A$426:$A$526,0),MATCH($B105,Datos_ONU!$B$425:$EV$425,0)) -> 20.969 | M105: =IF($A105=100,1,L105/(K105+L105/2)) -> 0.2679693 | N105: =N104-O104 -> 7172.6926 | O105: =N105*M105 -> 1922.0614 | P105: =N106+O105/2 -> 6211.6619 | Q105: =SUM(P105:P$106) -> 8836.9775 | R105: =Q105/N105 -> 1.2320307 | S105: =INDEX(Datos_ONU!$B$216:$EV$316,MATCH($A105,Datos_ONU!$A$216:$A$316,0),MATCH($B105,Datos_ONU!$B$215:$EV$215,0)) -> 117.934 | T105: =INDEX(Datos_ONU!$B$531:$EV$631,MATCH($A105,Datos_ONU!$A$531:$A$631,0),MATCH($B105,Datos_ONU!$B$530:$EV$530,0)) -> 35.356 | U105: =IF($A105=100,1,T105/(S105+T105/2)) -> 0.26071439 | V105: =V104-W104 -> 6282.1114 | W105: =V105*U105 -> 1637.8369 | X105: =V106+W105/2 -> 5463.193 | Y105: =SUM(X105:X$106) -> 7785.3303 | Z105: =Y105/V105 -> 1.2392856
A106: 100 | B106: =$D$2+$A106 -> 2090 | C106: =INDEX(Datos_ONU!$B$6:$EV$106,MATCH($A106,Datos_ONU!$A$6:$A$106,0),MATCH($B106,Datos_ONU!$B$5:$EV$5,0)) -> 107.905 | D106: =INDEX(Datos_ONU!$B$321:$EV$421,MATCH($A106,Datos_ONU!$A$321:$A$421,0),MATCH($B106,Datos_ONU!$B$320:$EV$320,0)) -> 38.519 | E106: =IF($A106=100,1,D106/(C106+D106/2)) -> 1 | F106: =F105-G105 -> 4026.9759 | G106: =F106*E106 -> 4026.9759 | H106: =G106/2 -> 2013.4879 | I106: =SUM(H106:H$106) -> 2013.4879 | J106: =I106/F106 -> 0.5 | K106: =INDEX(Datos_ONU!$B$111:$EV$211,MATCH($A106,Datos_ONU!$A$111:$A$211,0),MATCH($B106,Datos_ONU!$B$110:$EV$110,0)) -> 152.478 | L106: =INDEX(Datos_ONU!$B$426:$EV$526,MATCH($A106,Datos_ONU!$A$426:$A$526,0),MATCH($B106,Datos_ONU!$B$425:$EV$425,0)) -> 51.192 | M106: =IF($A106=100,1,L106/(K106+L106/2)) -> 1 | N106: =N105-O105 -> 5250.6312 | O106: =N106*M106 -> 5250.6312 | P106: =O106/2 -> 2625.3156 | Q106: =SUM(P106:P$106) -> 2625.3156 | R106: =Q106/N106 -> 0.5 | S106: =INDEX(Datos_ONU!$B$216:$EV$316,MATCH($A106,Datos_ONU!$A$216:$A$316,0),MATCH($B106,Datos_ONU!$B$215:$EV$215,0)) -> 260.383 | T106: =INDEX(Datos_ONU!$B$531:$EV$631,MATCH($A106,Datos_ONU!$A$531:$A$631,0),MATCH($B106,Datos_ONU!$B$530:$EV$530,0)) -> 89.71 | U106: =IF($A106=100,1,T106/(S106+T106/2)) -> 1 | V106: =V105-W105 -> 4644.2746 | W106: =V106*U106 -> 4644.2746 | X106: =W106/2 -> 2322.1373 | Y106: =SUM(X106:X$106) -> 2322.1373 | Z106: =Y106/V106 -> 0.5
A108: Notas: qx = defunciones / (población a mitad de año + defunciones/2); edad 100 = grupo abierto (qx = 1, Lx = dx/2). lx(x+1) = lx − dx; Lx = l(x+1) + dx/2; Tx = suma de Lx desde x; ex = Tx/lx. Población y defunciones se leen de la hoja Datos_ONU en el año g + x.

Sheet Gen_2000
A1: Tabla de mortalidad de la generación 2000 - México (ONU WPP 2024)
A2: Generación (año de nacimiento): | D2: 2000 | F2: Radix: | G2: =Radix -> 100000
E3: e0: | F3: =J6 -> 76.609305 | G3: Control Σdx−radix: | I3: =SUM(G6:G106)-Radix -> 0 | M3: e0: | N3: =R6 -> 82.314803 | O3: Control Σdx−radix: | Q3: =SUM(O6:O106)-Radix -> 0 | U3: e0: | V3: =Z6 -> 79.426841 | W3: Control Σdx−radix: | Y3: =SUM(W6:W106)-Radix -> 0
C4: Hombres | K4: Mujeres | S4: Ambos sexos
A5: Edad x | B5: Año calendario | C5: Población a mitad de año (miles) | D5: Defunciones (miles) | E5: qx | F5: lx | G5: dx | H5: Lx | I5: Tx | J5: ex | K5: Población a mitad de año (miles) | L5: Defunciones (miles) | M5: qx | N5: lx | O5: dx | P5: Lx | Q5: Tx | R5: ex | S5: Población a mitad de año (miles) | T5: Defunciones (miles) | U5: qx | V5: lx | W5: dx | X5: Lx | Y5: Tx | Z5: ex
A6: 0 | B6: =$D$2+$A6 -> 2000 | C6: =INDEX(Datos_ONU!$B$6:$EV$106,MATCH($A6,Datos_ONU!$A$6:$A$106,0),MATCH($B6,Datos_ONU!$B$5:$EV$5,0)) -> 1176.271 | D6: =INDEX(Datos_ONU!$B$321:$EV$421,MATCH($A6,Datos_ONU!$A$321:$A$421,0),MATCH($B6,Datos_ONU!$B$320:$EV$320,0)) -> 31.114 | E6: =IF($A6=100,1,D6/(C6+D6/2)) -> 0.026106116 | F6: =Radix -> 100000 | G6: =F6*E6 -> 2610.6116 | H6: =F7+G6/2 -> 98694.694 | I6: =SUM(H6:H$106) -> 7660930.5 | J6: =I6/F6 -> 76.609305 | K6: =INDEX(Datos_ONU!$B$111:$EV$211,MATCH($A6,Datos_ONU!$A$111:$A$211,0),MATCH($B6,Datos_ONU!$B$110:$EV$110,0)) -> 1138.154 | L6: =INDEX(Datos_ONU!$B$426:$EV$526,MATCH($A6,Datos_ONU!$A$426:$A$526,0),MATCH($B6,Datos_ONU!$B$425:$EV$425,0)) -> 24.087 | M6: =IF($A6=100,1,L6/(K6+L6/2)) -> 0.020941621 | N6: =Radix -> 100000 | O6: =N6*M6 -> 2094.1621 | P6: =N7+O6/2 -> 98952.919 | Q6: =SUM(P6:P$106) -> 8231480.3 | R6: =Q6/N6 -> 82.314803 | S6: =INDEX(Datos_ONU!$B$216:$EV$316,MATCH($A6,Datos_ONU!$A$216:$A$316,0),MATCH($B6,Datos_ONU!$B$215:$EV$215,0)) -> 2314.425 | T6: =INDEX(Datos_ONU!$B$531:$EV$631,MATCH($A6,Datos_ONU!$A$531:$A$631,0),MATCH($B6,Datos_ONU!$B$530:$EV$530,0)) -> 55.202 | U6: =IF($A6=100,1,T6/(S6+T6/2)) -> 0.023570191 | V6: =Radix -> 100000 | W6: =V6*U6 -> 2357.0191 | X6: =V7+W6/2 -> 98821.49 | Y6: =SUM(X6:X$106) -> 7942684.1 | Z6: =Y6/V6 -> 79.426841
A7: 1 | B7: =$D$2+$A7 -> 2001 | C7: =INDEX(Datos_ONU!$B$6:$EV$106,MATCH($A7,Datos_ONU!$A$6:$A$106,0),MATCH($B7,Datos_ONU!$B$5:$EV$5,0)) -> 1169.369 | D7: =INDEX(Datos_ONU!$B$321:$EV$421,MATCH($A7,Datos_ONU!$A$321:$A$421,0),MATCH($B7,Datos_ONU!$B$320:$EV$320,0)) -> 2.429 | E7: =IF($A7=100,1,D7/(C7+D7/2)) -> 0.0020750335 | F7: =F6-G6 -> 97389.388 | G7: =F7*E7 -> 202.08625 | H7: =F8+G7/2 -> 97288.345 | I7: =SUM(H7:H$106) -> 7562235.8 | J7: =I7/F7 -> 77.649484 | K7: =INDEX(Datos_ONU!$B$111:$EV$211,MATCH($A7,Datos_ONU!$A$111:$A$211,0),MATCH($B7,Datos_ONU!$B$110:$EV$110,0)) -> 1131.819 | L7: =INDEX(Datos_ONU!$B$426:$EV$526,MATCH($A7,Datos_ONU!$A$426:$A$526,0),MATCH($B7,Datos_ONU!$B$425:$EV$425,0)) -> 2.304 | M7: =IF($A7=100,1,L7/(K7+L7/2)) -> 0.0020335913 | N7: =N6-O6 -> 97905.838 | O7: =N7*M7 -> 199.10046 | P7: =N8+O7/2 -> 97806.288 | Q7: =SUM(P7:P$106) -> 8132527.3 | R7: =Q7/N7 -> 83.064785 | S7: =INDEX(Datos_ONU!$B$216:$EV$316,MATCH($A7,Datos_ONU!$A$216:$A$316,0),MATCH($B7,Datos_ONU!$B$215:$EV$215,0)) -> 2301.187 | T7: =INDEX(Datos_ONU!$B$531:$EV$631,MATCH($A7,Datos_ONU!$A$531:$A$631,0),MATCH($B7,Datos_ONU!$B$530:$EV$530,0)) -> 4.733 | U7: =IF($A7=100,1,T7/(S7+T7/2)) -> 0.0020546517 | V7: =V6-W6 -> 97642.981 | W7: =V7*U7 -> 200.62231 | X7: =V8+W7/2 -> 97542.67 | Y7: =SUM(X7:X$106) -> 7843862.6 | Z7: =Y7/V7 -> 80.332069
A8: 2 | B8: =$D$2+$A8 -> 2002 | C8: =INDEX(Datos_ONU!$B$6:$EV$106,MATCH($A8,Datos_ONU!$A$6:$A$106,0),MATCH($B8,Datos_ONU!$B$5:$EV$5,0)) -> 1165.133 | D8: =INDEX(Datos_ONU!$B$321:$EV$421,MATCH($A8,Datos_ONU!$A$321:$A$421,0),MATCH($B8,Datos_ONU!$B$320:$EV$320,0)) -> 1.555 | E8: =IF($A8=100,1,D8/(C8+D8/2)) -> 0.0013337216 | F8: =F7-G7 -> 97187.302 | G8: =F8*E8 -> 129.6208 | H8: =F9+G8/2 -> 97122.492 | I8: =SUM(H8:H$106) -> 7464947.4 | J8: =I8/F8 -> 76.809905 | K8: =INDEX(Datos_ONU!$B$111:$EV$211,MATCH($A8,Datos_ONU!$A$111:$A$211,0),MATCH($B8,Datos_ONU!$B$110:$EV$110,0)) -> 1127.814 | L8: =INDEX(Datos_ONU!$B$426:$EV$526,MATCH($A8,Datos_ONU!$A$426:$A$526,0),MATCH($B8,Datos_ONU!$B$425:$EV$425,0)) -> 1.368 | M8: =IF($A8=100,1,L8/(K8+L8/2)) -> 0.0012122308 | N8: =N7-O7 -> 97706.737 | O8: =N8*M8 -> 118.44311 | P8: =N9+O8/2 -> 97647.516 | Q8: =SUM(P8:P$106) -> 8034721 | R8: =Q8/N8 -> 82.23303 | S8: =INDEX(Datos_ONU!$B$216:$EV$316,MATCH($A8,Datos_ONU!$A$216:$A$316,0),MATCH($B8,Datos_ONU!$B$215:$EV$215,0)) -> 2292.948 | T8: =INDEX(Datos_ONU!$B$531:$EV$631,MATCH($A8,Datos_ONU!$A$531:$A$631,0),MATCH($B8,Datos_ONU!$B$530:$EV$530,0)) -> 2.923 | U8: =IF($A8=100,1,T8/(S8+T8/2)) -> 0.0012739661 | V8: =V7-W7 -> 97442.359 | W8: =V8*U8 -> 124.13826 | X8: =V9+W8/2 -> 97380.289 | Y8: =SUM(X8:X$106) -> 7746320 | Z8: =Y8/V8 -> 79.496433
A9: 3 | B9: =$D$2+$A9 -> 2003 | C9: =INDEX(Datos_ONU!$B$6:$EV$106,MATCH($A9,Datos_ONU!$A$6:$A$106,0),MATCH($B9,Datos_ONU!$B$5:$EV$5,0)) -> 1160.611 | D9: =INDEX(Datos_ONU!$B$321:$EV$421,MATCH($A9,Datos_ONU!$A$321:$A$421,0),MATCH($B9,Datos_ONU!$B$320:$EV$320,0)) -> 1.018 | E9: =IF($A9=100,1,D9/(C9+D9/2)) -> 0.0008767397 | F9: =F8-G8 -> 97057.681 | G9: =F9*E9 -> 85.094322 | H9: =F10+G9/2 -> 97015.134 | I9: =SUM(H9:H$106) -> 7367825 | J9: =I9/F9 -> 75.911817 | K9: =INDEX(Datos_ONU!$B$111:$EV$211,MATCH($A9,Datos_ONU!$A$111:$A$211,0),MATCH($B9,Datos_ONU!$B$110:$EV$110,0)) -> 1123.686 | L9: =INDEX(Datos_ONU!$B$426:$EV$526,MATCH($A9,Datos_ONU!$A$426:$A$526,0),MATCH($B9,Datos_ONU!$B$425:$EV$425,0)) -> 0.844 | M9: =IF($A9=100,1,L9/(K9+L9/2)) -> 0.00075081754 | N9: =N8-O8 -> 97588.294 | O9: =N9*M9 -> 73.271003 | P9: =N10+O9/2 -> 97551.659 | Q9: =SUM(P9:P$106) -> 7937073.5 | R9: =Q9/N9 -> 81.332229 | S9: =INDEX(Datos_ONU!$B$216:$EV$316,MATCH($A9,Datos_ONU!$A$216:$A$316,0),MATCH($B9,Datos_ONU!$B$215:$EV$215,0)) -> 2284.297 | T9: =INDEX(Datos_ONU!$B$531:$EV$631,MATCH($A9,Datos_ONU!$A$531:$A$631,0),MATCH($B9,Datos_ONU!$B$530:$EV$530,0)) -> 1.862 | U9: =IF($A9=100,1,T9/(S9+T9/2)) -> 0.00081479835 | V9: =V8-W8 -> 97318.22 | W9: =V9*U9 -> 79.294725 | X9: =V10+W9/2 -> 97278.573 | Y9: =SUM(X9:X$106) -> 7648939.7 | Z9: =Y9/V9 -> 78.597201
A10: 4 | B10: =$D$2+$A10 -> 2004 | C10: =INDEX(Datos_ONU!$B$6:$EV$106,MATCH($A10,Datos_ONU!$A$6:$A$106,0),MATCH($B10,Datos_ONU!$B$5:$EV$5,0)) -> 1156.761 | D10: =INDEX(Datos_ONU!$B$321:$EV$421,MATCH($A10,Datos_ONU!$A$321:$A$421,0),MATCH($B10,Datos_ONU!$B$320:$EV$320,0)) -> 0.695 | E10: =IF($A10=100,1,D10/(C10+D10/2)) -> 0.00060063512 | F10: =F9-G9 -> 96972.587 | G10: =F10*E10 -> 58.245141 | H10: =F11+G10/2 -> 96943.464 | I10: =SUM(H10:H$106) -> 7270809.8 | J10: =I10/F10 -> 74.977992 | K10: =INDEX(Datos_ONU!$B$111:$EV$211,MATCH($A10,Datos_ONU!$A$111:$A$211,0),MATCH($B10,Datos_ONU!$B$110:$EV$110,0)) -> 1120.326 | L10: =INDEX(Datos_ONU!$B$426:$EV$526,MATCH($A10,Datos_ONU!$A$426:$A$526,0),MATCH($B10,Datos_ONU!$B$425:$EV$425,0)) -> 0.557 | M10: =IF($A10=100,1,L10/(K10+L10/2)) -> 0.00049705315 | N10: =N9-O9 -> 97515.023 | O10: =N10*M10 -> 48.47015 | P10: =N11+O10/2 -> 97490.788 | Q10: =SUM(P10:P$106) -> 7839521.9 | R10: =Q10/N10 -> 80.392965 | S10: =INDEX(Datos_ONU!$B$216:$EV$316,MATCH($A10,Datos_ONU!$A$216:$A$316,0),MATCH($B10,Datos_ONU!$B$215:$EV$215,0)) -> 2277.087 | T10: =INDEX(Datos_ONU!$B$531:$EV$631,MATCH($A10,Datos_ONU!$A$531:$A$631,0),MATCH($B10,Datos_ONU!$B$530:$EV$530,0)) -> 1.252 | U10: =IF($A10=100,1,T10/(S10+T10/2)) -> 0.00054967417 | V10: =V9-W9 -> 97238.926 | W10: =V10*U10 -> 53.449726 | X10: =V11+W10/2 -> 97212.201 | Y10: =SUM(X10:X$106) -> 7551661.1 | Z10: =Y10/V10 -> 77.660886
A11: 5 | B11: =$D$2+$A11 -> 2005 | C11: =INDEX(Datos_ONU!$B$6:$EV$106,MATCH($A11,Datos_ONU!$A$6:$A$106,0),MATCH($B11,Datos_ONU!$B$5:$EV$5,0)) -> 1153.423 | D11: =INDEX(Datos_ONU!$B$321:$EV$421,MATCH($A11,Datos_ONU!$A$321:$A$421,0),MATCH($B11,Datos_ONU!$B$320:$EV$320,0)) -> 0.499 | E11: =IF($A11=100,1,D11/(C11+D11/2)) -> 0.00043253176 | F11: =F10-G10 -> 96914.342 | G11: =F11*E11 -> 41.918531 | H11: =F12+G11/2 -> 96893.383 | I11: =SUM(H11:H$106) -> 7173866.4 | J11: =I11/F11 -> 74.022753 | K11: =INDEX(Datos_ONU!$B$111:$EV$211,MATCH($A11,Datos_ONU!$A$111:$A$211,0),MATCH($B11,Datos_ONU!$B$110:$EV$110,0)) -> 1117.572 | L11: =INDEX(Datos_ONU!$B$426:$EV$526,MATCH($A11,Datos_ONU!$A$426:$A$526,0),MATCH($B11,Datos_ONU!$B$425:$EV$425,0)) -> 0.385 | M11: =IF($A11=100,1,L11/(K11+L11/2)) -> 0.00034443749 | N11: =N10-O10 -> 97466.553 | O11: =N11*M11 -> 33.571135 | P11: =N12+O11/2 -> 97449.768 | Q11: =SUM(P11:P$106) -> 7742031.1 | R11: =Q11/N11 -> 79.432696 | S11: =INDEX(Datos_ONU!$B$216:$EV$316,MATCH($A11,Datos_ONU!$A$216:$A$316,0),MATCH($B11,Datos_ONU!$B$215:$EV$215,0)) -> 2270.995 | T11: =INDEX(Datos_ONU!$B$531:$EV$631,MATCH($A11,Datos_ONU!$A$531:$A$631,0),MATCH($B11,Datos_ONU!$B$530:$EV$530,0)) -> 0.884 | U11: =IF($A11=100,1,T11/(S11+T11/2)) -> 0.00038918095 | V11: =V10-W10 -> 97185.476 | W11: =V11*U11 -> 37.822735 | X11: =V12+W11/2 -> 97166.565 | Y11: =SUM(X11:X$106) -> 7454448.9 | Z11: =Y11/V11 -> 76.703323
A12: 6 | B12: =$D$2+$A12 -> 2006 | C12: =INDEX(Datos_ONU!$B$6:$EV$106,MATCH($A12,Datos_ONU!$A$6:$A$106,0),MATCH($B12,Datos_ONU!$B$5:$EV$5,0)) -> 1150.705 | D12: =INDEX(Datos_ONU!$B$321:$EV$421,MATCH($A12,Datos_ONU!$A$321:$A$421,0),MATCH($B12,Datos_ONU!$B$320:$EV$320,0)) -> 0.374 | E12: =IF($A12=100,1,D12/(C12+D12/2)) -> 0.00032496533 | F12: =F11-G11 -> 96872.423 | G12: =F12*E12 -> 31.480179 | H12: =F13+G12/2 -> 96856.683 | I12: =SUM(H12:H$106) -> 7076973 | J12: =I12/F12 -> 73.054567 | K12: =INDEX(Datos_ONU!$B$111:$EV$211,MATCH($A12,Datos_ONU!$A$111:$A$211,0),MATCH($B12,Datos_ONU!$B$110:$EV$110,0)) -> 1115.47 | L12: =INDEX(Datos_ONU!$B$426:$EV$526,MATCH($A12,Datos_ONU!$A$426:$A$526,0),MATCH($B12,Datos_ONU!$B$425:$EV$425,0)) -> 0.287 | M12: =IF($A12=100,1,L12/(K12+L12/2)) -> 0.00025725755 | N12: =N11-O11 -> 97432.982 | O12: =N12*M12 -> 25.065371 | P12: =N13+O12/2 -> 97420.449 | Q12: =SUM(P12:P$106) -> 7644581.3 | R12: =Q12/N12 -> 78.459893 | S12: =INDEX(Datos_ONU!$B$216:$EV$316,MATCH($A12,Datos_ONU!$A$216:$A$316,0),MATCH($B12,Datos_ONU!$B$215:$EV$215,0)) -> 2266.175 | T12: =INDEX(Datos_ONU!$B$531:$EV$631,MATCH($A12,Datos_ONU!$A$531:$A$631,0),MATCH($B12,Datos_ONU!$B$530:$EV$530,0)) -> 0.66 | U12: =IF($A12=100,1,T12/(S12+T12/2)) -> 0.00029119724 | V12: =V11-W11 -> 97147.653 | W12: =V12*U12 -> 28.289128 | X12: =V13+W12/2 -> 97133.509 | Y12: =SUM(X12:X$106) -> 7357282.3 | Z12: =Y12/V12 -> 75.732991
A13: 7 | B13: =$D$2+$A13 -> 2007 | C13: =INDEX(Datos_ONU!$B$6:$EV$106,MATCH($A13,Datos_ONU!$A$6:$A$106,0),MATCH($B13,Datos_ONU!$B$5:$EV$5,0)) -> 1148.926 | D13: =INDEX(Datos_ONU!$B$321:$EV$421,MATCH($A13,Datos_ONU!$A$321:$A$421,0),MATCH($B13,Datos_ONU!$B$320:$EV$320,0)) -> 0.311 | E13: =IF($A13=100,1,D13/(C13+D13/2)) -> 0.00027065095 | F13: =F12-G12 -> 96840.943 | G13: =F13*E13 -> 26.210093 | H13: =F14+G13/2 -> 96827.838 | I13: =SUM(H13:H$106) -> 6980116.3 | J13: =I13/F13 -> 72.078153 | K13: =INDEX(Datos_ONU!$B$111:$EV$211,MATCH($A13,Datos_ONU!$A$111:$A$211,0),MATCH($B13,Datos_ONU!$B$110:$EV$110,0)) -> 1114.197 | L13: =INDEX(Datos_ONU!$B$426:$EV$526,MATCH($A13,Datos_ONU!$A$426:$A$526,0),MATCH($B13,Datos_ONU!$B$425:$EV$425,0)) -> 0.229 | M13: =IF($A13=100,1,L13/(K13+L13/2)) -> 0.00020550806 | N13: =N12-O12 -> 97407.917 | O13: =N13*M13 -> 20.018112 | P13: =N14+O13/2 -> 97397.908 | Q13: =SUM(P13:P$106) -> 7547160.9 | R13: =Q13/N13 -> 77.479954 | S13: =INDEX(Datos_ONU!$B$216:$EV$316,MATCH($A13,Datos_ONU!$A$216:$A$316,0),MATCH($B13,Datos_ONU!$B$215:$EV$215,0)) -> 2263.122 | T13: =INDEX(Datos_ONU!$B$531:$EV$631,MATCH($A13,Datos_ONU!$A$531:$A$631,0),MATCH($B13,Datos_ONU!$B$530:$EV$530,0)) -> 0.54 | U13: =IF($A13=100,1,T13/(S13+T13/2)) -> 0.00023857997 | V13: =V12-W12 -> 97119.364 | W13: =V13*U13 -> 23.170735 | X13: =V14+W13/2 -> 97107.779 | Y13: =SUM(X13:X$106) -> 7260148.8 | Z13: =Y13/V13 -> 74.754905
A14: 8 | B14: =$D$2+$A14 -> 2008 | C14: =INDEX(Datos_ONU!$B$6:$EV$106,MATCH($A14,Datos_ONU!$A$6:$A$106,0),MATCH($B14,Datos_ONU!$B$5:$EV$5,0)) -> 1147.901 | D14: =INDEX(Datos_ONU!$B$321:$EV$421,MATCH($A14,Datos_ONU!$A$321:$A$421,0),MATCH($B14,Datos_ONU!$B$320:$EV$320,0)) -> 0.294 | E14: =IF($A14=100,1,D14/(C14+D14/2)) -> 0.00025608685 | F14: =F13-G13 -> 96814.733 | G14: =F14*E14 -> 24.79298 | H14: =F15+G14/2 -> 96802.337 | I14: =SUM(H14:H$106) -> 6883288.5 | J14: =I14/F14 -> 71.097531 | K14: =INDEX(Datos_ONU!$B$111:$EV$211,MATCH($A14,Datos_ONU!$A$111:$A$211,0),MATCH($B14,Datos_ONU!$B$110:$EV$110,0)) -> 1113.501 | L14: =INDEX(Datos_ONU!$B$426:$EV$526,MATCH($A14,Datos_ONU!$A$426:$A$526,0),MATCH($B14,Datos_ONU!$B$425:$EV$425,0)) -> 0.233 | M14: =IF($A14=100,1,L14/(K14+L14/2)) -> 0.00020922803 | N14: =N13-O13 -> 97387.899 | O14: =N14*M14 -> 20.376279 | P14: =N15+O14/2 -> 97377.71 | Q14: =SUM(P14:P$106) -> 7449763 | R14: =Q14/N14 -> 76.495777 | S14: =INDEX(Datos_ONU!$B$216:$EV$316,MATCH($A14,Datos_ONU!$A$216:$A$316,0),MATCH($B14,Datos_ONU!$B$215:$EV$215,0)) -> 2261.402 | T14: =INDEX(Datos_ONU!$B$531:$EV$631,MATCH($A14,Datos_ONU!$A$531:$A$631,0),MATCH($B14,Datos_ONU!$B$530:$EV$530,0)) -> 0.528 | U14: =IF($A14=100,1,T14/(S14+T14/2)) -> 0.00023345622 | V14: =V13-W13 -> 97096.193 | W14: =V14*U14 -> 22.66771 | X14: =V15+W14/2 -> 97084.859 | Y14: =SUM(X14:X$106) -> 7163041.1 | Z14: =Y14/V14 -> 73.772625
A15: 9 | B15: =$D$2+$A15 -> 2009 | C15: =INDEX(Datos_ONU!$B$6:$EV$106,MATCH($A15,Datos_ONU!$A$6:$A$106,0),MATCH($B15,Datos_ONU!$B$5:$EV$5,0)) -> 1147.14 | D15: =INDEX(Datos_ONU!$B$321:$EV$421,MATCH($A15,Datos_ONU!$A$321:$A$421,0),MATCH($B15,Datos_ONU!$B$320:$EV$320,0)) -> 0.299 | E15: =IF($A15=100,1,D15/(C15+D15/2)) -> 0.00026061426 | F15: =F14-G14 -> 96789.94 | G15: =F15*E15 -> 25.224838 | H15: =F16+G15/2 -> 96777.328 | I15: =SUM(H15:H$106) -> 6786486.1 | J15: =I15/F15 -> 70.115614 | K15: =INDEX(Datos_ONU!$B$111:$EV$211,MATCH($A15,Datos_ONU!$A$111:$A$211,0),MATCH($B15,Datos_ONU!$B$110:$EV$110,0)) -> 1112.987 | L15: =INDEX(Datos_ONU!$B$426:$EV$526,MATCH($A15,Datos_ONU!$A$426:$A$526,0),MATCH($B15,Datos_ONU!$B$425:$EV$425,0)) -> 0.239 | M15: =IF($A15=100,1,L15/(K15+L15/2)) -> 0.00021471441 | N15: =N14-O14 -> 97367.522 | O15: =N15*M15 -> 20.90621 | P15: =N16+O15/2 -> 97357.069 | Q15: =SUM(P15:P$106) -> 7352385.3 | R15: =Q15/N15 -> 75.511681 | S15: =INDEX(Datos_ONU!$B$216:$EV$316,MATCH($A15,Datos_ONU!$A$216:$A$316,0),MATCH($B15,Datos_ONU!$B$215:$EV$215,0)) -> 2260.127 | T15: =INDEX(Datos_ONU!$B$531:$EV$631,MATCH($A15,Datos_ONU!$A$531:$A$631,0),MATCH($B15,Datos_ONU!$B$530:$EV$530,0)) -> 0.538 | U15: =IF($A15=100,1,T15/(S15+T15/2)) -> 0.00023801139 | V15: =V14-W14 -> 97073.526 | W15: =V15*U15 -> 23.104605 | X15: =V16+W15/2 -> 97061.973 | Y15: =SUM(X15:X$106) -> 7065956.2 | Z15: =Y15/V15 -> 72.789735
A16: 10 | B16: =$D$2+$A16 -> 2010 | C16: =INDEX(Datos_ONU!$B$6:$EV$106,MATCH($A16,Datos_ONU!$A$6:$A$106,0),MATCH($B16,Datos_ONU!$B$5:$EV$5,0)) -> 1146.59 | D16: =INDEX(Datos_ONU!$B$321:$EV$421,MATCH($A16,Datos_ONU!$A$321:$A$421,0),MATCH($B16,Datos_ONU!$B$320:$EV$320,0)) -> 0.308 | E16: =IF($A16=100,1,D16/(C16+D16/2)) -> 0.00026858654 | F16: =F15-G15 -> 96764.715 | G16: =F16*E16 -> 25.9897 | H16: =F17+G16/2 -> 96751.72 | I16: =SUM(H16:H$106) -> 6689708.8 | J16: =I16/F16 -> 69.133762 | K16: =INDEX(Datos_ONU!$B$111:$EV$211,MATCH($A16,Datos_ONU!$A$111:$A$211,0),MATCH($B16,Datos_ONU!$B$110:$EV$110,0)) -> 1112.594 | L16: =INDEX(Datos_ONU!$B$426:$EV$526,MATCH($A16,Datos_ONU!$A$426:$A$526,0),MATCH($B16,Datos_ONU!$B$425:$EV$425,0)) -> 0.249 | M16: =IF($A16=100,1,L16/(K16+L16/2)) -> 0.00022377627 | N16: =N15-O15 -> 97346.616 | O16: =N16*M16 -> 21.783863 | P16: =N17+O16/2 -> 97335.724 | Q16: =SUM(P16:P$106) -> 7255028.2 | R16: =Q16/N16 -> 74.52779 | S16: =INDEX(Datos_ONU!$B$216:$EV$316,MATCH($A16,Datos_ONU!$A$216:$A$316,0),MATCH($B16,Datos_ONU!$B$215:$EV$215,0)) -> 2259.184 | T16: =INDEX(Datos_ONU!$B$531:$EV$631,MATCH($A16,Datos_ONU!$A$531:$A$631,0),MATCH($B16,Datos_ONU!$B$530:$EV$530,0)) -> 0.557 | U16: =IF($A16=100,1,T16/(S16+T16/2)) -> 0.00024651881 | V16: =V15-W15 -> 97050.421 | W16: =V16*U16 -> 23.924754 | X16: =V17+W16/2 -> 97038.459 | Y16: =SUM(X16:X$106) -> 6968894.2 | Z16: =Y16/V16 -> 71.806945
A17: 11 | B17: =$D$2+$A17 -> 2011 | C17: =INDEX(Datos_ONU!$B$6:$EV$106,MATCH($A17,Datos_ONU!$A$6:$A$106,0),MATCH($B17,Datos_ONU!$B$5:$EV$5,0)) -> 1146.21 | D17: =INDEX(Datos_ONU!$B$321:$EV$421,MATCH($A17,Datos_ONU!$A$321:$A$421,0),MATCH($B17,Datos_ONU!$B$320:$EV$320,0)) -> 0.336 | E17: =IF($A17=100,1,D17/(C17+D17/2)) -> 0.00029309704 | F17: =F16-G16 -> 96738.726 | G17: =F17*E17 -> 28.353834 | H17: =F18+G17/2 -> 96724.549 | I17: =SUM(H17:H$106) -> 6592957.1 | J17: =I17/F17 -> 68.152201 | K17: =INDEX(Datos_ONU!$B$111:$EV$211,MATCH($A17,Datos_ONU!$A$111:$A$211,0),MATCH($B17,Datos_ONU!$B$110:$EV$110,0)) -> 1112.291 | L17: =INDEX(Datos_ONU!$B$426:$EV$526,MATCH($A17,Datos_ONU!$A$426:$A$526,0),MATCH($B17,Datos_ONU!$B$425:$EV$425,0)) -> 0.263 | M17: =IF($A17=100,1,L17/(K17+L17/2)) -> 0.00023642096 | N17: =N16-O16 -> 97324.832 | O17: =N17*M17 -> 23.009631 | P17: =N18+O17/2 -> 97313.327 | Q17: =SUM(P17:P$106) -> 7157692.5 | R17: =Q17/N17 -> 73.54436 | S17: =INDEX(Datos_ONU!$B$216:$EV$316,MATCH($A17,Datos_ONU!$A$216:$A$316,0),MATCH($B17,Datos_ONU!$B$215:$EV$215,0)) -> 2258.501 | T17: =INDEX(Datos_ONU!$B$531:$EV$631,MATCH($A17,Datos_ONU!$A$531:$A$631,0),MATCH($B17,Datos_ONU!$B$530:$EV$530,0)) -> 0.599 | U17: =IF($A17=100,1,T17/(S17+T17/2)) -> 0.000265185 | V17: =V16-W16 -> 97026.496 | W17: =V17*U17 -> 25.729971 | X17: =V18+W17/2 -> 97013.631 | Y17: =SUM(X17:X$106) -> 6871855.8 | Z17: =Y17/V17 -> 70.824528
A18: 12 | B18: =$D$2+$A18 -> 2012 | C18: =INDEX(Datos_ONU!$B$6:$EV$106,MATCH($A18,Datos_ONU!$A$6:$A$106,0),MATCH($B18,Datos_ONU!$B$5:$EV$5,0)) -> 1145.675 | D18: =INDEX(Datos_ONU!$B$321:$EV$421,MATCH($A18,Datos_ONU!$A$321:$A$421,0),MATCH($B18,Datos_ONU!$B$320:$EV$320,0)) -> 0.399 | E18: =IF($A18=100,1,D18/(C18+D18/2)) -> 0.00034820567 | F18: =F17-G17 -> 96710.372 | G18: =F18*E18 -> 33.6751 | H18: =F19+G18/2 -> 96693.534 | I18: =SUM(H18:H$106) -> 6496232.5 | J18: =I18/F18 -> 67.172035 | K18: =INDEX(Datos_ONU!$B$111:$EV$211,MATCH($A18,Datos_ONU!$A$111:$A$211,0),MATCH($B18,Datos_ONU!$B$110:$EV$110,0)) -> 1111.892 | L18: =INDEX(Datos_ONU!$B$426:$EV$526,MATCH($A18,Datos_ONU!$A$426:$A$526,0),MATCH($B18,Datos_ONU!$B$425:$EV$425,0)) -> 0.287 | M18: =IF($A18=100,1,L18/(K18+L18/2)) -> 0.00025808529 | N18: =N17-O17 -> 97301.823 | O18: =N18*M18 -> 25.112169 | P18: =N19+O18/2 -> 97289.266 | Q18: =SUM(P18:P$106) -> 7060379.1 | R18: =Q18/N18 -> 72.561633 | S18: =INDEX(Datos_ONU!$B$216:$EV$316,MATCH($A18,Datos_ONU!$A$216:$A$316,0),MATCH($B18,Datos_ONU!$B$215:$EV$215,0)) -> 2257.567 | T18: =INDEX(Datos_ONU!$B$531:$EV$631,MATCH($A18,Datos_ONU!$A$531:$A$631,0),MATCH($B18,Datos_ONU!$B$530:$EV$530,0)) -> 0.686 | U18: =IF($A18=100,1,T18/(S18+T18/2)) -> 0.00030382079 | V18: =V17-W17 -> 97000.766 | W18: =V18*U18 -> 29.470849 | X18: =V19+W18/2 -> 96986.031 | Y18: =SUM(X18:X$106) -> 6774842.1 | Z18: =Y18/V18 -> 69.843182
... A105: 99 | B105: =$D$2+$A105 -> 2099 | C105: =INDEX(Datos_ONU!$B$6:$EV$106,MATCH($A105,Datos_ONU!$A$6:$A$106,0),MATCH($B105,Datos_ONU!$B$5:$EV$5,0)) -> 68.213 | D105: =INDEX(Datos_ONU!$B$321:$EV$421,MATCH($A105,Datos_ONU!$A$321:$A$421,0),MATCH($B105,Datos_ONU!$B$320:$EV$320,0)) -> 18.642 | E105: =IF($A105=100,1,D105/(C105+D105/2)) -> 0.24043645 | F105: =F104-G104 -> 6926.5452 | G105: =F105*E105 -> 1665.394 | H105: =F106+G105/2 -> 6093.8482 | I105: =SUM(H105:H$106) -> 8724.4238 | J105: =I105/F105 -> 1.2595635 | K105: =INDEX(Datos_ONU!$B$111:$EV$211,MATCH($A105,Datos_ONU!$A$111:$A$211,0),MATCH($B105,Datos_ONU!$B$110:$EV$110,0)) -> 89.621 | L105: =INDEX(Datos_ONU!$B$426:$EV$526,MATCH($A105,Datos_ONU!$A$426:$A$526,0),MATCH($B105,Datos_ONU!$B$425:$EV$425,0)) -> 25.623 | M105: =IF($A105=100,1,L105/(K105+L105/2)) -> 0.25014522 | N105: =N104-O104 -> 9355.8957 | O105: =N105*M105 -> 2340.3326 | P105: =N106+O105/2 -> 8185.7294 | Q105: =SUM(P105:P$106) -> 11693.511 | R105: =Q105/N105 -> 1.2498548 | S105: =INDEX(Datos_ONU!$B$216:$EV$316,MATCH($A105,Datos_ONU!$A$216:$A$316,0),MATCH($B105,Datos_ONU!$B$215:$EV$215,0)) -> 157.833 | T105: =INDEX(Datos_ONU!$B$531:$EV$631,MATCH($A105,Datos_ONU!$A$531:$A$631,0),MATCH($B105,Datos_ONU!$B$530:$EV$530,0)) -> 44.264 | U105: =IF($A105=100,1,T105/(S105+T105/2)) -> 0.24595894 | V105: =V104-W104 -> 8127.2692 | W105: =V105*U105 -> 1998.9745 | X105: =V106+W105/2 -> 7127.782 | Y105: =SUM(X105:X$106) -> 10191.929 | Z105: =Y105/V105 -> 1.2540411
A106: 100 | B106: =$D$2+$A106 -> 2100 | C106: =INDEX(Datos_ONU!$B$6:$EV$106,MATCH($A106,Datos_ONU!$A$6:$A$106,0),MATCH($B106,Datos_ONU!$B$5:$EV$5,0)) -> 156.367 | D106: =INDEX(Datos_ONU!$B$321:$EV$421,MATCH($A106,Datos_ONU!$A$321:$A$421,0),MATCH($B106,Datos_ONU!$B$320:$EV$320,0)) -> 54.166 | E106: =IF($A106=100,1,D106/(C106+D106/2)) -> 1 | F106: =F105-G105 -> 5261.1512 | G106: =F106*E106 -> 5261.1512 | H106: =G106/2 -> 2630.5756 | I106: =SUM(H106:H$106) -> 2630.5756 | J106: =I106/F106 -> 0.5 | K106: =INDEX(Datos_ONU!$B$111:$EV$211,MATCH($A106,Datos_ONU!$A$111:$A$211,0),MATCH($B106,Datos_ONU!$B$110:$EV$110,0)) -> 219.335 | L106: =INDEX(Datos_ONU!$B$426:$EV$526,MATCH($A106,Datos_ONU!$A$426:$A$526,0),MATCH($B106,Datos_ONU!$B$425:$EV$425,0)) -> 70.033 | M106: =IF($A106=100,1,L106/(K106+L106/2)) -> 1 | N106: =N105-O105 -> 7015.5631 | O106: =N106*M106 -> 7015.5631 | P106: =O106/2 -> 3507.7816 | Q106: =SUM(P106:P$106) -> 3507.7816 | R106: =Q106/N106 -> 0.5 | S106: =INDEX(Datos_ONU!$B$216:$EV$316,MATCH($A106,Datos_ONU!$A$216:$A$316,0),MATCH($B106,Datos_ONU!$B$215:$EV$215,0)) -> 375.702 | T106: =INDEX(Datos_ONU!$B$531:$EV$631,MATCH($A106,Datos_ONU!$A$531:$A$631,0),MATCH($B106,Datos_ONU!$B$530:$EV$530,0)) -> 124.198 | U106: =IF($A106=100,1,T106/(S106+T106/2)) -> 1 | V106: =V105-W105 -> 6128.2947 | W106: =V106*U106 -> 6128.2947 | X106: =W106/2 -> 3064.1474 | Y106: =SUM(X106:X$106) -> 3064.1474 | Z106: =Y106/V106 -> 0.5
A108: Notas: qx = defunciones / (población a mitad de año + defunciones/2); edad 100 = grupo abierto (qx = 1, Lx = dx/2). lx(x+1) = lx − dx; Lx = l(x+1) + dx/2; Tx = suma de Lx desde x; ex = Tx/lx. Población y defunciones se leen de la hoja Datos_ONU en el año g + x.

Sheet Comparacion
A1: Comparación entre generaciones - México (ONU WPP 2024, variante media)
A2: Indicadores y gráficos vinculados a las hojas Gen_XXXX. Las generaciones posteriores a 1970 incluyen años proyectados (2024-2100).
A4: Indicadores por generación
A5: Generación | B5: Hombres | F5: Mujeres | J5: Ambos sexos
B6: e0 | C6: e65 | D6: l65/l0 | E6: l80/l0 | F6: e0 | G6: e65 | H6: l65/l0 | I6: l80/l0 | J6: e0 | K6: e65 | L6: l65/l0 | M6: l80/l0
A7: 1950 | B7: =Gen_1950!J6 -> 52.443355 | C7: =Gen_1950!J71 -> 16.585646 | D7: =Gen_1950!F71/Gen_1950!F6 -> 0.51445793 | E7: =Gen_1950!F86/Gen_1950!F6 -> 0.28482361 | F7: =Gen_1950!R6 -> 57.88133 | G7: =Gen_1950!R71 -> 18.257972 | H7: =Gen_1950!N71/Gen_1950!N6 -> 0.60821541 | I7: =Gen_1950!N86/Gen_1950!N6 -> 0.39198422 | J7: =Gen_1950!Z6 -> 55.110432 | K7: =Gen_1950!Z71 -> 17.474594 | L7: =Gen_1950!V71/Gen_1950!V6 -> 0.56044531 | M7: =Gen_1950!V86/Gen_1950!V6 -> 0.3373513
A8: 1960 | B8: =Gen_1960!J6 -> 60.010149 | C8: =Gen_1960!J71 -> 17.787252 | D8: =Gen_1960!F71/Gen_1960!F6 -> 0.58084814 | E8: =Gen_1960!F86/Gen_1960!F6 -> 0.35380162 | F8: =Gen_1960!R6 -> 66.41444 | G8: =Gen_1960!R71 -> 19.449989 | H8: =Gen_1960!N71/Gen_1960!N6 -> 0.69615146 | I8: =Gen_1960!N86/Gen_1960!N6 -> 0.48369357 | J8: =Gen_1960!Z6 -> 63.20282 | K8: =Gen_1960!Z71 -> 18.694138 | L8: =Gen_1960!V71/Gen_1960!V6 -> 0.63841212 | M8: =Gen_1960!V86/Gen_1960!V6 -> 0.41870623
A9: 1970 | B9: =Gen_1970!J6 -> 65.835312 | C9: =Gen_1970!J71 -> 18.627927 | D9: =Gen_1970!F71/Gen_1970!F6 -> 0.6549748 | E9: =Gen_1970!F86/Gen_1970!F6 -> 0.42154215 | F9: =Gen_1970!R6 -> 72.214601 | G9: =Gen_1970!R71 -> 20.374641 | H9: =Gen_1970!N71/Gen_1970!N6 -> 0.76763249 | I9: =Gen_1970!N86/Gen_1970!N6 -> 0.5595069 | J9: =Gen_1970!Z6 -> 69.079189 | K9: =Gen_1970!Z71 -> 19.593038 | L9: =Gen_1970!V71/Gen_1970!V6 -> 0.71241753 | M9: =Gen_1970!V86/Gen_1970!V6 -> 0.4920784
A10: 1980 | B10: =Gen_1980!J6 -> 70.191527 | C10: =Gen_1980!J71 -> 19.557269 | D10: =Gen_1980!F71/Gen_1980!F6 -> 0.7095228 | E10: =Gen_1980!F86/Gen_1980!F6 -> 0.48242065 | F10: =Gen_1980!R6 -> 76.38554 | G10: =Gen_1980!R71 -> 21.275466 | H10: =Gen_1980!N71/Gen_1980!N6 -> 0.81704403 | I10: =Gen_1980!N86/Gen_1980!N6 -> 0.62052852 | J10: =Gen_1980!Z6 -> 73.405044 | K10: =Gen_1980!Z71 -> 20.521018 | L10: =Gen_1980!V71/Gen_1980!V6 -> 0.76552569 | M10: =Gen_1980!V86/Gen_1980!V6 -> 0.55466009
A11: 1990 | B11: =Gen_1990!J6 -> 73.597017 | C11: =Gen_1990!J71 -> 20.514737 | D11: =Gen_1990!F71/Gen_1990!F6 -> 0.75255448 | E11: =Gen_1990!F86/Gen_1990!F6 -> 0.53851565 | F11: =Gen_1990!R6 -> 79.721334 | G11: =Gen_1990!R71 -> 22.159844 | H11: =Gen_1990!N71/Gen_1990!N6 -> 0.85528196 | I11: =Gen_1990!N86/Gen_1990!N6 -> 0.67315637 | J11: =Gen_1990!Z6 -> 76.675841 | K11: =Gen_1990!Z71 -> 21.398829 | L11: =Gen_1990!V71/Gen_1990!V6 -> 0.80426446 | M11: =Gen_1990!V86/Gen_1990!V6 -> 0.60641092
A12: 2000 | B12: =Gen_2000!J6 -> 76.609305 | C12: =Gen_2000!J71 -> 21.432322 | D12: =Gen_2000!F71/Gen_2000!F6 -> 0.79288866 | E12: =Gen_2000!F86/Gen_2000!F6 -> 0.59309664 | F12: =Gen_2000!R6 -> 82.314803 | G12: =Gen_2000!R71 -> 23.025108 | H12: =Gen_2000!N71/Gen_2000!N6 -> 0.88428964 | I12: =Gen_2000!N86/Gen_2000!N6 -> 0.71782634 | J12: =Gen_2000!Z6 -> 79.426841 | K12: =Gen_2000!Z71 -> 22.263265 | L12: =Gen_2000!V71/Gen_2000!V6 -> 0.83803368 | M12: =Gen_2000!V86/Gen_2000!V6 -> 0.65473002
A14: e0 = ex a edad 0; e65 = ex a edad 65; l65/l0 y l80/l0 = supervivencia desde el nacimiento. Hojas fuente: Gen_1950 … Gen_2000.
A51: Líneas: e0 oficial de la ONU por año calendario (periodo). Puntos: e0 de cada generación según las tablas de este libro, ubicada en su año de nacimiento.

Sheet Validacion
A1: Validación contra la esperanza de vida oficial de la ONU
A2: A: la misma metodología aplicada por año calendario reproduce la e0 oficial. B: las tablas por generación se comparan con la diagonal oficial de la ONU.
A4: A. e0 de periodo calculada con las fórmulas del libro vs. e0 oficial ONU (1950-2100)
A5: Sexo | B5: Diferencia media | C5: Error absoluto medio | D5: Máx. |dif.| | E5: Año del máx. | F5: Dif. 1950 | G5: Dif. 2023 | H5: Dif. 2100
A6: Hombres | B6: =AVERAGE($D$42:$D$192) -> -0.07682852 | C6: =SUMPRODUCT(ABS($D$42:$D$192))/COUNT($D$42:$D$192) -> 0.080944868 | D6: =MAX(MAX($D$42:$D$192),-MIN($D$42:$D$192)) -> 0.29047406 | E6: =IF(MAX($D$42:$D$192)>=-MIN($D$42:$D$192),INDEX($A$42:$A$192,MATCH(MAX($D$42:$D$192),$D$42:$D$192,0)),INDEX($A$42:$A$192,MATCH(MIN($D$42:$D$192),$D$42:$D$192,0))) -> 1951 | F6: =INDEX($D$42:$D$192,MATCH(1950,$A$42:$A$192,0)) -> -0.26957898 | G6: =INDEX($D$42:$D$192,MATCH(2023,$A$42:$A$192,0)) -> -0.030029174 | H6: =INDEX($D$42:$D$192,MATCH(2100,$A$42:$A$192,0)) -> -0.17950624
A7: Mujeres | B7: =AVERAGE($G$42:$G$192) -> -0.070263172 | C7: =SUMPRODUCT(ABS($G$42:$G$192))/COUNT($G$42:$G$192) -> 0.080154813 | D7: =MAX(MAX($G$42:$G$192),-MIN($G$42:$G$192)) -> 0.24443681 | E7: =IF(MAX($G$42:$G$192)>=-MIN($G$42:$G$192),INDEX($A$42:$A$192,MATCH(MAX($G$42:$G$192),$G$42:$G$192,0)),INDEX($A$42:$A$192,MATCH(MIN($G$42:$G$192),$G$42:$G$192,0))) -> 2100 | F7: =INDEX($G$42:$G$192,MATCH(1950,$A$42:$A$192,0)) -> -0.2272691 | G7: =INDEX($G$42:$G$192,MATCH(2023,$A$42:$A$192,0)) -> -0.013623124 | H7: =INDEX($G$42:$G$192,MATCH(2100,$A$42:$A$192,0)) -> -0.24443681
A8: Ambos sexos | B8: =AVERAGE($J$42:$J$192) -> -0.074828177 | C8: =SUMPRODUCT(ABS($J$42:$J$192))/COUNT($J$42:$J$192) -> 0.081321839 | D8: =MAX(MAX($J$42:$J$192),-MIN($J$42:$J$192)) -> 0.27205949 | E8: =IF(MAX($J$42:$J$192)>=-MIN($J$42:$J$192),INDEX($A$42:$A$192,MATCH(MAX($J$42:$J$192),$J$42:$J$192,0)),INDEX($A$42:$A$192,MATCH(MIN($J$42:$J$192),$J$42:$J$192,0))) -> 1951 | F8: =INDEX($J$42:$J$192,MATCH(1950,$A$42:$A$192,0)) -> -0.25730548 | G8: =INDEX($J$42:$J$192,MATCH(2023,$A$42:$A$192,0)) -> -0.021167871 | H8: =INDEX($J$42:$J$192,MATCH(2100,$A$42:$A$192,0)) -> -0.21247798
A9: Diferencia = e0 calculada − e0 oficial (años). 1950-2023 son estimaciones y 2024-2100 proyecciones de la ONU.
A11: B. e0 de cada generación: tablas del libro (Gen_XXXX) vs. diagonal oficial de la ONU (Val_Diagonal_ONU)
A12: Sexo | B12: Generación | C12: e0 tabla (libro) | D12: e0 diagonal ONU | E12: Diferencia (años) | F12: Diferencia (%) | G12: e0 oficial ONU de periodo en el año de nacimiento | H12: Brecha generación − periodo (años) | I12: l100 (por 100,000) | J12: Ajuste por grupo abierto (años) | K12: e0 tabla + ajuste | M12: e100 supuesto (años)
A13: Hombres | B13: 1950 | C13: =Gen_1950!J6 -> 52.443355 | D13: =(SUM(Val_Diagonal_ONU!C7:C107)-Val_Diagonal_ONU!C7/2)/Val_Diagonal_ONU!C7 -> 52.83747 | E13: =C13-D13 -> -0.3941155 | F13: =E13/D13 -> -0.0074590153 | G13: =INDEX(ONU_e0!$B$5:$B$155,MATCH(B13,ONU_e0!$A$5:$A$155,0)) -> 42.2946 | H13: =C13-G13 -> 10.148755 | I13: =Gen_1950!F106 -> 1052.4056 | J13: =I13/Radix*($M$13-0.5) -> 0.015786084 | K13: =C13+J13 -> 52.459141 | M13: 2
A14: Hombres | B14: 1960 | C14: =Gen_1960!J6 -> 60.010149 | D14: =(SUM(Val_Diagonal_ONU!E7:E107)-Val_Diagonal_ONU!E7/2)/Val_Diagonal_ONU!E7 -> 60.264408 | E14: =C14-D14 -> -0.25425898 | F14: =E14/D14 -> -0.0042190572 | G14: =INDEX(ONU_e0!$B$5:$B$155,MATCH(B14,ONU_e0!$A$5:$A$155,0)) -> 51.937 | H14: =C14-G14 -> 8.0731488 | I14: =Gen_1960!F106 -> 1514.4783 | J14: =I14/Radix*($M$13-0.5) -> 0.022717175 | K14: =C14+J14 -> 60.032866
A15: Hombres | B15: 1970 | C15: =Gen_1970!J6 -> 65.835312 | D15: =(SUM(Val_Diagonal_ONU!G7:G107)-Val_Diagonal_ONU!G7/2)/Val_Diagonal_ONU!G7 -> 65.98549 | E15: =C15-D15 -> -0.1501782 | F15: =E15/D15 -> -0.0022759276 | G15: =INDEX(ONU_e0!$B$5:$B$155,MATCH(B15,ONU_e0!$A$5:$A$155,0)) -> 57.0121 | H15: =C15-G15 -> 8.8232123 | I15: =Gen_1970!F106 -> 2155.8638 | J15: =I15/Radix*($M$13-0.5) -> 0.032337957 | K15: =C15+J15 -> 65.86765
A16: Hombres | B16: 1980 | C16: =Gen_1980!J6 -> 70.191527 | D16: =(SUM(Val_Diagonal_ONU!I7:I107)-Val_Diagonal_ONU!I7/2)/Val_Diagonal_ONU!I7 -> 70.27847 | E16: =C16-D16 -> -0.086942683 | F16: =E16/D16 -> -0.0012371169 | G16: =INDEX(ONU_e0!$B$5:$B$155,MATCH(B16,ONU_e0!$A$5:$A$155,0)) -> 61.1101 | H16: =C16-G16 -> 9.0814271 | I16: =Gen_1980!F106 -> 2985.3066 | J16: =I16/Radix*($M$13-0.5) -> 0.044779599 | K16: =C16+J16 -> 70.236307
A17: Hombres | B17: 1990 | C17: =Gen_1990!J6 -> 73.597017 | D17: =(SUM(Val_Diagonal_ONU!K7:K107)-Val_Diagonal_ONU!K7/2)/Val_Diagonal_ONU!K7 -> 73.67135 | E17: =C17-D17 -> -0.074332901 | F17: =E17/D17 -> -0.0010089798 | G17: =INDEX(ONU_e0!$B$5:$B$155,MATCH(B17,ONU_e0!$A$5:$A$155,0)) -> 66.1217 | H17: =C17-G17 -> 7.4753169 | I17: =Gen_1990!F106 -> 4026.9759 | J17: =I17/Radix*($M$13-0.5) -> 0.060404638 | K17: =C17+J17 -> 73.657422
A18: Hombres | B18: 2000 | C18: =Gen_2000!J6 -> 76.609305 | D18: =(SUM(Val_Diagonal_ONU!M7:M107)-Val_Diagonal_ONU!M7/2)/Val_Diagonal_ONU!M7 -> 76.64871 | E18: =C18-D18 -> -0.039404891 | F18: =E18/D18 -> -0.00051409725 | G18: =INDEX(ONU_e0!$B$5:$B$155,MATCH(B18,ONU_e0!$A$5:$A$155,0)) -> 70.1389 | H18: =C18-G18 -> 6.4704048 | I18: =Gen_2000!F106 -> 5261.1512 | J18: =I18/Radix*($M$13-0.5) -> 0.078917268 | K18: =C18+J18 -> 76.688222
A19: Mujeres | B19: 1950 | C19: =Gen_1950!R6 -> 57.88133 | D19: =(SUM(Val_Diagonal_ONU!O7:O107)-Val_Diagonal_ONU!O7/2)/Val_Diagonal_ONU!O7 -> 58.211004 | E19: =C19-D19 -> -0.32967403 | F19: =E19/D19 -> -0.0056634314 | G19: =INDEX(ONU_e0!$C$5:$C$155,MATCH(B19,ONU_e0!$A$5:$A$155,0)) -> 45.4512 | H19: =C19-G19 -> 12.43013 | I19: =Gen_1950!N106 -> 1124.9635 | J19: =I19/Radix*($M$13-0.5) -> 0.016874453 | K19: =C19+J19 -> 57.898204
A20: Mujeres | B20: 1960 | C20: =Gen_1960!R6 -> 66.41444 | D20: =(SUM(Val_Diagonal_ONU!Q7:Q107)-Val_Diagonal_ONU!Q7/2)/Val_Diagonal_ONU!Q7 -> 66.61511 | E20: =C20-D20 -> -0.20067027 | F20: =E20/D20 -> -0.0030123836 | G20: =INDEX(ONU_e0!$C$5:$C$155,MATCH(B20,ONU_e0!$A$5:$A$155,0)) -> 55.2932 | H20: =C20-G20 -> 11.12124 | I20: =Gen_1960!N106 -> 1799.5036 | J20: =I20/Radix*($M$13-0.5) -> 0.026992554 | K20: =C20+J20 -> 66.441433
A21: Mujeres | B21: 1970 | C21: =Gen_1970!R6 -> 72.214601 | D21: =(SUM(Val_Diagonal_ONU!S7:S107)-Val_Diagonal_ONU!S7/2)/Val_Diagonal_ONU!S7 -> 72.327218 | E21: =C21-D21 -> -0.11261648 | F21: =E21/D21 -> -0.0015570415 | G21: =INDEX(ONU_e0!$C$5:$C$155,MATCH(B21,ONU_e0!$A$5:$A$155,0)) -> 60.845 | H21: =C21-G21 -> 11.369601 | I21: =Gen_1970!N106 -> 2680.6484 | J21: =I21/Radix*($M$13-0.5) -> 0.040209727 | K21: =C21+J21 -> 72.254811
A22: Mujeres | B22: 1980 | C22: =Gen_1980!R6 -> 76.38554 | D22: =(SUM(Val_Diagonal_ONU!U7:U107)-Val_Diagonal_ONU!U7/2)/Val_Diagonal_ONU!U7 -> 76.443777 | E22: =C22-D22 -> -0.058237357 | F22: =E22/D22 -> -0.00076183254 | G22: =INDEX(ONU_e0!$C$5:$C$155,MATCH(B22,ONU_e0!$A$5:$A$155,0)) -> 67.6219 | H22: =C22-G22 -> 8.7636401 | I22: =Gen_1980!N106 -> 3801.0449 | J22: =I22/Radix*($M$13-0.5) -> 0.057015673 | K22: =C22+J22 -> 76.442556
A23: Mujeres | B23: 1990 | C23: =Gen_1990!R6 -> 79.721334 | D23: =(SUM(Val_Diagonal_ONU!W7:W107)-Val_Diagonal_ONU!W7/2)/Val_Diagonal_ONU!W7 -> 79.779571 | E23: =C23-D23 -> -0.058236772 | F23: =E23/D23 -> -0.00072997099 | G23: =INDEX(ONU_e0!$C$5:$C$155,MATCH(B23,ONU_e0!$A$5:$A$155,0)) -> 72.0248 | H23: =C23-G23 -> 7.6965339 | I23: =Gen_1990!N106 -> 5250.6312 | J23: =I23/Radix*($M$13-0.5) -> 0.078759467 | K23: =C23+J23 -> 79.800093
A24: Mujeres | B24: 2000 | C24: =Gen_2000!R6 -> 82.314803 | D24: =(SUM(Val_Diagonal_ONU!Y7:Y107)-Val_Diagonal_ONU!Y7/2)/Val_Diagonal_ONU!Y7 -> 82.342634 | E24: =C24-D24 -> -0.027831656 | F24: =E24/D24 -> -0.00033799812 | G24: =INDEX(ONU_e0!$C$5:$C$155,MATCH(B24,ONU_e0!$A$5:$A$155,0)) -> 74.9719 | H24: =C24-G24 -> 7.3429026 | I24: =Gen_2000!N106 -> 7015.5631 | J24: =I24/Radix*($M$13-0.5) -> 0.10523345 | K24: =C24+J24 -> 82.420036
A25: Ambos sexos | B25: 1950 | C25: =Gen_1950!Z6 -> 55.110432 | D25: =(SUM(Val_Diagonal_ONU!AA7:AA107)-Val_Diagonal_ONU!AA7/2)/Val_Diagonal_ONU!AA7 -> 55.484855 | E25: =C25-D25 -> -0.37442348 | F25: =E25/D25 -> -0.0067482103 | G25: =INDEX(ONU_e0!$D$5:$D$155,MATCH(B25,ONU_e0!$A$5:$A$155,0)) -> 43.8357 | H25: =C25-G25 -> 11.274732 | I25: =Gen_1950!V106 -> 1087.9885 | J25: =I25/Radix*($M$13-0.5) -> 0.016319827 | K25: =C25+J25 -> 55.126752
A26: Ambos sexos | B26: 1960 | C26: =Gen_1960!Z6 -> 63.20282 | D26: =(SUM(Val_Diagonal_ONU!AC7:AC107)-Val_Diagonal_ONU!AC7/2)/Val_Diagonal_ONU!AC7 -> 63.436741 | E26: =C26-D26 -> -0.23392057 | F26: =E26/D26 -> -0.0036874619 | G26: =INDEX(ONU_e0!$D$5:$D$155,MATCH(B26,ONU_e0!$A$5:$A$155,0)) -> 53.5732 | H26: =C26-G26 -> 9.6296202 | I26: =Gen_1960!V106 -> 1656.7002 | J26: =I26/Radix*($M$13-0.5) -> 0.024850503 | K26: =C26+J26 -> 63.227671
A27: Ambos sexos | B27: 1970 | C27: =Gen_1970!Z6 -> 69.079189 | D27: =(SUM(Val_Diagonal_ONU!AE7:AE107)-Val_Diagonal_ONU!AE7/2)/Val_Diagonal_ONU!AE7 -> 69.213831 | E27: =C27-D27 -> -0.13464199 | F27: =E27/D27 -> -0.0019453047 | G27: =INDEX(ONU_e0!$D$5:$D$155,MATCH(B27,ONU_e0!$A$5:$A$155,0)) -> 58.8934 | H27: =C27-G27 -> 10.185789 | I27: =Gen_1970!V106 -> 2423.8606 | J27: =I27/Radix*($M$13-0.5) -> 0.036357909 | K27: =C27+J27 -> 69.115547
A28: Ambos sexos | B28: 1980 | C28: =Gen_1980!Z6 -> 73.405044 | D28: =(SUM(Val_Diagonal_ONU!AG7:AG107)-Val_Diagonal_ONU!AG7/2)/Val_Diagonal_ONU!AG7 -> 73.483064 | E28: =C28-D28 -> -0.078020433 | F28: =E28/D28 -> -0.0010617471 | G28: =INDEX(ONU_e0!$D$5:$D$155,MATCH(B28,ONU_e0!$A$5:$A$155,0)) -> 64.2819 | H28: =C28-G28 -> 9.1231438 | I28: =Gen_1980!V106 -> 3411.8749 | J28: =I28/Radix*($M$13-0.5) -> 0.051178124 | K28: =C28+J28 -> 73.456222
A29: Ambos sexos | B29: 1990 | C29: =Gen_1990!Z6 -> 76.675841 | D29: =(SUM(Val_Diagonal_ONU!AI7:AI107)-Val_Diagonal_ONU!AI7/2)/Val_Diagonal_ONU!AI7 -> 76.74409 | E29: =C29-D29 -> -0.068248525 | F29: =E29/D29 -> -0.00088930009 | G29: =INDEX(ONU_e0!$D$5:$D$155,MATCH(B29,ONU_e0!$A$5:$A$155,0)) -> 69.0342 | H29: =C29-G29 -> 7.641641 | I29: =Gen_1990!V106 -> 4644.2746 | J29: =I29/Radix*($M$13-0.5) -> 0.069664119 | K29: =C29+J29 -> 76.745505
A30: Ambos sexos | B30: 2000 | C30: =Gen_2000!Z6 -> 79.426841 | D30: =(SUM(Val_Diagonal_ONU!AK7:AK107)-Val_Diagonal_ONU!AK7/2)/Val_Diagonal_ONU!AK7 -> 79.461235 | E30: =C30-D30 -> -0.034393683 | F30: =E30/D30 -> -0.000432836 | G30: =INDEX(ONU_e0!$D$5:$D$155,MATCH(B30,ONU_e0!$A$5:$A$155,0)) -> 72.5621 | H30: =C30-G30 -> 6.8647413 | I30: =Gen_2000!V106 -> 6128.2947 | J30: =I30/Radix*($M$13-0.5) -> 0.091924421 | K30: =C30+J30 -> 79.518766
A31: Lectura: (i) 'Diferencia' mide el error de la estimación qx = D/(P + D/2) frente a la qx oficial, sobre las mismas edades y años. (ii) La 'brecha generación − periodo' NO es error: la generación vive las mejoras de mortalidad futuras y la e0 de periodo no. (iii) El grupo abierto (qx = 1 a los 100) subestima e0 en 'Ajuste' años; afecta igual a la tabla y a la diagonal ONU, por lo que no altera la columna 'Diferencia'.
A40: Detalle anual (e0 de periodo, años)
A41: Año | B41: ONU Hombres | C41: Calculada Hombres | D41: Dif. Hombres | E41: ONU Mujeres | F41: Calculada Mujeres | G41: Dif. Mujeres | H41: ONU Ambos | I41: Calculada Ambos | J41: Dif. Ambos
A42: 1950 | B42: =ONU_e0!B5 -> 42.2946 | C42: =Periodo!B6 -> 42.025021 | D42: =C42-B42 -> -0.26957898 | E42: =ONU_e0!C5 -> 45.4512 | F42: =Periodo!B7 -> 45.223931 | G42: =F42-E42 -> -0.2272691 | H42: =ONU_e0!D5 -> 43.8357 | I42: =Periodo!B8 -> 43.578395 | J42: =I42-H42 -> -0.25730548
A43: 1951 | B43: =ONU_e0!B6 -> 43.1848 | C43: =Periodo!C6 -> 42.894326 | D43: =C43-B43 -> -0.29047406 | E43: =ONU_e0!C6 -> 46.4341 | F43: =Periodo!C7 -> 46.197089 | G43: =F43-E43 -> -0.23701083 | H43: =ONU_e0!D6 -> 44.7707 | I43: =Periodo!C8 -> 44.498641 | J43: =I43-H43 -> -0.27205949
A44: 1952 | B44: =ONU_e0!B7 -> 44.0306 | C44: =Periodo!D6 -> 43.75754 | D44: =C44-B44 -> -0.27306004 | E44: =ONU_e0!C7 -> 47.3904 | F44: =Periodo!D7 -> 47.167097 | G44: =F44-E44 -> -0.22330252 | H44: =ONU_e0!D7 -> 45.6679 | I44: =Periodo!D8 -> 45.412195 | J44: =I44-H44 -> -0.25570474
A45: 1953 | B45: =ONU_e0!B8 -> 45.4726 | C45: =Periodo!E6 -> 45.212509 | D45: =C45-B45 -> -0.26009105 | E45: =ONU_e0!C8 -> 48.6883 | F45: =Periodo!E7 -> 48.476918 | G45: =F45-E45 -> -0.21138166 | H45: =ONU_e0!D8 -> 47.0446 | I45: =Periodo!E8 -> 46.801316 | J45: =I45-H45 -> -0.2432843
A46: 1954 | B46: =ONU_e0!B9 -> 46.7895 | C46: =Periodo!F6 -> 46.541617 | D46: =C46-B46 -> -0.24788312 | E46: =ONU_e0!C9 -> 49.8707 | F46: =Periodo!F7 -> 49.669069 | G46: =F46-E46 -> -0.20163137 | H46: =ONU_e0!D9 -> 48.2999 | I46: =Periodo!F8 -> 48.068684 | J46: =I46-H46 -> -0.23121644
A47: 1955 | B47: =ONU_e0!B10 -> 48.1357 | C47: =Periodo!G6 -> 47.907811 | D47: =C47-B47 -> -0.22788855 | E47: =ONU_e0!C10 -> 51.1127 | F47: =Periodo!G7 -> 50.927748 | G47: =F47-E47 -> -0.18495244 | H47: =ONU_e0!D10 -> 49.5978 | I47: =Periodo!G8 -> 49.3852 | J47: =I47-H47 -> -0.21259996
A48: 1956 | B48: =ONU_e0!B11 -> 48.9276 | C48: =Periodo!H6 -> 48.709035 | D48: =C48-B48 -> -0.21856484 | E48: =ONU_e0!C11 -> 51.8338 | F48: =Periodo!H7 -> 51.655277 | G48: =F48-E48 -> -0.1785234 | H48: =ONU_e0!D11 -> 50.3553 | I48: =Periodo!H8 -> 50.150741 | J48: =I48-H48 -> -0.20455851
A49: 1957 | B49: =ONU_e0!B12 -> 49.6355 | C49: =Periodo!I6 -> 49.431662 | D49: =C49-B49 -> -0.20383799 | E49: =ONU_e0!C12 -> 52.6528 | F49: =Periodo!I7 -> 52.485445 | G49: =F49-E49 -> -0.16735474 | H49: =ONU_e0!D12 -> 51.1148 | I49: =Periodo!I8 -> 50.923301 | J49: =I49-H49 -> -0.19149901
A50: 1958 | B50: =ONU_e0!B13 -> 50.3412 | C50: =Periodo!J6 -> 50.152687 | D50: =C50-B50 -> -0.18851278 | E50: =ONU_e0!C13 -> 53.3928 | F50: =Periodo!J7 -> 53.236538 | G50: =F50-E50 -> -0.15626154 | H50: =ONU_e0!D13 -> 51.8354 | I50: =Periodo!J8 -> 51.65762 | J50: =I50-H50 -> -0.17778033
A51: 1959 | B51: =ONU_e0!B14 -> 51.1076 | C51: =Periodo!K6 -> 50.929002 | D51: =C51-B51 -> -0.17859814 | E51: =ONU_e0!C14 -> 54.2864 | F51: =Periodo!K7 -> 54.139235 | G51: =F51-E51 -> -0.14716482 | H51: =ONU_e0!D14 -> 52.6611 | I51: =Periodo!K8 -> 52.492827 | J51: =I51-H51 -> -0.16827278
A52: 1960 | B52: =ONU_e0!B15 -> 51.937 | C52: =Periodo!L6 -> 51.732894 | D52: =C52-B52 -> -0.20410619 | E52: =ONU_e0!C15 -> 55.2932 | F52: =Periodo!L7 -> 55.133053 | G52: =F52-E52 -> -0.16014742 | H52: =ONU_e0!D15 -> 53.5732 | I52: =Periodo!L8 -> 53.386896 | J52: =I52-H52 -> -0.18630351
A53: 1961 | B53: =ONU_e0!B16 -> 53.0034 | C53: =Periodo!M6 -> 52.814823 | D53: =C53-B53 -> -0.18857669 | E53: =ONU_e0!C16 -> 55.8936 | F53: =Periodo!M7 -> 55.748185 | G53: =F53-E53 -> -0.14541534 | H53: =ONU_e0!D16 -> 54.4218 | I53: =Periodo!M8 -> 54.250849 | J53: =I53-H53 -> -0.17095091
A54: 1962 | B54: =ONU_e0!B17 -> 53.6285 | C54: =Periodo!N6 -> 53.444067 | D54: =C54-B54 -> -0.18443336 | E54: =ONU_e0!C17 -> 56.5396 | F54: =Periodo!N7 -> 56.397122 | G54: =F54-E54 -> -0.14247798 | H54: =ONU_e0!D17 -> 55.0573 | I54: =Periodo!N8 -> 54.890217 | J54: =I54-H54 -> -0.16708292
A55: 1963 | B55: =ONU_e0!B18 -> 54.0131 | C55: =Periodo!O6 -> 53.837523 | D55: =C55-B55 -> -0.17557675 | E55: =ONU_e0!C18 -> 57.0474 | F55: =Periodo!O7 -> 56.911482 | G55: =F55-E55 -> -0.13591797 | H55: =ONU_e0!D18 -> 55.501 | I55: =Periodo!O8 -> 55.341809 | J55: =I55-H55 -> -0.15919137
A56: 1964 | B56: =ONU_e0!B19 -> 54.2038 | C56: =Periodo!P6 -> 54.036377 | D56: =C56-B56 -> -0.16742275 | E56: =ONU_e0!C19 -> 57.7115 | F56: =Periodo!P7 -> 57.581628 | G56: =F56-E56 -> -0.12987153 | H56: =ONU_e0!D19 -> 55.9164 | I56: =Periodo!P8 -> 55.764499 | J56: =I56-H56 -> -0.15190097
A57: 1965 | B57: =ONU_e0!B20 -> 54.8104 | C57: =Periodo!Q6 -> 54.65355 | D57: =C57-B57 -> -0.15685001 | E57: =ONU_e0!C20 -> 58.665 | F57: =Periodo!Q7 -> 58.542518 | G57: =F57-E57 -> -0.122482 | H57: =ONU_e0!D20 -> 56.6876 | I57: =Periodo!Q8 -> 56.545318 | J57: =I57-H57 -> -0.14228153
A58: 1966 | B58: =ONU_e0!B21 -> 55.4483 | C58: =Periodo!R6 -> 55.298137 | D58: =C58-B58 -> -0.150163 | E58: =ONU_e0!C21 -> 59.3598 | F58: =Periodo!R7 -> 59.24348 | G58: =F58-E58 -> -0.11631956 | H58: =ONU_e0!D21 -> 57.3552 | I58: =Periodo!R8 -> 57.218723 | J58: =I58-H58 -> -0.13647676
A59: 1967 | B59: =ONU_e0!B22 -> 55.796 | C59: =Periodo!S6 -> 55.652206 | D59: =C59-B59 -> -0.14379419 | E59: =ONU_e0!C22 -> 60.2556 | F59: =Periodo!S7 -> 60.142515 | G59: =F59-E59 -> -0.1130852 | H59: =ONU_e0!D22 -> 57.9592 | I59: =Periodo!S8 -> 57.827833 | J59: =I59-H59 -> -0.13136668
A60: 1968 | B60: =ONU_e0!B23 -> 56.1345 | C60: =Periodo!T6 -> 55.991917 | D60: =C60-B60 -> -0.14258285 | E60: =ONU_e0!C23 -> 60.4174 | F60: =Periodo!T7 -> 60.306266 | G60: =F60-E60 -> -0.11113355 | H60: =ONU_e0!D23 -> 58.2202 | I60: =Periodo!T8 -> 58.090788 | J60: =I60-H60 -> -0.12941214
A61: 1969 | B61: =ONU_e0!B24 -> 56.3555 | C61: =Periodo!U6 -> 56.221424 | D61: =C61-B61 -> -0.13407573 | E61: =ONU_e0!C24 -> 60.5717 | F61: =Periodo!U7 -> 60.467618 | G61: =F61-E61 -> -0.10408247 | H61: =ONU_e0!D24 -> 58.4128 | I61: =Periodo!U8 -> 58.291136 | J61: =I61-H61 -> -0.12166374
A62: 1970 | B62: =ONU_e0!B25 -> 57.0121 | C62: =Periodo!V6 -> 56.88099 | D62: =C62-B62 -> -0.13110975 | E62: =ONU_e0!C25 -> 60.845 | F62: =Periodo!V7 -> 60.743712 | G62: =F62-E62 -> -0.10128756 | H62: =ONU_e0!D25 -> 58.8934 | I62: =Periodo!V8 -> 58.7747 | J62: =I62-H62 -> -0.11869955
A63: 1971 | B63: =ONU_e0!B26 -> 57.501 | C63: =Periodo!W6 -> 57.373791 | D63: =C63-B63 -> -0.1272091 | E63: =ONU_e0!C26 -> 61.3951 | F63: =Periodo!W7 -> 61.297206 | G63: =F63-E63 -> -0.097893786 | H63: =ONU_e0!D26 -> 59.4148 | I63: =Periodo!W8 -> 59.298451 | J63: =I63-H63 -> -0.11634912
A64: 1972 | B64: =ONU_e0!B27 -> 58.101 | C64: =Periodo!X6 -> 57.981704 | D64: =C64-B64 -> -0.11929582 | E64: =ONU_e0!C27 -> 62.0606 | F64: =Periodo!X7 -> 61.96907 | G64: =F64-E64 -> -0.091529624 | H64: =ONU_e0!D27 -> 60.0514 | I64: =Periodo!X8 -> 59.939948 | J64: =I64-H64 -> -0.11145228
A65: 1973 | B65: =ONU_e0!B28 -> 58.3269 | C65: =Periodo!Y6 -> 58.21268 | D65: =C65-B65 -> -0.1142201 | E65: =ONU_e0!C28 -> 62.7875 | F65: =Periodo!Y7 -> 62.701183 | G65: =F65-E65 -> -0.086316901 | H65: =ONU_e0!D28 -> 60.5177 | I65: =Periodo!Y8 -> 60.410079 | J65: =I65-H65 -> -0.10762067
A66: 1974 | B66: =ONU_e0!B29 -> 58.8266 | C66: =Periodo!Z6 -> 58.716526 | D66: =C66-B66 -> -0.11007401 | E66: =ONU_e0!C29 -> 63.6242 | F66: =Periodo!Z7 -> 63.54133 | G66: =F66-E66 -> -0.082869801 | H66: =ONU_e0!D29 -> 61.1799 | I66: =Periodo!Z8 -> 61.07627 | J66: =I66-H66 -> -0.10363042
A67: 1975 | B67: =ONU_e0!B30 -> 59.3532 | C67: =Periodo!AA6 -> 59.245356 | D67: =C67-B67 -> -0.10784437 | E67: =ONU_e0!C30 -> 64.5223 | F67: =Periodo!AA7 -> 64.444661 | G67: =F67-E67 -> -0.077638669 | H67: =ONU_e0!D30 -> 61.8832 | I67: =Periodo!AA8 -> 61.783971 | J67: =I67-H67 -> -0.099229438
A68: 1976 | B68: =ONU_e0!B31 -> 59.8677 | C68: =Periodo!AB6 -> 59.756979 | D68: =C68-B68 -> -0.11072085 | E68: =ONU_e0!C31 -> 65.1934 | F68: =Periodo!AB7 -> 65.113829 | G68: =F68-E68 -> -0.079570527 | H68: =ONU_e0!D31 -> 62.4748 | I68: =Periodo!AB8 -> 62.373937 | J68: =I68-H68 -> -0.10086345
A69: 1977 | B69: =ONU_e0!B32 -> 60.2362 | C69: =Periodo!AC6 -> 60.125753 | D69: =C69-B69 -> -0.11044655 | E69: =ONU_e0!C32 -> 65.8648 | F69: =Periodo!AC7 -> 65.784611 | G69: =F69-E69 -> -0.080189052 | H69: =ONU_e0!D32 -> 62.9879 | I69: =Periodo!AC8 -> 62.887063 | J69: =I69-H69 -> -0.10083703
A70: 1978 | B70: =ONU_e0!B33 -> 60.531 | C70: =Periodo!AD6 -> 60.417517 | D70: =C70-B70 -> -0.11348279 | E70: =ONU_e0!C33 -> 66.4777 | F70: =Periodo!AD7 -> 66.396024 | G70: =F70-E70 -> -0.081676156 | H70: =ONU_e0!D33 -> 63.4347 | I70: =Periodo!AD8 -> 63.331984 | J70: =I70-H70 -> -0.10271588
A71: 1979 | B71: =ONU_e0!B34 -> 60.8113 | C71: =Periodo!AE6 -> 60.715181 | D71: =C71-B71 -> -0.096119341 | E71: =ONU_e0!C34 -> 67.0679 | F71: =Periodo!AE7 -> 66.999879 | G71: =F71-E71 -> -0.068020742 | H71: =ONU_e0!D34 -> 63.8618 | I71: =Periodo!AE8 -> 63.774826 | J71: =I71-H71 -> -0.086973997
A72: 1980 | B72: =ONU_e0!B35 -> 61.1101 | C72: =Periodo!AF6 -> 61.016021 | D72: =C72-B72 -> -0.094079492 | E72: =ONU_e0!C35 -> 67.6219 | F72: =Periodo!AF7 -> 67.555716 | G72: =F72-E72 -> -0.066183696 | H72: =ONU_e0!D35 -> 64.2819 | I72: =Periodo!AF8 -> 64.198036 | J72: =I72-H72 -> -0.08386358
A73: 1981 | B73: =ONU_e0!B36 -> 61.4867 | C73: =Periodo!AG6 -> 61.509203 | D73: =C73-B73 -> 0.022502942 | E73: =ONU_e0!C36 -> 68.1271 | F73: =Periodo!AG7 -> 68.174885 | G73: =F73-E73 -> 0.047784559 | H73: =ONU_e0!D36 -> 64.7219 | I73: =Periodo!AG8 -> 64.752082 | J73: =I73-H73 -> 0.030181805
A74: 1982 | B74: =ONU_e0!B37 -> 62.0517 | C74: =Periodo!AH6 -> 62.066244 | D74: =C74-B74 -> 0.014544361 | E74: =ONU_e0!C37 -> 68.622 | F74: =Periodo!AH7 -> 68.659471 | G74: =F74-E74 -> 0.037470935 | H74: =ONU_e0!D37 -> 65.2561 | I74: =Periodo!AH8 -> 65.277581 | J74: =I74-H74 -> 0.021480997
A75: 1983 | B75: =ONU_e0!B38 -> 62.6227 | C75: =Periodo!AI6 -> 62.62009 | D75: =C75-B75 -> -0.002610153 | E75: =ONU_e0!C38 -> 69.0352 | F75: =Periodo!AI7 -> 69.057094 | G75: =F75-E75 -> 0.021894119 | H75: =ONU_e0!D38 -> 65.7563 | I75: =Periodo!AI8 -> 65.762409 | J75: =I75-H75 -> 0.0061093434
A76: 1984 | B76: =ONU_e0!B39 -> 63.1665 | C76: =Periodo!AJ6 -> 63.143739 | D76: =C76-B76 -> -0.022761216 | E76: =ONU_e0!C39 -> 69.3916 | F76: =Periodo!AJ7 -> 69.393831 | G76: =F76-E76 -> 0.0022313829 | H76: =ONU_e0!D39 -> 66.2145 | I76: =Periodo!AJ8 -> 66.201262 | J76: =I76-H76 -> -0.013237723
A77: 1985 | B77: =ONU_e0!B40 -> 63.7674 | C77: =Periodo!AK6 -> 63.727932 | D77: =C77-B77 -> -0.039467692 | E77: =ONU_e0!C40 -> 69.898 | F77: =Periodo!AK7 -> 69.885014 | G77: =F77-E77 -> -0.0129864 | H77: =ONU_e0!D40 -> 66.7745 | I77: =Periodo!AK8 -> 66.745516 | J77: =I77-H77 -> -0.028983521
A78: 1986 | B78: =ONU_e0!B41 -> 64.4149 | C78: =Periodo!AL6 -> 64.374183 | D78: =C78-B78 -> -0.04071743 | E78: =ONU_e0!C41 -> 70.4411 | F78: =Periodo!AL7 -> 70.427043 | G78: =F78-E78 -> -0.014057029 | H78: =ONU_e0!D41 -> 67.3767 | I78: =Periodo!AL8 -> 67.346857 | J78: =I78-H78 -> -0.029842723
A79: 1987 | B79: =ONU_e0!B42 -> 64.9416 | C79: =Periodo!AM6 -> 64.943439 | D79: =C79-B79 -> 0.0018392283 | E79: =ONU_e0!C42 -> 70.9623 | F79: =Periodo!AM7 -> 70.985276 | G79: =F79-E79 -> 0.022976129 | H79: =ONU_e0!D42 -> 67.9037 | I79: =Periodo!AM8 -> 67.914225 | J79: =I79-H79 -> 0.010525424
A80: 1988 | B80: =ONU_e0!B43 -> 65.36 | C80: =Periodo!AN6 -> 65.404561 | D80: =C80-B80 -> 0.044560707 | E80: =ONU_e0!C43 -> 71.3285 | F80: =Periodo!AN7 -> 71.38856 | G80: =F80-E80 -> 0.060059609 | H80: =ONU_e0!D43 -> 68.2994 | I80: =Periodo!AN8 -> 68.350803 | J80: =I80-H80 -> 0.05140297
A81: 1989 | B81: =ONU_e0!B44 -> 65.6884 | C81: =Periodo!AO6 -> 65.725938 | D81: =C81-B81 -> 0.037538015 | E81: =ONU_e0!C44 -> 71.6402 | F81: =Periodo!AO7 -> 71.695414 | G81: =F81-E81 -> 0.055214156 | H81: =ONU_e0!D44 -> 68.6209 | I81: =Periodo!AO8 -> 68.666525 | J81: =I81-H81 -> 0.045624587
A82: 1990 | B82: =ONU_e0!B45 -> 66.1217 | C82: =Periodo!AP6 -> 66.110745 | D82: =C82-B82 -> -0.010955007 | E82: =ONU_e0!C45 -> 72.0248 | F82: =Periodo!AP7 -> 72.029441 | G82: =F82-E82 -> 0.0046408937 | H82: =ONU_e0!D45 -> 69.0342 | I82: =Periodo!AP8 -> 69.029432 | J82: =I82-H82 -> -0.0047677531
A83: 1991 | B83: =ONU_e0!B46 -> 66.4371 | C83: =Periodo!AQ6 -> 66.420671 | D83: =C83-B83 -> -0.016429089 | E83: =ONU_e0!C46 -> 72.3732 | F83: =Periodo!AQ7 -> 72.371307 | G83: =F83-E83 -> -0.0018930312 | H83: =ONU_e0!D46 -> 69.3683 | I83: =Periodo!AQ8 -> 69.357744 | J83: =I83-H83 -> -0.010556108
A84: 1992 | B84: =ONU_e0!B47 -> 66.7491 | C84: =Periodo!AR6 -> 66.723092 | D84: =C84-B84 -> -0.026007505 | E84: =ONU_e0!C47 -> 72.642 | F84: =Periodo!AR7 -> 72.634949 | G84: =F84-E84 -> -0.0070513783 | H84: =ONU_e0!D47 -> 69.6633 | I84: =Periodo!AR8 -> 69.645266 | J84: =I84-H84 -> -0.018033505
A85: 1993 | B85: =ONU_e0!B48 -> 67.0716 | C85: =Periodo!AS6 -> 67.035491 | D85: =C85-B85 -> -0.036108655 | E85: =ONU_e0!C48 -> 72.9052 | F85: =Periodo!AS7 -> 72.89289 | G85: =F85-E85 -> -0.012309785 | H85: =ONU_e0!D48 -> 69.9607 | I85: =Periodo!AS8 -> 69.935092 | J85: =I85-H85 -> -0.025608493
A86: 1994 | B86: =ONU_e0!B49 -> 67.4922 | C86: =Periodo!AT6 -> 67.459686 | D86: =C86-B86 -> -0.032513843 | E86: =ONU_e0!C49 -> 73.1523 | F86: =Periodo!AT7 -> 73.146559 | G86: =F86-E86 -> -0.0057409331 | H86: =ONU_e0!D49 -> 70.3017 | I86: =Periodo!AT8 -> 70.281369 | J86: =I86-H86 -> -0.020330937
A87: 1995 | B87: =ONU_e0!B50 -> 67.9666 | C87: =Periodo!AU6 -> 67.951144 | D87: =C87-B87 -> -0.015456202 | E87: =ONU_e0!C50 -> 73.4684 | F87: =Periodo!AU7 -> 73.477658 | G87: =F87-E87 -> 0.0092581911 | H87: =ONU_e0!D50 -> 70.703 | I87: =Periodo!AU8 -> 70.698774 | J87: =I87-H87 -> -0.0042262435
A88: 1996 | B88: =ONU_e0!B51 -> 68.4487 | C88: =Periodo!AV6 -> 68.438117 | D88: =C88-B88 -> -0.010583461 | E88: =ONU_e0!C51 -> 73.7419 | F88: =Periodo!AV7 -> 73.755949 | G88: =F88-E88 -> 0.014049276 | H88: =ONU_e0!D51 -> 71.0876 | I88: =Periodo!AV8 -> 71.088316 | J88: =I88-H88 -> 0.00071614194
A89: 1997 | B89: =ONU_e0!B52 -> 68.8695 | C89: =Periodo!AW6 -> 68.861297 | D89: =C89-B89 -> -0.0082030106 | E89: =ONU_e0!C52 -> 74.0848 | F89: =Periodo!AW7 -> 74.102858 | G89: =F89-E89 -> 0.018057765 | H89: =ONU_e0!D52 -> 71.4723 | I89: =Periodo!AW8 -> 71.476617 | J89: =I89-H89 -> 0.0043173168
A90: 1998 | B90: =ONU_e0!B53 -> 69.2306 | C90: =Periodo!AX6 -> 69.233434 | D90: =C90-B90 -> 0.0028342636 | E90: =ONU_e0!C53 -> 74.3581 | F90: =Periodo!AX7 -> 74.386918 | G90: =F90-E90 -> 0.028818464 | H90: =ONU_e0!D53 -> 71.7924 | I90: =Periodo!AX8 -> 71.808422 | J90: =I90-H90 -> 0.016021567
A91: 1999 | B91: =ONU_e0!B54 -> 69.6951 | C91: =Periodo!AY6 -> 69.698876 | D91: =C91-B91 -> 0.0037762847 | E91: =ONU_e0!C54 -> 74.7078 | F91: =Periodo!AY7 -> 74.739654 | G91: =F91-E91 -> 0.031854476 | H91: =ONU_e0!D54 -> 72.2034 | I91: =Periodo!AY8 -> 72.221168 | J91: =I91-H91 -> 0.017767904
A92: 2000 | B92: =ONU_e0!B55 -> 70.1389 | C92: =Periodo!AZ6 -> 70.151895 | D92: =C92-B92 -> 0.012994508 | E92: =ONU_e0!C55 -> 74.9719 | F92: =Periodo!AZ7 -> 75.010944 | G92: =F92-E92 -> 0.039044478 | H92: =ONU_e0!D55 -> 72.5621 | I92: =Periodo!AZ8 -> 72.587857 | J92: =I92-H92 -> 0.025757179
A93: 2001 | B93: =ONU_e0!B56 -> 70.5624 | C93: =Periodo!BA6 -> 70.595641 | D93: =C93-B93 -> 0.033240819 | E93: =ONU_e0!C56 -> 75.24 | F93: =Periodo!BA7 -> 75.30929 | G93: =F93-E93 -> 0.069289991 | H93: =ONU_e0!D56 -> 72.9118 | I93: =Periodo!BA8 -> 72.9628 | J93: =I93-H93 -> 0.050999555
A94: 2002 | B94: =ONU_e0!B57 -> 70.8045 | C94: =Periodo!BB6 -> 70.837652 | D94: =C94-B94 -> 0.033151908 | E94: =ONU_e0!C57 -> 75.3825 | F94: =Periodo!BB7 -> 75.448762 | G94: =F94-E94 -> 0.066262394 | H94: =ONU_e0!D57 -> 73.1056 | I94: =Periodo!BB8 -> 73.155059 | J94: =I94-H94 -> 0.049459201
A95: 2003 | B95: =ONU_e0!B58 -> 71.0422 | C95: =Periodo!BC6 -> 71.077884 | D95: =C95-B95 -> 0.03568441 | E95: =ONU_e0!C58 -> 75.5476 | F95: =Periodo!BC7 -> 75.613221 | G95: =F95-E95 -> 0.065620576 | H95: =ONU_e0!D58 -> 73.308 | I95: =Periodo!BC8 -> 73.35843 | J95: =I95-H95 -> 0.050430403
A96: 2004 | B96: =ONU_e0!B59 -> 71.1741 | C96: =Periodo!BD6 -> 71.203256 | D96: =C96-B96 -> 0.029156073 | E96: =ONU_e0!C59 -> 75.6639 | F96: =Periodo!BD7 -> 75.721145 | G96: =F96-E96 -> 0.057245174 | H96: =ONU_e0!D59 -> 73.4324 | I96: =Periodo!BD8 -> 73.475643 | J96: =I96-H96 -> 0.043243388
A97: 2005 | B97: =ONU_e0!B60 -> 71.3502 | C97: =Periodo!BE6 -> 71.374497 | D97: =C97-B97 -> 0.02429682 | E97: =ONU_e0!C60 -> 75.8772 | F97: =Periodo!BE7 -> 75.926318 | G97: =F97-E97 -> 0.049117947 | H97: =ONU_e0!D60 -> 73.6267 | I97: =Periodo!BE8 -> 73.663503 | J97: =I97-H97 -> 0.036803409
A98: 2006 | B98: =ONU_e0!B61 -> 71.4418 | C98: =Periodo!BF6 -> 71.456464 | D98: =C98-B98 -> 0.014663924 | E98: =ONU_e0!C61 -> 76.0247 | F98: =Periodo!BF7 -> 76.060588 | G98: =F98-E98 -> 0.035888183 | H98: =ONU_e0!D61 -> 73.7457 | I98: =Periodo!BF8 -> 73.771338 | J98: =I98-H98 -> 0.025638488
A99: 2007 | B99: =ONU_e0!B62 -> 71.4251 | C99: =Periodo!BG6 -> 71.421877 | D99: =C99-B99 -> -0.0032234667 | E99: =ONU_e0!C62 -> 76.1435 | F99: =Periodo!BG7 -> 76.15354 | G99: =F99-E99 -> 0.010040179 | H99: =ONU_e0!D62 -> 73.7955 | I99: =Periodo!BG8 -> 73.799292 | J99: =I99-H99 -> 0.0037918428
A100: 2008 | B100: =ONU_e0!B63 -> 71.249 | C100: =Periodo!BH6 -> 71.236515 | D100: =C100-B100 -> -0.012485244 | E100: =ONU_e0!C63 -> 76.1187 | F100: =Periodo!BH7 -> 76.116767 | G100: =F100-E100 -> -0.0019330549 | H100: =ONU_e0!D63 -> 73.6949 | I100: =Periodo!BH8 -> 73.688092 | J100: =I100-H100 -> -0.0068084503
A101: 2009 | B101: =ONU_e0!B64 -> 71.0987 | C101: =Periodo!BI6 -> 71.083247 | D101: =C101-B101 -> -0.015452757 | E101: =ONU_e0!C64 -> 76.1348 | F101: =Periodo!BI7 -> 76.128927 | G101: =F101-E101 -> -0.0058730173 | H101: =ONU_e0!D64 -> 73.6281 | I101: =Periodo!BI8 -> 73.618074 | J101: =I101-H101 -> -0.010025961
A102: 2010 | B102: =ONU_e0!B65 -> 71.121 | C102: =Periodo!BJ6 -> 71.096929 | D102: =C102-B102 -> -0.024070801 | E102: =ONU_e0!C65 -> 76.2928 | F102: =Periodo!BJ7 -> 76.280547 | G102: =F102-E102 -> -0.012253065 | H102: =ONU_e0!D65 -> 73.7181 | I102: =Periodo!BJ8 -> 73.700888 | J102: =I102-H102 -> -0.017212181
A103: 2011 | B103: =ONU_e0!B66 -> 71.2923 | C103: =Periodo!BK6 -> 71.268099 | D103: =C103-B103 -> -0.024200981 | E103: =ONU_e0!C66 -> 76.5241 | F103: =Periodo!BK7 -> 76.511934 | G103: =F103-E103 -> -0.012166118 | H103: =ONU_e0!D66 -> 73.9209 | I103: =Periodo!BK8 -> 73.903684 | J103: =I103-H103 -> -0.017215771
A104: 2012 | B104: =ONU_e0!B67 -> 71.5 | C104: =Periodo!BL6 -> 71.470499 | D104: =C104-B104 -> -0.029500649 | E104: =ONU_e0!C67 -> 76.7265 | F104: =Periodo!BL7 -> 76.712673 | G104: =F104-E104 -> -0.013826503 | H104: =ONU_e0!D67 -> 74.1278 | I104: =Periodo!BL8 -> 74.107354 | J104: =I104-H104 -> -0.020445535
A105: 2013 | B105: =ONU_e0!B68 -> 71.721 | C105: =Periodo!BM6 -> 71.694375 | D105: =C105-B105 -> -0.026624662 | E105: =ONU_e0!C68 -> 76.8188 | F105: =Periodo!BM7 -> 76.806482 | G105: =F105-E105 -> -0.012318238 | H105: =ONU_e0!D68 -> 74.289 | I105: =Periodo!BM8 -> 74.270343 | J105: =I105-H105 -> -0.018656886
A106: 2014 | B106: =ONU_e0!B69 -> 71.8774 | C106: =Periodo!BN6 -> 71.851703 | D106: =C106-B106 -> -0.025697224 | E106: =ONU_e0!C69 -> 76.8856 | F106: =Periodo!BN7 -> 76.877838 | G106: =F106-E106 -> -0.0077616727 | H106: =ONU_e0!D69 -> 74.4044 | I106: =Periodo!BN8 -> 74.388556 | J106: =I106-H106 -> -0.015844228
A107: 2015 | B107: =ONU_e0!B70 -> 71.8833 | C107: =Periodo!BO6 -> 71.858175 | D107: =C107-B107 -> -0.02512526 | E107: =ONU_e0!C70 -> 76.9286 | F107: =Periodo!BO7 -> 76.922201 | G107: =F107-E107 -> -0.0063993197 | H107: =ONU_e0!D70 -> 74.4315 | I107: =Periodo!BO8 -> 74.416897 | J107: =I107-H107 -> -0.014603267
A108: 2016 | B108: =ONU_e0!B71 -> 71.7377 | C108: =Periodo!BP6 -> 71.706393 | D108: =C108-B108 -> -0.03130739 | E108: =ONU_e0!C71 -> 76.9623 | F108: =Periodo!BP7 -> 76.951904 | G108: =F108-E108 -> -0.010395865 | H108: =ONU_e0!D71 -> 74.3763 | I108: =Periodo!BP8 -> 74.356695 | J108: =I108-H108 -> -0.019604659
A109: 2017 | B109: =ONU_e0!B72 -> 71.5003 | C109: =Periodo!BQ6 -> 71.471009 | D109: =C109-B109 -> -0.029291484 | E109: =ONU_e0!C72 -> 76.972 | F109: =Periodo!BQ7 -> 76.96594 | G109: =F109-E109 -> -0.0060602256 | H109: =ONU_e0!D72 -> 74.2609 | I109: =Periodo!BQ8 -> 74.244868 | J109: =I109-H109 -> -0.016032088
A110: 2018 | B110: =ONU_e0!B73 -> 71.4221 | C110: =Periodo!BR6 -> 71.387478 | D110: =C110-B110 -> -0.034622315 | E110: =ONU_e0!C73 -> 77.1303 | F110: =Periodo!BR7 -> 77.114874 | G110: =F110-E110 -> -0.015425993 | H110: =ONU_e0!D73 -> 74.3009 | I110: =Periodo!BR8 -> 74.276482 | J110: =I110-H110 -> -0.024418046
...

Sheet Datos_Graficos
A1: Datos de los gráficos de la hoja Comparacion (vínculos a las tablas Gen_XXXX)
B3: ex - Hombres | H3: ex - Mujeres | N3: ex - Ambos sexos | V3: lx - Hombres | AB3: lx - Mujeres | AH3: lx - Ambos sexos
AP4: e0 oficial ONU (periodo) | AV4: e0 de cada generación (tablas Gen)
A5: Edad x | B5: Gen. 1950 | C5: Gen. 1960 | D5: Gen. 1970 | E5: Gen. 1980 | F5: Gen. 1990 | G5: Gen. 2000 | H5: Gen. 1950 | I5: Gen. 1960 | J5: Gen. 1970 | K5: Gen. 1980 | L5: Gen. 1990 | M5: Gen. 2000 | N5: Gen. 1950 | O5: Gen. 1960 | P5: Gen. 1970 | Q5: Gen. 1980 | R5: Gen. 1990 | S5: Gen. 2000 | U5: Edad x | V5: Gen. 1950 | W5: Gen. 1960 | X5: Gen. 1970 | Y5: Gen. 1980 | Z5: Gen. 1990 | AA5: Gen. 2000 | AB5: Gen. 1950 | AC5: Gen. 1960 | AD5: Gen. 1970 | AE5: Gen. 1980 | AF5: Gen. 1990 | AG5: Gen. 2000 | AH5: Gen. 1950 | AI5: Gen. 1960 | AJ5: Gen. 1970 | AK5: Gen. 1980 | AL5: Gen. 1990 | AM5: Gen. 2000 | AP5: Año | AQ5: e0 ONU Hombres | AR5: e0 ONU Mujeres | AS5: e0 ONU Ambos sexos | AV5: Generación | AW5: e0 gen. Hombres | AX5: e0 gen. Mujeres | AY5: e0 gen. Ambos sexos
A6: 0 | B6: =Gen_1950!J6 -> 52.443355 | C6: =Gen_1960!J6 -> 60.010149 | D6: =Gen_1970!J6 -> 65.835312 | E6: =Gen_1980!J6 -> 70.191527 | F6: =Gen_1990!J6 -> 73.597017 | G6: =Gen_2000!J6 -> 76.609305 | H6: =Gen_1950!R6 -> 57.88133 | I6: =Gen_1960!R6 -> 66.41444 | J6: =Gen_1970!R6 -> 72.214601 | K6: =Gen_1980!R6 -> 76.38554 | L6: =Gen_1990!R6 -> 79.721334 | M6: =Gen_2000!R6 -> 82.314803 | N6: =Gen_1950!Z6 -> 55.110432 | O6: =Gen_1960!Z6 -> 63.20282 | P6: =Gen_1970!Z6 -> 69.079189 | Q6: =Gen_1980!Z6 -> 73.405044 | R6: =Gen_1990!Z6 -> 76.675841 | S6: =Gen_2000!Z6 -> 79.426841 | U6: =A6 -> 0 | V6: =Gen_1950!F6 -> 100000 | W6: =Gen_1960!F6 -> 100000 | X6: =Gen_1970!F6 -> 100000 | Y6: =Gen_1980!F6 -> 100000 | Z6: =Gen_1990!F6 -> 100000 | AA6: =Gen_2000!F6 -> 100000 | AB6: =Gen_1950!N6 -> 100000 | AC6: =Gen_1960!N6 -> 100000 | AD6: =Gen_1970!N6 -> 100000 | AE6: =Gen_1980!N6 -> 100000 | AF6: =Gen_1990!N6 -> 100000 | AG6: =Gen_2000!N6 -> 100000 | AH6: =Gen_1950!V6 -> 100000 | AI6: =Gen_1960!V6 -> 100000 | AJ6: =Gen_1970!V6 -> 100000 | AK6: =Gen_1980!V6 -> 100000 | AL6: =Gen_1990!V6 -> 100000 | AM6: =Gen_2000!V6 -> 100000 | AP6: =ONU_e0!A5 -> 1950 | AQ6: =ONU_e0!B5 -> 42.2946 | AR6: =ONU_e0!C5 -> 45.4512 | AS6: =ONU_e0!D5 -> 43.8357 | AV6: 1950 | AW6: =Gen_1950!J6 -> 52.443355 | AX6: =Gen_1950!R6 -> 57.88133 | AY6: =Gen_1950!Z6 -> 55.110432
A7: 1 | B7: =Gen_1950!J7 -> 62.258135 | C7: =Gen_1960!J7 -> 67.115627 | D7: =Gen_1970!J7 -> 71.03788 | E7: =Gen_1980!J7 -> 73.714588 | F7: =Gen_1990!J7 -> 75.688967 | G7: =Gen_2000!J7 -> 77.649484 | H7: =Gen_1950!R7 -> 67.275503 | I7: =Gen_1960!R7 -> 73.214298 | J7: =Gen_1970!R7 -> 77.080902 | K7: =Gen_1980!R7 -> 79.537129 | L7: =Gen_1990!R7 -> 81.472507 | M7: =Gen_2000!R7 -> 83.064785 | N7: =Gen_1950!Z7 -> 64.746341 | O7: =Gen_1960!Z7 -> 70.18727 | P7: =Gen_1970!Z7 -> 74.144178 | Q7: =Gen_1980!Z7 -> 76.769963 | R7: =Gen_1990!Z7 -> 78.613822 | S7: =Gen_2000!Z7 -> 80.332069 | U7: =A7 -> 1 | V7: =Gen_1950!F7 -> 82767.524 | W7: =Gen_1960!F7 -> 88012.418 | X7: =Gen_1970!F7 -> 91329.674 | Y7: =Gen_1980!F7 -> 93905.428 | Z7: =Gen_1990!F7 -> 95941.736 | AA7: =Gen_2000!F7 -> 97389.388 | AB7: =Gen_1950!N7 -> 84663.82 | AC7: =Gen_1960!N7 -> 89418.799 | AD7: =Gen_1970!N7 -> 92438.474 | AE7: =Gen_1980!N7 -> 94812.922 | AF7: =Gen_1990!N7 -> 96643.786 | AG7: =Gen_2000!N7 -> 97905.838 | AH7: =Gen_1950!V7 -> 83698.843 | AI7: =Gen_1960!V7 -> 88704.543 | AJ7: =Gen_1970!V7 -> 91874.799 | AK7: =Gen_1980!V7 -> 94351.078 | AL7: =Gen_1990!V7 -> 96286.387 | AM7: =Gen_2000!V7 -> 97642.981 | AP7: =ONU_e0!A6 -> 1951 | AQ7: =ONU_e0!B6 -> 43.1848 | AR7: =ONU_e0!C6 -> 46.4341 | AS7: =ONU_e0!D6 -> 44.7707 | AV7: 1960 | AW7: =Gen_1960!J6 -> 60.010149 | AX7: =Gen_1960!R6 -> 66.41444 | AY7: =Gen_1960!Z6 -> 63.20282
A8: 2 | B8: =Gen_1950!J8 -> 64.137871 | C8: =Gen_1960!J8 -> 67.527727 | D8: =Gen_1970!J8 -> 70.814886 | E8: =Gen_1980!J8 -> 73.218695 | F8: =Gen_1990!J8 -> 74.964391 | G8: =Gen_2000!J8 -> 76.809905 | H8: =Gen_1950!R8 -> 69.297042 | I8: =Gen_1960!R8 -> 73.689938 | J8: =Gen_1970!R8 -> 76.896743 | K8: =Gen_1980!R8 -> 79.079848 | L8: =Gen_1990!R8 -> 80.761831 | M8: =Gen_2000!R8 -> 82.23303 | N8: =Gen_1950!Z8 -> 66.698199 | O8: =Gen_1960!Z8 -> 70.633247 | P8: =Gen_1970!Z8 -> 73.942197 | Q8: =Gen_1980!Z8 -> 76.29444 | R8: =Gen_1990!Z8 -> 77.896497 | S8: =Gen_2000!Z8 -> 79.496433 | U8: =A8 -> 2 | V8: =Gen_1950!F8 -> 79080.079 | W8: =Gen_1960!F8 -> 86185.483 | X8: =Gen_1970!F8 -> 90334.598 | Y8: =Gen_1980!F8 -> 93263.28 | Z8: =Gen_1990!F8 -> 95591.574 | AA8: =Gen_2000!F8 -> 97187.302 | AB8: =Gen_1950!N8 -> 80998.693 | AC8: =Gen_1960!N8 -> 87640.256 | AD8: =Gen_1970!N8 -> 91464.077 | AE8: =Gen_1980!N8 -> 94166.315 | AF8: =Gen_1990!N8 -> 96299.696 | AG8: =Gen_2000!N8 -> 97706.737 | AH8: =Gen_1950!V8 -> 80022.149 | AI8: =Gen_1960!V8 -> 86901.382 | AJ8: =Gen_1970!V8 -> 90889.903 | AK8: =Gen_1980!V8 -> 93706.697 | AL8: =Gen_1990!V8 -> 95939.206 | AM8: =Gen_2000!V8 -> 97442.359 | AP8: =ONU_e0!A7 -> 1952 | AQ8: =ONU_e0!B7 -> 44.0306 | AR8: =ONU_e0!C7 -> 47.3904 | AS8: =ONU_e0!D7 -> 45.6679 | AV8: 1970 | AW8: =Gen_1970!J6 -> 65.835312 | AX8: =Gen_1970!R6 -> 72.214601 | AY8: =Gen_1970!Z6 -> 69.079189
A9: 3 | B9: =Gen_1950!J9 -> 64.887443 | C9: =Gen_1960!J9 -> 67.407001 | D9: =Gen_1970!J9 -> 70.342508 | E9: =Gen_1980!J9 -> 72.526562 | F9: =Gen_1990!J9 -> 74.137893 | G9: =Gen_2000!J9 -> 75.911817 | H9: =Gen_1950!R9 -> 70.149596 | I9: =Gen_1960!R9 -> 73.624769 | J9: =Gen_1970!R9 -> 76.449434 | K9: =Gen_1980!R9 -> 78.391075 | L9: =Gen_1990!R9 -> 79.933318 | M9: =Gen_2000!R9 -> 81.332229 | N9: =Gen_1950!Z9 -> 67.499644 | O9: =Gen_1960!Z9 -> 70.541266 | P9: =Gen_1970!Z9 -> 73.483522 | Q9: =Gen_1980!Z9 -> 75.605118 | R9: =Gen_1990!Z9 -> 77.069453 | S9: =Gen_2000!Z9 -> 78.597201 | U9: =A9 -> 3 | V9: =Gen_1950!F9 -> 76964.133 | W9: =Gen_1960!F9 -> 85069.535 | X9: =Gen_1970!F9 -> 89661.802 | Y9: =Gen_1980!F9 -> 92870.099 | Z9: =Gen_1990!F9 -> 95369.364 | AA9: =Gen_2000!F9 -> 97057.681 | AB9: =Gen_1950!N9 -> 78874.767 | AC9: =Gen_1960!N9 -> 86534.973 | AD9: =Gen_1970!N9 -> 90807.135 | AE9: =Gen_1980!N9 -> 93794.828 | AF9: =Gen_1990!N9 -> 96094.38 | AG9: =Gen_2000!N9 -> 97588.294 | AH9: =Gen_1950!V9 -> 77902.205 | AI9: =Gen_1960!V9 -> 85790.646 | AJ9: =Gen_1970!V9 -> 90224.878 | AK9: =Gen_1980!V9 -> 93324.166 | AL9: =Gen_1990!V9 -> 95725.291 | AM9: =Gen_2000!V9 -> 97318.22 | AP9: =ONU_e0!A8 -> 1953 | AQ9: =ONU_e0!B8 -> 45.4726 | AR9: =ONU_e0!C8 -> 48.6883 | AS9: =ONU_e0!D8 -> 47.0446 | AV9: 1980 | AW9: =Gen_1980!J6 -> 70.191527 | AX9: =Gen_1980!R6 -> 76.38554 | AY9: =Gen_1980!Z6 -> 73.405044
A10: 4 | B10: =Gen_1950!J10 -> 64.948465 | C10: =Gen_1960!J10 -> 66.967065 | D10: =Gen_1970!J10 -> 69.688197 | E10: =Gen_1980!J10 -> 71.715369 | F10: =Gen_1990!J10 -> 73.245335 | G10: =Gen_2000!J10 -> 74.977992 | H10: =Gen_1950!R10 -> 70.292265 | I10: =Gen_1960!R10 -> 73.230829 | J10: =Gen_1970!R10 -> 75.80575 | K10: =Gen_1980!R10 -> 77.57049 | L10: =Gen_1990!R10 -> 79.0322 | M10: =Gen_2000!R10 -> 80.392965 | N10: =Gen_1950!Z10 -> 67.601297 | O10: =Gen_1960!Z10 -> 70.124697 | P10: =Gen_1970!Z10 -> 72.835455 | Q10: =Gen_1980!Z10 -> 74.790212 | R10: =Gen_1990!Z10 -> 76.173054 | S10: =Gen_2000!Z10 -> 77.660886 | U10: =A10 -> 4 | V10: =Gen_1950!F10 -> 75716.424 | W10: =Gen_1960!F10 -> 84363.347 | X10: =Gen_1970!F10 -> 89220.203 | Y10: =Gen_1980!F10 -> 92627.29 | Z10: =Gen_1990!F10 -> 95230.417 | AA10: =Gen_2000!F10 -> 96972.587 | AB10: =Gen_1950!N10 -> 77601.638 | AC10: =Gen_1960!N10 -> 85823.665 | AD10: =Gen_1970!N10 -> 90383.103 | AE10: =Gen_1980!N10 -> 93579.276 | AF10: =Gen_1990!N10 -> 95974.908 | AG10: =Gen_2000!N10 -> 97515.023 | AH10: =Gen_1950!V10 -> 76642.006 | AI10: =Gen_1960!V10 -> 85081.929 | AJ10: =Gen_1970!V10 -> 89791.893 | AK10: =Gen_1980!V10 -> 93094.737 | AL10: =Gen_1990!V10 -> 95595.947 | AM10: =Gen_2000!V10 -> 97238.926 | AP10: =ONU_e0!A9 -> 1954 | AQ10: =ONU_e0!B9 -> 46.7895 | AR10: =ONU_e0!C9 -> 49.8707 | AS10: =ONU_e0!D9 -> 48.2999 | AV10: 1990 | AW10: =Gen_1990!J6 -> 73.597017 | AX10: =Gen_1990!R6 -> 79.721334 | AY10: =Gen_1990!Z6 -> 76.675841
A11: 5 | B11: =Gen_1950!J11 -> 64.607411 | C11: =Gen_1960!J11 -> 66.333717 | D11: =Gen_1970!J11 -> 68.906048 | E11: =Gen_1980!J11 -> 70.838595 | F11: =Gen_1990!J11 -> 72.3147 | G11: =Gen_2000!J11 -> 74.022753 | H11: =Gen_1950!R11 -> 70.01427 | I11: =Gen_1960!R11 -> 72.632054 | J11: =Gen_1970!R11 -> 75.0199 | K11: =Gen_1980!R11 -> 76.68098 | L11: =Gen_1990!R11 -> 78.091418 | M11: =Gen_2000!R11 -> 79.432696 | N11: =Gen_1950!Z11 -> 67.291443 | O11: =Gen_1960!Z11 -> 69.508776 | P11: =Gen_1970!Z11 -> 72.052321 | Q11: =Gen_1980!Z11 -> 73.907881 | R11: =Gen_1990!Z11 -> 75.237772 | S11: =Gen_2000!Z11 -> 76.703323 | U11: =A11 -> 5 | V11: =Gen_1950!F11 -> 74950.105 | W11: =Gen_1960!F11 -> 83900.528 | X11: =Gen_1970!F11 -> 88940.159 | Y11: =Gen_1980!F11 -> 92467.291 | Z11: =Gen_1990!F11 -> 95139.699 | AA11: =Gen_2000!F11 -> 96914.342 | AB11: =Gen_1950!N11 -> 76807.064 | AC11: =Gen_1960!N11 -> 85352.81 | AD11: =Gen_1970!N11 -> 90126.805 | AE11: =Gen_1980!N11 -> 93445.311 | AF11: =Gen_1990!N11 -> 95902.591 | AG11: =Gen_2000!N11 -> 97466.553 | AH11: =Gen_1950!V11 -> 75861.757 | AI11: =Gen_1960!V11 -> 84615.156 | AJ11: =Gen_1970!V11 -> 89523.497 | AK11: =Gen_1980!V11 -> 92947.516 | AL11: =Gen_1990!V11 -> 95514.261 | AM11: =Gen_2000!V11 -> 97185.476 | AP11: =ONU_e0!A10 -> 1955 | AQ11: =ONU_e0!B10 -> 48.1357 | AR11: =ONU_e0!C10 -> 51.1127 | AS11: =ONU_e0!D10 -> 49.5978 | AV11: 2000 | AW11: =Gen_2000!J6 -> 76.609305 | AX11: =Gen_2000!R6 -> 82.314803 | AY11: =Gen_2000!Z6 -> 79.426841
A12: 6 | B12: =Gen_1950!J12 -> 63.991219 | C12: =Gen_1960!J12 -> 65.582931 | D12: =Gen_1970!J12 -> 68.04912 | E12: =Gen_1980!J12 -> 69.92226 | F12: =Gen_1990!J12 -> 71.360848 | G12: =Gen_2000!J12 -> 73.054567 | H12: =Gen_1950!R12 -> 69.444169 | I12: =Gen_1960!R12 -> 71.898647 | J12: =Gen_1970!R12 -> 74.152882 | K12: =Gen_1980!R12 -> 75.752034 | L12: =Gen_1990!R12 -> 77.128014 | M12: =Gen_2000!R12 -> 78.459893 | N12: =Gen_1950!Z12 -> 66.69785 | O12: =Gen_1960!Z12 -> 68.766948 | P12: =Gen_1970!Z12 -> 71.191085 | Q12: =Gen_1980!Z12 -> 72.98593 | R12: =Gen_1990!Z12 -> 74.27947 | S12: =Gen_2000!Z12 -> 75.732991 | U12: =A12 -> 6 | V12: =Gen_1950!F12 -> 74504.053 | W12: =Gen_1960!F12 -> 83584.119 | X12: =Gen_1970!F12 -> 88754.529 | Y12: =Gen_1980!F12 -> 92357.436 | Z12: =Gen_1990!F12 -> 95078.601 | AA12: =Gen_2000!F12 -> 96872.423 | AB12: =Gen_1950!N12 -> 76334.984 | AC12: =Gen_1960!N12 -> 85038.516 | AD12: =Gen_1970!N12 -> 89966.259 | AE12: =Gen_1980!N12 -> 93358.235 | AF12: =Gen_1990!N12 -> 95857.379 | AG12: =Gen_2000!N12 -> 97432.982 | AH12: =Gen_1950!V12 -> 75402.952 | AI12: =Gen_1960!V12 -> 84299.778 | AJ12: =Gen_1970!V12 -> 89350.217 | AK12: =Gen_1980!V12 -> 92848.796 | AL12: =Gen_1990!V12 -> 95461.001 | AM12: =Gen_2000!V12 -> 97147.653 | AP12: =ONU_e0!A11 -> 1956 | AQ12: =ONU_e0!B11 -> 48.9276 | AR12: =ONU_e0!C11 -> 51.8338 | AS12: =ONU_e0!D11 -> 50.3553
A13: 7 | B13: =Gen_1950!J13 -> 63.246504 | C13: =Gen_1960!J13 -> 64.756443 | D13: =Gen_1970!J13 -> 67.152441 | E13: =Gen_1980!J13 -> 68.980125 | F13: =Gen_1990!J13 -> 70.393941 | G13: =Gen_2000!J13 -> 72.078153 | H13: =Gen_1950!R13 -> 68.729849 | I13: =Gen_1960!R13 -> 71.078543 | J13: =Gen_1970!R13 -> 73.24387 | K13: =Gen_1980!R13 -> 74.797791 | L13: =Gen_1990!R13 -> 76.154084 | M13: =Gen_2000!R13 -> 77.479954 | N13: =Gen_1950!Z13 -> 65.968045 | O13: =Gen_1960!Z13 -> 67.943999 | P13: =Gen_1970!Z13 -> 70.288936 | Q13: =Gen_1980!Z13 -> 72.038283 | R13: =Gen_1990!Z13 -> 73.309316 | S13: =Gen_2000!Z13 -> 74.754905 | U13: =A13 -> 7 | V13: =Gen_1950!F13 -> 74205.688 | W13: =Gen_1960!F13 -> 83361.875 | X13: =Gen_1970!F13 -> 88618.979 | Y13: =Gen_1980!F13 -> 92280.518 | Z13: =Gen_1990!F13 -> 95034.218 | AA13: =Gen_2000!F13 -> 96840.943 | AB13: =Gen_1950!N13 -> 76019.984 | AC13: =Gen_1960!N13 -> 84824.791 | AD13: =Gen_1970!N13 -> 89855.255 | AE13: =Gen_1980!N13 -> 93301.504 | AF13: =Gen_1990!N13 -> 95824.779 | AG13: =Gen_2000!N13 -> 97407.917 | AH13: =Gen_1950!V13 -> 75096.436 | AI13: =Gen_1960!V13 -> 84081.712 | AJ13: =Gen_1970!V13 -> 89226.709 | AK13: =Gen_1980!V13 -> 92781.785 | AL13: =Gen_1990!V13 -> 95422.4 | AM13: =Gen_2000!V13 -> 97119.364 | AP13: =ONU_e0!A12 -> 1957 | AQ13: =ONU_e0!B12 -> 49.6355 | AR13: =ONU_e0!C12 -> 52.6528 | AS13: =ONU_e0!D12 -> 51.1148
A14: 8 | B14: =Gen_1950!J14 -> 62.424174 | C14: =Gen_1960!J14 -> 63.894976 | D14: =Gen_1970!J14 -> 66.233406 | E14: =Gen_1980!J14 -> 68.025564 | F14: =Gen_1990!J14 -> 69.420261 | G14: =Gen_2000!J14 -> 71.097531 | H14: =Gen_1950!R14 -> 67.923884 | I14: =Gen_1960!R14 -> 70.2152 | J14: =Gen_1970!R14 -> 72.311558 | K14: =Gen_1980!R14 -> 73.832205 | L14: =Gen_1990!R14 -> 75.174679 | M14: =Gen_2000!R14 -> 76.495777 | N14: =Gen_1950!Z14 -> 65.15382 | O14: =Gen_1960!Z14 -> 67.082066 | P14: =Gen_1970!Z14 -> 69.363908 | Q14: =Gen_1980!Z14 -> 71.078644 | R14: =Gen_1990!Z14 -> 72.33299 | S14: =Gen_2000!Z14 -> 73.772625 | U14: =A14 -> 8 | V14: =Gen_1950!F14 -> 73996.163 | W14: =Gen_1960!F14 -> 83182.539 | X14: =Gen_1970!F14 -> 88511.461 | Y14: =Gen_1980!F14 -> 92219.327 | Z14: =Gen_1990!F14 -> 94998.445 | AA14: =Gen_2000!F14 -> 96814.733 | AB14: =Gen_1950!N14 -> 75804.409 | AC14: =Gen_1960!N14 -> 84660.868 | AD14: =Gen_1970!N14 -> 89771.723 | AE14: =Gen_1980!N14 -> 93258.307 | AF14: =Gen_1990!N14 -> 95798.701 | AG14: =Gen_2000!N14 -> 97387.899 | AH14: =Gen_1950!V14 -> 74883.942 | AI14: =Gen_1960!V14 -> 83909.937 | AJ14: =Gen_1970!V14 -> 89130.958 | AK14: =Gen_1980!V14 -> 92729.468 | AL14: =Gen_1990!V14 -> 95391.382 | AM14: =Gen_2000!V14 -> 97096.193 | AP14: =ONU_e0!A13 -> 1958 | AQ14: =ONU_e0!B13 -> 50.3412 | AR14: =ONU_e0!C13 -> 53.3928 | AS14: =ONU_e0!D13 -> 51.8354
A15: 9 | B15: =Gen_1950!J15 -> 61.575066 | C15: =Gen_1960!J15 -> 63.009735 | D15: =Gen_1970!J15 -> 65.300727 | E15: =Gen_1980!J15 -> 67.066431 | F15: =Gen_1990!J15 -> 68.443336 | G15: =Gen_2000!J15 -> 70.115614 | H15: =Gen_1950!R15 -> 67.083331 | I15: =Gen_1960!R15 -> 69.324861 | J15: =Gen_1970!R15 -> 71.366154 | K15: =Gen_1980!R15 -> 72.863834 | L15: =Gen_1990!R15 -> 74.19287 | M15: =Gen_2000!R15 -> 75.511681 | N15: =Gen_1950!Z15 -> 64.309061 | O15: =Gen_1960!Z15 -> 66.194771 | P15: =Gen_1970!Z15 -> 68.425454 | Q15: =Gen_1980!Z15 -> 70.115302 | R15: =Gen_1990!Z15 -> 71.353813 | S15: =Gen_2000!Z15 -> 72.789735 | U15: =A15 -> 9 | V15: =Gen_1950!F15 -> 73816.294 | W15: =Gen_1960!F15 -> 83032.232 | X15: =Gen_1970!F15 -> 88420.904 | Y15: =Gen_1980!F15 -> 92163.548 | Z15: =Gen_1990!F15 -> 94966.65 | AA15: =Gen_2000!F15 -> 96789.94 | AB15: =Gen_1950!N15 -> 75625.566 | AC15: =Gen_1960!N15 -> 84527.907 | AD15: =Gen_1970!N15 -> 89703.524 | AE15: =Gen_1980!N15 -> 93218.101 | AF15: =Gen_1990!N15 -> 95775.369 | AG15: =Gen_2000!N15 -> 97367.522 | AH15: =Gen_1950!V15 -> 74704.568 | AI15: =Gen_1960!V15 -> 83768.14 | AJ15: =Gen_1970!V15 -> 89051.37 | AK15: =Gen_1980!V15 -> 92681.33 | AL15: =Gen_1990!V15 -> 95363.739 | AM15: =Gen_2000!V15 -> 97073.526 | AP15: =ONU_e0!A14 -> 1959 | AQ15: =ONU_e0!B14 -> 51.1076 | AR15: =ONU_e0!C14 -> 54.2864 | AS15: =ONU_e0!D14 -> 52.6611
A16: 10 | B16: =Gen_1950!J16 -> 60.704862 | C16: =Gen_1960!J16 -> 62.113678 | D16: =Gen_1970!J16 -> 64.359031 | E16: =Gen_1980!J16 -> 66.106051 | F16: =Gen_1990!J16 -> 67.465608 | G16: =Gen_2000!J16 -> 69.133762 | H16: =Gen_1950!R16 -> 66.214781 | I16: =Gen_1960!R16 -> 68.422723 | J16: =Gen_1970!R16 -> 70.413069 | K16: =Gen_1980!R16 -> 71.895783 | L16: =Gen_1990!R16 -> 73.210296 | M16: =Gen_2000!R16 -> 74.52779 | N16: =Gen_1950!Z16 -> 63.439896 | O16: =Gen_1960!Z16 -> 65.296169 | P16: =Gen_1970!Z16 -> 67.478622 | Q16: =Gen_1980!Z16 -> 69.151456 | R16: =Gen_1990!Z16 -> 70.373851 | S16: =Gen_2000!Z16 -> 71.806945 | U16: =A16 -> 10 | V16: =Gen_1950!F16 -> 73659.753 | W16: =Gen_1960!F16 -> 82894.393 | X16: =Gen_1970!F16 -> 88341.421 | Y16: =Gen_1980!F16 -> 92108.725 | Z16: =Gen_1990!F16 -> 94935.529 | AA16: =Gen_2000!F16 -> 96764.715 | AB16: =Gen_1950!N16 -> 75476.558 | AC16: =Gen_1960!N16 -> 84407.887 | AD16: =Gen_1970!N16 -> 89644.177 | AE16: =Gen_1980!N16 -> 93176.963 | AF16: =Gen_1990!N16 -> 95752.726 | AG16: =Gen_2000!N16 -> 97346.616 | AH16: =Gen_1950!V16 -> 74551.706 | AI16: =Gen_1960!V16 -> 83639.045 | AJ16: =Gen_1970!V16 -> 88981.72 | AK16: =Gen_1980!V16 -> 92633.222 | AL16: =Gen_1990!V16 -> 95336.776 | AM16: =Gen_2000!V16 -> 97050.421 | AP16: =ONU_e0!A15 -> 1960 | AQ16: =ONU_e0!B15 -> 51.937 | AR16: =ONU_e0!C15 -> 55.2932 | AS16: =ONU_e0!D15 -> 53.5732
A17: 11 | B17: =Gen_1950!J17 -> 59.814205 | C17: =Gen_1960!J17 -> 61.202243 | D17: =Gen_1970!J17 -> 63.414006 | E17: =Gen_1980!J17 -> 65.142795 | F17: =Gen_1990!J17 -> 66.487785 | G17: =Gen_2000!J17 -> 68.152201 | H17: =Gen_1950!R17 -> 65.320377 | I17: =Gen_1960!R17 -> 67.505692 | J17: =Gen_1970!R17 -> 69.455541 | K17: =Gen_1980!R17 -> 70.92482 | L17: =Gen_1990!R17 -> 72.227571 | M17: =Gen_2000!R17 -> 73.54436 | N17: =Gen_1950!Z17 -> 62.547745 | O17: =Gen_1960!Z17 -> 64.382425 | P17: =Gen_1970!Z17 -> 66.527893 | Q17: =Gen_1980!Z17 -> 68.184668 | R17: =Gen_1990!Z17 -> 69.393768 | S17: =Gen_2000!Z17 -> 70.824528 | U17: =A17 -> 11 | V17: =Gen_1950!F17 -> 73526.216 | W17: =Gen_1960!F17 -> 82775.408 | X17: =Gen_1970!F17 -> 88265.434 | Y17: =Gen_1980!F17 -> 92057.167 | Z17: =Gen_1990!F17 -> 94904.1 | AA17: =Gen_2000!F17 -> 96738.726 | AB17: =Gen_1950!N17 -> 75355.471 | AC17: =Gen_1960!N17 -> 84304.907 | AD17: =Gen_1970!N17 -> 89589.752 | AE17: =Gen_1980!N17 -> 93139.083 | AF17: =Gen_1990!N17 -> 95729.983 | AG17: =Gen_2000!N17 -> 97324.832 | AH17: =Gen_1950!V17 -> 74424.179 | AI17: =Gen_1960!V17 -> 83527.855 | AJ17: =Gen_1970!V17 -> 88916.311 | AK17: =Gen_1980!V17 -> 92588.429 | AL17: =Gen_1990!V17 -> 95309.609 | AM17: =Gen_2000!V17 -> 97026.496 | AP17: =ONU_e0!A16 -> 1961 | AQ17: =ONU_e0!B16 -> 53.0034 | AR17: =ONU_e0!C16 -> 55.8936 | AS17: =ONU_e0!D16 -> 54.4218
A18: 12 | B18: =Gen_1950!J18 -> 58.910727 | C18: =Gen_1960!J18 -> 60.286419 | D18: =Gen_1970!J18 -> 62.47004 | E18: =Gen_1980!J18 -> 64.178793 | F18: =Gen_1990!J18 -> 65.511573 | G18: =Gen_2000!J18 -> 67.172035 | H18: =Gen_1950!R18 -> 64.414108 | I18: =Gen_1960!R18 -> 66.581348 | J18: =Gen_1970!R18 -> 68.495365 | K18: =Gen_1980!R18 -> 69.951719 | L18: =Gen_1990!R18 -> 71.245948 | M18: =Gen_2000!R18 -> 72.561633 | N18: =Gen_1950!Z18 -> 61.643144 | O18: =Gen_1960!Z18 -> 63.462857 | P18: =Gen_1970!Z18 -> 65.576459 | Q18: =Gen_1980!Z18 -> 67.216484 | R18: =Gen_1990!Z18 -> 68.415056 | S18: =Gen_2000!Z18 -> 69.843182 | U18: =A18 -> 12 | V18: =Gen_1950!F18 -> 73406.761 | W18: =Gen_1960!F18 -> 82660.783 | X18: =Gen_1970!F18 -> 88186.892 | Y18: =Gen_1980!F18 -> 92005.932 | Z18: =Gen_1990!F18 -> 94869.9 | AA18: =Gen_2000!F18 -> 96710.372 | AB18: =Gen_1950!N18 -> 75246.663 | AC18: =Gen_1960!N18 -> 84209.825 | AD18: =Gen_1970!N18 -> 89538.042 | AE18: =Gen_1980!N18 -> 93103.522 | AF18: =Gen_1990!N18 -> 95705.462 | AG18: =Gen_2000!N18 -> 97301.823 | AH18: =Gen_1950!V18 -> 74309.927 | AI18: =Gen_1960!V18 -> 83422.82 | AJ18: =Gen_1970!V18 -> 88850.958 | AK18: =Gen_1980!V18 -> 92544.929 | AL18: =Gen_1990!V18 -> 95280.168 | AM18: =Gen_2000!V18 -> 97000.766 | AP18: =ONU_e0!A17 -> 1962 | AQ18: =ONU_e0!B17 -> 53.6285 | AR18: =ONU_e0!C17 -> 56.5396 | AS18: =ONU_e0!D17 -> 55.0573
A19: 13 | B19: =Gen_1950!J19 -> 58.002819 | C19: =Gen_1960!J19 -> 59.368979 | D19: =Gen_1970!J19 -> 61.528257 | E19: =Gen_1980!J19 -> 63.215976 | F19: =Gen_1990!J19 -> 64.538744 | G19: =Gen_2000!J19 -> 66.195259 | H19: =Gen_1950!R19 -> 63.499566 | I19: =Gen_1960!R19 -> 65.650974 | J19: =Gen_1970!R19 -> 67.534205 | K19: =Gen_1980!R19 -> 68.977182 | L19: =Gen_1990!R19 -> 70.266694 | M19: =Gen_2000!R19 -> 71.580236 | N19: =Gen_1950!Z19 -> 60.732288 | O19: =Gen_1960!Z19 -> 62.539593 | P19: =Gen_1970!Z19 -> 64.625711 | Q19: =Gen_1980!Z19 -> 66.248214 | R19: =Gen_1990!Z19 -> 67.439281 | S19: =Gen_2000!Z19 -> 68.864256 | U19: =A19 -> 13 | V19: =Gen_1950!F19 -> 73291.208 | W19: =Gen_1960!F19 -> 82546.793 | X19: =Gen_1970!F19 -> 88104.122 | Y19: =Gen_1980!F19 -> 91952.239 | Z19: =Gen_1990!F19 -> 94830.267 | AA19: =Gen_2000!F19 -> 96676.697 | AB19: =Gen_1950!N19 -> 75146.188 | AC19: =Gen_1960!N19 -> 84121.192 | AD19: =Gen_1970!N19 -> 89486.925 | AE19: =Gen_1980!N19 -> 93069.4 | AF19: =Gen_1990!N19 -> 95677.405 | AG19: =Gen_2000!N19 -> 97276.71 | AH19: =Gen_1950!V19 -> 74201.744 | AI19: =Gen_1960!V19 -> 83321.273 | AJ19: =Gen_1970!V19 -> 88783.763 | AK19: =Gen_1980!V19 -> 92500.935 | AL19: =Gen_1990!V19 -> 95246.194 | AM19: =Gen_2000!V19 -> 96971.295 | AP19: =ONU_e0!A18 -> 1963 | AQ19: =ONU_e0!B18 -> 54.0131 | AR19: =ONU_e0!C18 -> 57.0474 | AS19: =ONU_e0!D18 -> 55.501
A20: 14 | B20: =Gen_1950!J20 -> 57.097551 | C20: =Gen_1960!J20 -> 58.454434 | D20: =Gen_1970!J20 -> 60.591032 | E20: =Gen_1980!J20 -> 62.257224 | F20: =Gen_1990!J20 -> 63.570073 | G20: =Gen_2000!J20 -> 65.224015 | H20: =Gen_1950!R20 -> 62.584329 | I20: =Gen_1960!R20 -> 64.719003 | J20: =Gen_1970!R20 -> 66.574311 | K20: =Gen_1980!R20 -> 68.004173 | L20: =Gen_1990!R20 -> 69.289445 | M20: =Gen_2000!R20 -> 70.601538 | N20: =Gen_1950!Z20 -> 59.822505 | O20: =Gen_1960!Z20 -> 61.617122 | P20: =Gen_1970!Z20 -> 63.677892 | Q20: =Gen_1980!Z20 -> 65.282779 | R20: =Gen_1990!Z20 -> 66.466644 | S20: =Gen_2000!Z20 -> 67.889562 | U20: =A20 -> 14 | V20: =Gen_1950!F20 -> 73170.664 | W20: =Gen_1960!F20 -> 82427.141 | X20: =Gen_1970!F20 -> 88013.59 | Y20: =Gen_1980!F20 -> 91891.802 | Z20: =Gen_1990!F20 -> 94783.898 | AA20: =Gen_2000!F20 -> 96634.398 | AB20: =Gen_1950!N20 -> 75045.217 | AC20: =Gen_1960!N20 -> 84033.446 | AD20: =Gen_1970!N20 -> 89433.418 | AE20: =Gen_1980!N20 -> 93032.731 | AF20: =Gen_1990!N20 -> 95646.214 | AG20: =Gen_2000!N20 -> 97247.566 | AH20: =Gen_1950!V20 -> 74090.769 | AI20: =Gen_1960!V20 -> 83217.278 | AJ20: =Gen_1970!V20 -> 88711.575 | AK20: =Gen_1980!V20 -> 92452.332 | AL20: =Gen_1990!V20 -> 95207.276 | AM20: =Gen_2000!V20 -> 96935.413 | AP20: =ONU_e0!A19 -> 1964 | AQ20: =ONU_e0!B19 -> 54.2038 | AR20: =ONU_e0!C19 -> 57.7115 | AS20: =ONU_e0!D19 -> 55.9164
A21: 15 | B21: =Gen_1950!J21 -> 56.198573 | C21: =Gen_1960!J21 -> 57.544523 | D21: =Gen_1970!J21 -> 59.659671 | E21: =Gen_1980!J21 -> 61.305147 | F21: =Gen_1990!J21 -> 62.607343 | G21: =Gen_2000!J21 -> 64.259687 | H21: =Gen_1950!R21 -> 61.669416 | I21: =Gen_1960!R21 -> 63.785201 | J21: =Gen_1970!R21 -> 65.615873 | K21: =Gen_1980!R21 -> 67.033906 | L21: =Gen_1990!R21 -> 68.314852 | M21: =Gen_2000!R21 -> 69.625658 | N21: =Gen_1950!Z21 -> 58.916209 | O21: =Gen_1960!Z21 -> 60.696263 | P21: =Gen_1970!Z21 -> 62.733798 | Q21: =Gen_1980!Z21 -> 64.322114 | R21: =Gen_1990!Z21 -> 65.498359 | S21: =Gen_2000!Z21 -> 66.919828 | U21: =A21 -> 15 | V21: =Gen_1950!F21 -> 73040.293 | W21: =Gen_1960!F21 -> 82299.208 | X21: =Gen_1970!F21 -> 87913.172 | Y21: =Gen_1980!F21 -> 91820.551 | Z21: =Gen_1990!F21 -> 94727.919 | AA21: =Gen_2000!F21 -> 96581.168 | AB21: =Gen_1950!N21 -> 74942.509 | AC21: =Gen_1960!N21 -> 83946.913 | AD21: =Gen_1970!N21 -> 89377.198 | AE21: =Gen_1980!N21 -> 92991.771 | AF21: =Gen_1990!N21 -> 95610.901 | AG21: =Gen_2000!N21 -> 97214.118 | AH21: =Gen_1950!V21 -> 73973.923 | AI21: =Gen_1960!V21 -> 83109.659 | AJ21: =Gen_1970!V21 -> 88633.145 | AK21: =Gen_1980!V21 -> 92396.23 | AL21: =Gen_1990!V21 -> 95161.525 | AM21: =Gen_2000!V21 -> 96891.897 | AP21: =ONU_e0!A20 -> 1965 | AQ21: =ONU_e0!B20 -> 54.8104 | AR21: =ONU_e0!C20 -> 58.665 | AS21: =ONU_e0!D20 -> 56.6876
A22: 16 | B22: =Gen_1950!J22 -> 55.302497 | C22: =Gen_1960!J22 -> 56.643295 | D22: =Gen_1970!J22 -> 58.739593 | E22: =Gen_1980!J22 -> 60.36234 | F22: =Gen_1990!J22 -> 61.653035 | G22: =Gen_2000!J22 -> 63.305147 | H22: =Gen_1950!R22 -> 60.757187 | I22: =Gen_1960!R22 -> 62.852004 | J22: =Gen_1970!R22 -> 64.65901 | K22: =Gen_1980!R22 -> 66.066249 | L22: =Gen_1990!R22 -> 67.342675 | M22: =Gen_2000!R22 -> 68.653218 | N22: =Gen_1950!Z22 -> 58.012668 | O22: =Gen_1960!Z22 -> 59.780319 | P22: =Gen_1970!Z22 -> 61.796292 | Q22: =Gen_1980!Z22 -> 63.367483 | R22: =Gen_1990!Z22 -> 64.535633 | S22: =Gen_2000!Z22 -> 65.956923 | U22: =A22 -> 16 | V22: =Gen_1950!F22 -> 72904.267 | W22: =Gen_1960!F22 -> 82156.955 | X22: =Gen_1970!F22 -> 87794.565 | Y22: =Gen_1980!F22 -> 91734.266 | Z22: =Gen_1990!F22 -> 94658.28 | AA22: =Gen_2000!F22 -> 96512.356 | AB22: =Gen_1950!N22 -> 74835.128 | AC22: =Gen_1960!N22 -> 83858.393 | AD22: =Gen_1970!N22 -> 89318.028 | AE22: =Gen_1980!N22 -> 92946.588 | AF22: =Gen_1990!N22 -> 95571.691 | AG22: =Gen_2000!N22 -> 97175.375 | AH22: =Gen_1950!V22 -> 73851.975 | AI22: =Gen_1960!V22 -> 82993.769 | AJ22: =Gen_1970!V22 -> 88544.23 | AK22: =Gen_1980!V22 -> 92330.596 | AL22: =Gen_1990!V22 -> 95106.984 | AM22: =Gen_2000!V22 -> 96837.814 | AP22: =ONU_e0!A21 -> 1966 | AQ22: =ONU_e0!B21 -> 55.4483 | AR22: =ONU_e0!C21 -> 59.3598 | AS22: =ONU_e0!D21 -> 57.3552
A23: 17 | B23: =Gen_1950!J23 -> 54.410584 | C23: =Gen_1960!J23 -> 55.755023 | D23: =Gen_1970!J23 -> 57.829994 | E23: =Gen_1980!J23 -> 59.430658 | F23: =Gen_1990!J23 -> 60.709104 | G23: =Gen_2000!J23 -> 62.366238 | H23: =Gen_1950!R23 -> 59.850557 | I23: =Gen_1960!R23 -> 61.921876 | J23: =Gen_1970!R23 -> 63.702734 | K23: =Gen_1980!R23 -> 65.10133 | L23: =Gen_1990!R23 -> 66.373348 | M23: =Gen_2000!R23 -> 67.684143 | N23: =Gen_1950!Z23 -> 57.114106 | O23: =Gen_1960!Z23 -> 58.872771 | P23: =Gen_1970!Z23 -> 60.864434 | Q23: =Gen_1980!Z23 -> 62.419873 | R23: =Gen_1990!Z23 -> 63.579689 | S23: =Gen_2000!Z23 -> 65.003834 | U23: =A23 -> 17 | V23: =Gen_1950!F23 -> 72760.761 | W23: =Gen_1960!F23 -> 81993.783 | X23: =Gen_1970!F23 -> 87658.499 | Y23: =Gen_1980!F23 -> 91629.693 | Z23: =Gen_1990!F23 -> 94571.571 | AA23: =Gen_2000!F23 -> 96418.569 | AB23: =Gen_1950!N23 -> 74719.349 | AC23: =Gen_1960!N23 -> 83764.525 | AD23: =Gen_1970!N23 -> 89257.199 | AE23: =Gen_1980!N23 -> 92896.884 | AF23: =Gen_1990!N23 -> 95527.853 | AG23: =Gen_2000!N23 -> 97131.3 | AH23: =Gen_1950!V23 -> 73721.948 | AI23: =Gen_1960!V23 -> 82864.536 | AJ23: =Gen_1970!V23 -> 88445.906 | AK23: =Gen_1980!V23 -> 92253.717 | AL23: =Gen_1990!V23 -> 95041.596 | AM23: =Gen_2000!V23 -> 96768.462 | AP23: =ONU_e0!A22 -> 1967 | AQ23: =ONU_e0!B22 -> 55.796 | AR23: =ONU_e0!C22 -> 60.2556 | AS23: =ONU_e0!D22 -> 57.9592
... A106: 100 | B106: =Gen_1950!J106 -> 0.5 | C106: =Gen_1960!J106 -> 0.5 | D106: =Gen_1970!J106 -> 0.5 | E106: =Gen_1980!J106 -> 0.5 | F106: =Gen_1990!J106 -> 0.5 | G106: =Gen_2000!J106 -> 0.5 | H106: =Gen_1950!R106 -> 0.5 | I106: =Gen_1960!R106 -> 0.5 | J106: =Gen_1970!R106 -> 0.5 | K106: =Gen_1980!R106 -> 0.5 | L106: =Gen_1990!R106 -> 0.5 | M106: =Gen_2000!R106 -> 0.5 | N106: =Gen_1950!Z106 -> 0.5 | O106: =Gen_1960!Z106 -> 0.5 | P106: =Gen_1970!Z106 -> 0.5 | Q106: =Gen_1980!Z106 -> 0.5 | R106: =Gen_1990!Z106 -> 0.5 | S106: =Gen_2000!Z106 -> 0.5 | U106: =A106 -> 100 | V106: =Gen_1950!F106 -> 1052.4056 | W106: =Gen_1960!F106 -> 1514.4783 | X106: =Gen_1970!F106 -> 2155.8638 | Y106: =Gen_1980!F106 -> 2985.3066 | Z106: =Gen_1990!F106 -> 4026.9759 | AA106: =Gen_2000!F106 -> 5261.1512 | AB106: =Gen_1950!N106 -> 1124.9635 | AC106: =Gen_1960!N106 -> 1799.5036 | AD106: =Gen_1970!N106 -> 2680.6484 | AE106: =Gen_1980!N106 -> 3801.0449 | AF106: =Gen_1990!N106 -> 5250.6312 | AG106: =Gen_2000!N106 -> 7015.5631 | AH106: =Gen_1950!V106 -> 1087.9885 | AI106: =Gen_1960!V106 -> 1656.7002 | AJ106: =Gen_1970!V106 -> 2423.8606 | AK106: =Gen_1980!V106 -> 3411.8749 | AL106: =Gen_1990!V106 -> 4644.2746 | AM106: =Gen_2000!V106 -> 6128.2947 | AP106: =ONU_e0!A105 -> 2050 | AQ106: =ONU_e0!B105 -> 77.5158 | AR106: =ONU_e0!C105 -> 82.0428 | AS106: =ONU_e0!D105 -> 79.8233
AP107: =ONU_e0!A106 -> 2051 | AQ107: =ONU_e0!B106 -> 77.7157 | AR107: =ONU_e0!C106 -> 82.1833 | AS107: =ONU_e0!D106 -> 79.9925
AP108: =ONU_e0!A107 -> 2052 | AQ108: =ONU_e0!B107 -> 77.9259 | AR108: =ONU_e0!C107 -> 82.328 | AS108: =ONU_e0!D107 -> 80.1687
AP109: =ONU_e0!A108 -> 2053 | AQ109: =ONU_e0!B108 -> 78.1178 | AR109: =ONU_e0!C108 -> 82.4577 | AS109: =ONU_e0!D108 -> 80.328
AP110: =ONU_e0!A109 -> 2054 | AQ110: =ONU_e0!B109 -> 78.3139 | AR110: =ONU_e0!C109 -> 82.5959 | AS110: =ONU_e0!D109 -> 80.4936
AP111: =ONU_e0!A110 -> 2055 | AQ111: =ONU_e0!B110 -> 78.5111 | AR111: =ONU_e0!C110 -> 82.7312 | AS111: =ONU_e0!D110 -> 80.6581
AP112: =ONU_e0!A111 -> 2056 | AQ112: =ONU_e0!B111 -> 78.7013 | AR112: =ONU_e0!C111 -> 82.8617 | AS112: =ONU_e0!D111 -> 80.8167
AP113: =ONU_e0!A112 -> 2057 | AQ113: =ONU_e0!B112 -> 78.9011 | AR113: =ONU_e0!C112 -> 82.997 | AS113: =ONU_e0!D112 -> 80.9824
AP114: =ONU_e0!A113 -> 2058 | AQ114: =ONU_e0!B113 -> 79.091 | AR114: =ONU_e0!C113 -> 83.1271 | AS114: =ONU_e0!D113 -> 81.1404
AP115: =ONU_e0!A114 -> 2059 | AQ115: =ONU_e0!B114 -> 79.2753 | AR115: =ONU_e0!C114 -> 83.2551 | AS115: =ONU_e0!D114 -> 81.2944
AP116: =ONU_e0!A115 -> 2060 | AQ116: =ONU_e0!B115 -> 79.4717 | AR116: =ONU_e0!C115 -> 83.3912 | AS116: =ONU_e0!D115 -> 81.4588
AP117: =ONU_e0!A116 -> 2061 | AQ117: =ONU_e0!B116 -> 79.6523 | AR117: =ONU_e0!C116 -> 83.5219 | AS117: =ONU_e0!D116 -> 81.6123
AP118: =ONU_e0!A117 -> 2062 | AQ118: =ONU_e0!B117 -> 79.8422 | AR118: =ONU_e0!C117 -> 83.6577 | AS118: =ONU_e0!D117 -> 81.7732
... AP156: =ONU_e0!A155 -> 2100 | AQ156: =ONU_e0!B155 -> 85.4757 | AR156: =ONU_e0!C155 -> 88.1023 | AS156: =ONU_e0!D155 -> 86.781

Sheet Periodo
A1: Tablas de vida de periodo (año calendario) con las mismas fórmulas - motor de la validación
A2: Para cada año se aplican qx = D/(P + D/2), lx(x+1) = lx(1−qx) y e0 = (Σlx − l0/2)/l0 (equivale a Σ Lx/l0 con Lx = l(x+1) + dx/2 y L100 = l100/2).
A4: e0 calculada
