Workbook

Sheet Preparación
A1: Preparación de los datos, México 2019, ambos sexos: de los conteos de INEGI a defunciones y población usadas
A2: Verde = vínculo a otra hoja; negro = fórmula. Las columnas D y F son las que se pasan (como valores) a la hoja Insumos del libro 2. Suavizado = media móvil de 5 edades, de 10 a 97 años, si J5 = 1.
A4: Edad x | B4: Defunciones ocurridas en 2019 (EDR) | C4: Defunciones con edad no especificada redistribuida | D4: Defunciones usadas en qx (D) | E4: Población, Censo 2020 | F4: Población usada en qx (P) | G4: q(x) = D / (P + D/2) | I4: Interruptor
A5: 0 | B5: =Defunciones!E5 -> 22796 | C5: =B5*Defunciones!$E$108 -> 22920.473 | D5: =IF(AND(Preparación!$J$5=1,$A5>=10,$A5<=97),AVERAGE(C3:C7),C5) -> 22920.473 | E5: =Población!D5 -> 1812977 | F5: =IF(AND(Preparación!$J$5=1,$A5>=10,$A5<=97),AVERAGE(E3:E7),E5) -> 1812977 | G5: =D5/Nacimientos!F8 -> 0.012423606 | I5: Suavizado del Censo (1 = sí, 0 = no) | J5: 1
A6: 1 | B6: =Defunciones!E6 -> 2131 | C6: =B6*Defunciones!$E$108 -> 2142.6359 | D6: =IF(AND(Preparación!$J$5=1,$A6>=10,$A6<=97),AVERAGE(C4:C8),C6) -> 2142.6359 | E6: =Población!D6 -> 1909958 | F6: =IF(AND(Preparación!$J$5=1,$A6>=10,$A6<=97),AVERAGE(E4:E8),E6) -> 1909958 | G6: =D6/(F6+D6/2) -> 0.0011211947
A7: 2 | B7: =Defunciones!E7 -> 1110 | C7: =B7*Defunciones!$E$108 -> 1116.0609 | D7: =IF(AND(Preparación!$J$5=1,$A7>=10,$A7<=97),AVERAGE(C5:C9),C7) -> 1116.0609 | E7: =Población!D7 -> 2041119 | F7: =IF(AND(Preparación!$J$5=1,$A7>=10,$A7<=97),AVERAGE(E5:E9),E7) -> 2041119 | G7: =D7/(F7+D7/2) -> 0.00054663931
A8: 3 | B8: =Defunciones!E8 -> 759 | C8: =B8*Defunciones!$E$108 -> 763.14436 | D8: =IF(AND(Preparación!$J$5=1,$A8>=10,$A8<=97),AVERAGE(C6:C10),C8) -> 763.14436 | E8: =Población!D8 -> 2108406 | F8: =IF(AND(Preparación!$J$5=1,$A8>=10,$A8<=97),AVERAGE(E6:E10),E8) -> 2108406 | G8: =D8/(F8+D8/2) -> 0.00036188774
A9: 4 | B9: =Defunciones!E9 -> 632 | C9: =B9*Defunciones!$E$108 -> 635.45091 | D9: =IF(AND(Preparación!$J$5=1,$A9>=10,$A9<=97),AVERAGE(C7:C11),C9) -> 635.45091 | E9: =Población!D9 -> 2174905 | F9: =IF(AND(Preparación!$J$5=1,$A9>=10,$A9<=97),AVERAGE(E7:E11),E9) -> 2174905 | G9: =D9/(F9+D9/2) -> 0.00029213142
A10: 5 | B10: =Defunciones!E10 -> 550 | C10: =B10*Defunciones!$E$108 -> 553.00316 | D10: =IF(AND(Preparación!$J$5=1,$A10>=10,$A10<=97),AVERAGE(C8:C12),C10) -> 553.00316 | E10: =Población!D10 -> 2178901 | F10: =IF(AND(Preparación!$J$5=1,$A10>=10,$A10<=97),AVERAGE(E8:E12),E10) -> 2178901 | G10: =D10/(F10+D10/2) -> 0.00025376692
A11: 6 | B11: =Defunciones!E11 -> 474 | C11: =B11*Defunciones!$E$108 -> 476.58818 | D11: =IF(AND(Preparación!$J$5=1,$A11>=10,$A11<=97),AVERAGE(C9:C13),C11) -> 476.58818 | E11: =Población!D11 -> 2095349 | F11: =IF(AND(Preparación!$J$5=1,$A11>=10,$A11<=97),AVERAGE(E9:E13),E11) -> 2095349 | G11: =D11/(F11+D11/2) -> 0.00022742464
A12: 7 | B12: =Defunciones!E12 -> 490 | C12: =B12*Defunciones!$E$108 -> 492.67555 | D12: =IF(AND(Preparación!$J$5=1,$A12>=10,$A12<=97),AVERAGE(C10:C14),C12) -> 492.67555 | E12: =Población!D12 -> 2146294 | F12: =IF(AND(Preparación!$J$5=1,$A12>=10,$A12<=97),AVERAGE(E10:E14),E12) -> 2146294 | G12: =D12/(F12+D12/2) -> 0.00022952075
A13: 8 | B13: =Defunciones!E13 -> 447 | C13: =B13*Defunciones!$E$108 -> 449.44075 | D13: =IF(AND(Preparación!$J$5=1,$A13>=10,$A13<=97),AVERAGE(C11:C15),C13) -> 449.44075 | E13: =Población!D13 -> 2234495 | F13: =IF(AND(Preparación!$J$5=1,$A13>=10,$A13<=97),AVERAGE(E11:E15),E13) -> 2234495 | G13: =D13/(F13+D13/2) -> 0.00020111728
A14: 9 | B14: =Defunciones!E14 -> 513 | C14: =B14*Defunciones!$E$108 -> 515.80113 | D14: =IF(AND(Preparación!$J$5=1,$A14>=10,$A14<=97),AVERAGE(C12:C16),C14) -> 515.80113 | E14: =Población!D14 -> 2109340 | F14: =IF(AND(Preparación!$J$5=1,$A14>=10,$A14<=97),AVERAGE(E12:E16),E14) -> 2109340 | G14: =D14/(F14+D14/2) -> 0.00024450211
A15: 10 | B15: =Defunciones!E15 -> 531 | C15: =B15*Defunciones!$E$108 -> 533.89942 | D15: =IF(AND(Preparación!$J$5=1,$A15>=10,$A15<=97),AVERAGE(C13:C17),C15) -> 515.80113 | E15: =Población!D15 -> 2299267 | F15: =IF(AND(Preparación!$J$5=1,$A15>=10,$A15<=97),AVERAGE(E13:E17),E15) -> 2198828.2 | G15: =D15/(F15+D15/2) -> 0.0002345525
A16: 11 | B16: =Defunciones!E16 -> 480 | C16: =B16*Defunciones!$E$108 -> 482.62094 | D16: =IF(AND(Preparación!$J$5=1,$A16>=10,$A16<=97),AVERAGE(C14:C18),C16) -> 565.26978 | E16: =Población!D16 -> 2101472 | F16: =IF(AND(Preparación!$J$5=1,$A16>=10,$A16<=97),AVERAGE(E14:E18),E16) -> 2180057.4 | G16: =D16/(F16+D16/2) -> 0.00025925762
A17: 12 | B17: =Defunciones!E17 -> 594 | C17: =B17*Defunciones!$E$108 -> 597.24342 | D17: =IF(AND(Preparación!$J$5=1,$A17>=10,$A17<=97),AVERAGE(C15:C19),C17) -> 633.64108 | E17: =Población!D17 -> 2249567 | F17: =IF(AND(Preparación!$J$5=1,$A17>=10,$A17<=97),AVERAGE(E15:E19),E17) -> 2188708 | G17: =D17/(F17+D17/2) -> 0.00028946272
... A104: 99 | B104: =Defunciones!E104 -> 2140 | C104: =B104*Defunciones!$E$108 -> 2151.685 | D104: =IF(AND(Preparación!$J$5=1,$A104>=10,$A104<=97),AVERAGE(C102:C106),C104) -> 2151.685 | E104: =Población!D104 -> 10596 | F104: =IF(AND(Preparación!$J$5=1,$A104>=10,$A104<=97),AVERAGE(E102:E106),E104) -> 10596 | G104: =D104/(F104+D104/2) -> 0.18434836
A105: 100 | B105: =Defunciones!E105 -> 4282 | C105: =B105*Defunciones!$E$108 -> 4305.381 | D105: =IF(AND(Preparación!$J$5=1,$A105>=10,$A105<=97),AVERAGE(C103:C107),C105) -> 4305.381 | E105: =Población!D105 -> 18295 | F105: =IF(AND(Preparación!$J$5=1,$A105>=10,$A105<=97),AVERAGE(E103:E107),E105) -> 18295 | G105: 1
A107: q(0) usa nacimientos (hoja Nacimientos); es la única edad que no usa la población: q(0) = defunciones de menores de 1 año / nacimientos. q(100) = 1 (grupo abierto).

Sheet Defunciones
A1: Defunciones ocurridas en 2019 por edad y sexo, México (INEGI)
A2: Fuente: INEGI, Estadísticas de Defunciones Registradas (EDR), datos abiertos 2019, 2020 y 2021 (carpeta bases_de_datos_INEGI/1_Defunciones_EDR). Se cuentan las defunciones con año de ocurrencia 2019 (anio_ocur = 2019) registradas en esos tres años.
A4: Edad x | B4: Hombres | C4: Mujeres | D4: Sexo no especificado | E4: Total | G4: Archivo EDR | H4: Año de registro | I4: Defunciones ocurridas en 2019
A5: 0 | B5: 12712 | C5: 9991 | D5: 93 | E5: =SUM(B5:D5) -> 22796 | G5: conjunto_de_datos_defunciones_registradas_2019_csv.zip | H5: 2019 | I5: 729057
A6: 1 | B6: 1120 | C6: 1011 | D6: 0 | E6: =SUM(B6:D6) -> 2131 | G6: conjunto_de_datos_defunciones_registradas_2020_csv.zip | H6: 2020 | I6: 14425
A7: 2 | B7: 609 | C7: 500 | D7: 1 | E7: =SUM(B7:D7) -> 1110 | G7: conjunto_de_datos_defunciones_registradas_2021_csv.zip | H7: 2021 | I7: 997
A8: 3 | B8: 418 | C8: 341 | D8: 0 | E8: =SUM(B8:D8) -> 759 | G8: Total | I8: =SUM(I5:I7) -> 744479
A9: 4 | B9: 337 | C9: 295 | D9: 0 | E9: =SUM(B9:D9) -> 632 | G9: Control (debe ser 0): total por archivo − total por edad | I9: =I8-E107 -> 0
A10: 5 | B10: 287 | C10: 263 | D10: 0 | E10: =SUM(B10:D10) -> 550
A11: 6 | B11: 261 | C11: 213 | D11: 0 | E11: =SUM(B11:D11) -> 474
A12: 7 | B12: 250 | C12: 240 | D12: 0 | E12: =SUM(B12:D12) -> 490
A13: 8 | B13: 260 | C13: 187 | D13: 0 | E13: =SUM(B13:D13) -> 447
A14: 9 | B14: 286 | C14: 227 | D14: 0 | E14: =SUM(B14:D14) -> 513
A15: 10 | B15: 307 | C15: 224 | D15: 0 | E15: =SUM(B15:D15) -> 531
A16: 11 | B16: 292 | C16: 188 | D16: 0 | E16: =SUM(B16:D16) -> 480
A17: 12 | B17: 328 | C17: 266 | D17: 0 | E17: =SUM(B17:D17) -> 594
A18: 13 | B18: 402 | C18: 291 | D18: 0 | E18: =SUM(B18:D18) -> 693
A19: 14 | B19: 537 | C19: 316 | D19: 0 | E19: =SUM(B19:D19) -> 853
A20: 15 | B20: 760 | C20: 399 | D20: 0 | E20: =SUM(B20:D20) -> 1159
A21: 16 | B21: 1033 | C21: 471 | D21: 0 | E21: =SUM(B21:D21) -> 1504
... A105: 100 | B105: 1480 | C105: 2802 | D105: 0 | E105: =SUM(B105:D105) -> 4282
A106: No especificada | B106: 3294 | C106: 371 | D106: 378 | E106: =SUM(B106:D106) -> 4043
A107: Total | B107: =SUM(B5:B106) -> 420110 | C107: =SUM(C5:C106) -> 323869 | D107: =SUM(D5:D106) -> 500 | E107: =SUM(E5:E106) -> 744479
A108: Factor de redistribución | E108: =E107/(E107-E106) -> 1.0054603
A110: Factor = total / total con edad especificada: reparte las defunciones de edad no especificada entre todas las edades en proporción.

Sheet Población
A1: Población por edad y sexo, México, Censo 2020 (INEGI)
A2: Fuente: INEGI, Censo de Población y Vivienda 2020, tabulados del cuestionario básico, 'Población 3' (cpv2020_b_eum_01_poblacion.xlsx, carpeta bases_de_datos_INEGI/3_Censo_2020). Estados Unidos Mexicanos, edad desplegada.
A4: Edad x | B4: Hombres | C4: Mujeres | D4: Total
A5: 0 | B5: 916140 | C5: 896837 | D5: =B5+C5 -> 1812977
A6: 1 | B6: 967223 | C6: 942735 | D6: =B6+C6 -> 1909958
A7: 2 | B7: 1031816 | C7: 1009303 | D7: =B7+C7 -> 2041119
A8: 3 | B8: 1060809 | C8: 1047597 | D8: =B8+C8 -> 2108406
A9: 4 | B9: 1101494 | C9: 1073411 | D9: =B9+C9 -> 2174905
A10: 5 | B10: 1106361 | C10: 1072540 | D10: =B10+C10 -> 2178901
A11: 6 | B11: 1057642 | C11: 1037707 | D11: =B11+C11 -> 2095349
A12: 7 | B12: 1087091 | C12: 1059203 | D12: =B12+C12 -> 2146294
A13: 8 | B13: 1140496 | C13: 1093999 | D13: =B13+C13 -> 2234495
A14: 9 | B14: 1061501 | C14: 1047839 | D14: =B14+C14 -> 2109340
A15: 10 | B15: 1174026 | C15: 1125241 | D15: =B15+C15 -> 2299267
A16: 11 | B16: 1066706 | C16: 1034766 | D16: =B16+C16 -> 2101472
... A105: 100 | B105: 6644 | C105: 11651 | D105: =B105+C105 -> 18295
A106: No especificada | B106: 136194 | C106: 137192 | D106: =B106+C106 -> 273386
A107: Total | B107: =SUM(B5:B106) -> 61473390 | C107: =SUM(C5:C106) -> 64540634 | D107: =SUM(D5:D106) -> 126014024
A109: Población con edad no especificada: no se redistribuye (0.2 % del total). El Censo concentra población en edades redondas (p. ej. 30 años: 2.37 millones; 31 años: 1.54 millones); por eso la hoja Preparación permite suavizar.

Sheet Nacimientos
A1: Nacimientos ocurridos en 2019, México (INEGI)
A2: Fuente: INEGI, Estadística de Nacimientos Registrados (ENR), datos abiertos 2019, 2020 y 2021 (carpeta bases_de_datos_INEGI/2_Nacimientos_ENR). Se cuentan los nacimientos con año de nacimiento 2019 (ano_nac = 2019) registrados en esos tres años.
A4: Archivo ENR | B4: Año de registro | C4: Hombres | D4: Mujeres | E4: Sexo no especificado | F4: Total
A5: conjunto_de_datos_natalidad_2019_csv.zip | B5: 2019 | C5: 729380 | D5: 702681 | E5: 11 | F5: =SUM(C5:E5) -> 1432072
A6: conjunto_de_datos_natalidad_2020_csv.zip | B6: 2020 | C6: 170535 | D6: 164843 | E6: 0 | F6: =SUM(C6:E6) -> 335378
A7: conjunto_de_datos_natalidad_2021_csv.zip | B7: 2021 | C7: 39059 | D7: 38402 | E7: 2 | F7: =SUM(C7:E7) -> 77463
A8: Total | C8: =SUM(C5:C7) -> 938974 | D8: =SUM(D5:D7) -> 905926 | E8: =SUM(E5:E7) -> 13 | F8: =SUM(F5:F7) -> 1844913
A10: Una parte importante de los nacimientos de 2019 se registró en 2020 y 2021 (registro tardío); por eso se usan los tres archivos.

Sheet Fuentes
A1: Bases de datos usadas (carpeta bases_de_datos_INEGI/)
A2: Todas son bases de INEGI, descargadas tal cual y guardadas sin modificar en la carpeta bases_de_datos_INEGI/.
A4: Carpeta / archivo | B4: Qué es | C4: Campos usados | D4: Para qué se usó | E4: Enlace
A5: 1_Defunciones_EDR/conjunto_de_datos_defunciones_registradas_2019_csv.zip (y 2020, 2021) | B5: Estadísticas de Defunciones Registradas (EDR). Datos abiertos: una fila por defunción registrada en el año. | C5: sexo, edad, anio_ocur | D5: Defunciones ocurridas en 2019 por edad y sexo (se usan los tres años de registro por registro tardío). | E5: https://www.inegi.org.mx/programas/edr/#datos_abiertos
A6: 2_Nacimientos_ENR/conjunto_de_datos_natalidad_2019_csv.zip (y 2020, 2021) | B6: Estadística de Nacimientos Registrados (ENR). Datos abiertos: una fila por nacimiento registrado en el año. | C6: sexo, ano_nac | D6: Nacimientos ocurridos en 2019 (q0 = defunciones de menores de 1 año / nacimientos). | E6: https://www.inegi.org.mx/programas/natalidad/#datos_abiertos
A7: 3_Censo_2020/cpv2020_b_eum_01_poblacion.xlsx | B7: Censo de Población y Vivienda 2020, tabulados del cuestionario básico (Población), hoja 03: población por edad desplegada y sexo. | C7: Estados Unidos Mexicanos: edad, hombres, mujeres | D7: Población por edad (denominador de qx para x = 1 a 99). | E7: https://www.inegi.org.mx/programas/ccpv/2020/#tabulados
A9: Cómo se condensaron
A10: Los archivos de EDR y ENR traen un registro por defunción o nacimiento. Para este libro se contaron (script scripts/01_descargar_inegi.py): defunciones ocurridas en 2019 por edad y sexo (código de edad 1001-3999 = menores de 1 año; 4001-4120 = años cumplidos; 4998 = no especificada) y nacimientos ocurridos en 2019 por sexo. Los conteos están en las hojas Defunciones, Nacimientos y Población.
