Workbook

Sheet Leeme
A1: U2_P1: Tabla de mortalidad INEGI - México, 2019
A3: Radix (l0) | B3: 100000 | C3: Población inicial de la tabla (nombre definido 'Radix').
A4: Suavizado (1 = sí, 0 = no) | B4: 1 | C4: Media móvil de 5 edades en defunciones y población de 10 a 97 años (nombre definido 'Suaviza').
A6: Qué es | B6: Tabla de mortalidad de México para 2019 (ambos sexos, hombres y mujeres) con el formato de la plantilla de la profesora (x, qx, lx, dx, Lx, Tx, ex y nota técnica de nacimientos y defunciones), calculada con cifras de INEGI.
A7: Datos (INEGI) | B7: Defunciones: Estadísticas de Defunciones Registradas, datos abiertos 2019-2021 (https://www.inegi.org.mx/programas/edr/). Nacimientos: Estadística de Nacimientos Registrados, datos abiertos 2019-2021 (https://www.inegi.org.mx/programas/natalidad/). Población por edad simple: Censo de Población y Vivienda 2020 (https://www.inegi.org.mx/programas/ccpv/2020/). Año de referencia 2019 (último año completo antes de la pandemia).
A8: Método | B8: q(0) = defunciones de menores de 1 año / nacimientos. q(x), x = 1…99 = defunciones / (población + defunciones/2). q(100) = 1 (grupo abierto).
B9: lx: l0 = radix; l(x+1) = lx − dx. dx = lx·qx. Lx = l(x+1) + dx/2. Tx = suma de Lx desde x hasta 100. ex = Tx/lx.
B10: Defunciones por año de ocurrencia; la edad no especificada se reparte proporcionalmente entre las edades (hoja Datos INEGI).
A11: Hojas | B11: Tabla ambos sexos / Tabla hombres / Tabla mujeres: formato de la plantilla. Indicadores: e0, e65, supervivencia, validación con la ONU y análisis. Graficos: lx, qx, dx, ex, sobremortalidad masculina y comparación con la ONU. Datos INEGI y Datos graficos: apoyo.
A12: Colores | B12: Azul = dato de INEGI o parámetro. Negro = fórmula. Verde = vínculo a otra hoja. Amarillo = parámetro editable.
A13: Respecto a la plantilla | B13: La plantilla (generación francesa de 1899) trae qx escritos a mano y varios Tx fijos; aquí todo se calcula con fórmulas: Tx es la suma de Lx (no de lx) y no se redondea dx ni Lx.

Sheet Tabla ambos sexos
B1: Tabla de mortalidad
B2: Cuadro: Tabla de mortalidad de México, 2019, ambos sexos (INEGI)
B3: x | C3: qx | D3: lx | E3: dx | F3: Lx | G3: Tx | H3: ex | K3: Nota técnica (qx)
C4: Probabilidad de muerte: defunciones xi / PI | D4: Supervivientes a una edad exacta | E4: Defunciones xi | F4: Años vividos entre aniversarios | G4: Años vividos acumulados: años que quedan por vivir | H4: La media de vida de una generación hasta su extinción | K4: q(x): Probabilidad de muerte
B5: 0 | C5: =L9 -> 0.012423606 | D5: =Radix -> 100000 | E5: =D5*C5 -> 1242.3606 | F5: =D6+(E5/2) -> 99378.82 | G5: =SUM(F5:F$105) -> 7598804.2 | H5: =G5/D5 -> 75.988042
B6: 1 | C6: ='Datos INEGI'!N14/('Datos INEGI'!Q14+'Datos INEGI'!N14/2) -> 0.0011211947 | D6: =D5-E5 -> 98757.639 | E6: =D6*C6 -> 110.72654 | F6: =D7+(E6/2) -> 98702.276 | G6: =SUM(F6:F$105) -> 7499425.4 | H6: =G6/D6 -> 75.937674 | K6: Nacimientos | L6: ='Datos INEGI'!E4 -> 1844913
B7: 2 | C7: ='Datos INEGI'!N15/('Datos INEGI'!Q15+'Datos INEGI'!N15/2) -> 0.00054663931 | D7: =D6-E6 -> 98646.913 | E7: =D7*C7 -> 53.924281 | F7: =D8+(E7/2) -> 98619.951 | G7: =SUM(F7:F$105) -> 7400723.1 | H7: =G7/D7 -> 75.022349 | K7: Defunciones (menores de 1 año) | L7: ='Datos INEGI'!N13 -> 22920.473
B8: 3 | C8: ='Datos INEGI'!N16/('Datos INEGI'!Q16+'Datos INEGI'!N16/2) -> 0.00036188774 | D8: =D7-E7 -> 98592.989 | E8: =D8*C8 -> 35.679594 | F8: =D9+(E8/2) -> 98575.149 | G8: =SUM(F8:F$105) -> 7302103.2 | H8: =G8/D8 -> 74.063108
B9: 4 | C9: ='Datos INEGI'!N17/('Datos INEGI'!Q17+'Datos INEGI'!N17/2) -> 0.00029213142 | D9: =D8-E8 -> 98557.309 | E9: =D9*C9 -> 28.791687 | F9: =D10+(E9/2) -> 98542.913 | G9: =SUM(F9:F$105) -> 7203528 | H9: =G9/D9 -> 73.089739 | K9: q(0) | L9: =L7/L6 -> 0.012423606
B10: 5 | C10: ='Datos INEGI'!N18/('Datos INEGI'!Q18+'Datos INEGI'!N18/2) -> 0.00025376692 | D10: =D9-E9 -> 98528.517 | E10: =D10*C10 -> 25.003278 | F10: =D11+(E10/2) -> 98516.016 | G10: =SUM(F10:F$105) -> 7104985.1 | H10: =G10/D10 -> 72.110951 | K10: q(0) = defunciones de menores de 1 año / nacimientos
B11: 6 | C11: ='Datos INEGI'!N19/('Datos INEGI'!Q19+'Datos INEGI'!N19/2) -> 0.00022742464 | D11: =D10-E10 -> 98503.514 | E11: =D11*C11 -> 22.402126 | F11: =D12+(E11/2) -> 98492.313 | G11: =SUM(F11:F$105) -> 7006469.1 | H11: =G11/D11 -> 71.129128 | K11: q(x), x = 1…99 = defunciones / (población + defunciones/2)
B12: 7 | C12: ='Datos INEGI'!N20/('Datos INEGI'!Q20+'Datos INEGI'!N20/2) -> 0.00022952075 | D12: =D11-E11 -> 98481.112 | E12: =D12*C12 -> 22.603459 | F12: =D13+(E12/2) -> 98469.81 | G12: =SUM(F12:F$105) -> 6907976.8 | H12: =G12/D12 -> 70.145195 | K12: Lx | L12: Años vividos por los sobrevivientes entre la edad x y x+1
B13: 8 | C13: ='Datos INEGI'!N21/('Datos INEGI'!Q21+'Datos INEGI'!N21/2) -> 0.00020111728 | D13: =D12-E12 -> 98458.508 | E13: =D13*C13 -> 19.801707 | F13: =D14+(E13/2) -> 98448.608 | G13: =SUM(F13:F$105) -> 6809507 | H13: =G13/D13 -> 69.161184
B14: 9 | C14: ='Datos INEGI'!N22/('Datos INEGI'!Q22+'Datos INEGI'!N22/2) -> 0.00024450211 | D14: =D13-E13 -> 98438.707 | E14: =D14*C14 -> 24.068471 | F14: =D15+(E14/2) -> 98426.672 | G14: =SUM(F14:F$105) -> 6711058.4 | H14: =G14/D14 -> 68.174995 | K14: Lx = l(x+1) + (dx/2)
B15: 10 | C15: ='Datos INEGI'!N23/('Datos INEGI'!Q23+'Datos INEGI'!N23/2) -> 0.0002345525 | D15: =D14-E14 -> 98414.638 | E15: =D15*C15 -> 23.083399 | F15: =D16+(E15/2) -> 98403.097 | G15: =SUM(F15:F$105) -> 6612631.7 | H15: =G15/D15 -> 67.191546
B16: 11 | C16: ='Datos INEGI'!N24/('Datos INEGI'!Q24+'Datos INEGI'!N24/2) -> 0.00025925762 | D16: =D15-E15 -> 98391.555 | E16: =D16*C16 -> 25.508761 | F16: =D17+(E16/2) -> 98378.8 | G16: =SUM(F16:F$105) -> 6514228.6 | H16: =G16/D16 -> 66.207192 | K16: Tx = Lx + L(x+1) + … + L100 (suma de Lx)
B17: 12 | C17: ='Datos INEGI'!N25/('Datos INEGI'!Q25+'Datos INEGI'!N25/2) -> 0.00028946272 | D17: =D16-E16 -> 98366.046 | E17: =D17*C17 -> 28.473303 | F17: =D18+(E17/2) -> 98351.809 | G17: =SUM(F17:F$105) -> 6415849.8 | H17: =G17/D17 -> 65.224232 | K17: ex = Tx / lx
B18: 13 | C18: ='Datos INEGI'!N26/('Datos INEGI'!Q26+'Datos INEGI'!N26/2) -> 0.00035052086 | D18: =D17-E17 -> 98337.573 | E18: =D18*C18 -> 34.46937 | F18: =D19+(E18/2) -> 98320.338 | G18: =SUM(F18:F$105) -> 6317498 | H18: =G18/D18 -> 64.242972
B19: 14 | C19: ='Datos INEGI'!N27/('Datos INEGI'!Q27+'Datos INEGI'!N27/2) -> 0.00044609752 | D19: =D18-E18 -> 98303.103 | E19: =D19*C19 -> 43.85277 | F19: =D20+(E19/2) -> 98281.177 | G19: =SUM(F19:F$105) -> 6219177.6 | H19: =G19/D19 -> 63.265324 | K19: Control: suma de dx − radix | L19: =SUM(E5:E105)-Radix -> 0
B20: 15 | C20: ='Datos INEGI'!N28/('Datos INEGI'!Q28+'Datos INEGI'!N28/2) -> 0.00055888298 | D20: =D19-E19 -> 98259.251 | E20: =D20*C20 -> 54.915423 | F20: =D21+(E20/2) -> 98231.793 | G20: =SUM(F20:F$105) -> 6120896.5 | H20: =G20/D20 -> 62.293336
B21: 16 | C21: ='Datos INEGI'!N29/('Datos INEGI'!Q29+'Datos INEGI'!N29/2) -> 0.00068733218 | D21: =D20-E20 -> 98204.335 | E21: =D21*C21 -> 67.499 | F21: =D22+(E21/2) -> 98170.586 | G21: =SUM(F21:F$105) -> 6022664.7 | H21: =G21/D21 -> 61.32789 | K21: Edad 100 = grupo abierto (100 y más): qx = 1, L100 = d100/2
B22: 17 | C22: ='Datos INEGI'!N30/('Datos INEGI'!Q30+'Datos INEGI'!N30/2) -> 0.0008400822 | D22: =D21-E21 -> 98136.836 | E22: =D22*C22 -> 82.443009 | F22: =D23+(E22/2) -> 98095.615 | G22: =SUM(F22:F$105) -> 5924494.1 | H22: =G22/D22 -> 60.369728
B23: 18 | C23: ='Datos INEGI'!N31/('Datos INEGI'!Q31+'Datos INEGI'!N31/2) -> 0.00097674265 | D23: =D22-E22 -> 98054.393 | E23: =D23*C23 -> 95.773908 | F23: =D24+(E23/2) -> 98006.506 | G23: =SUM(F23:F$105) -> 5826398.5 | H23: =G23/D23 -> 59.420066
B24: 19 | C24: ='Datos INEGI'!N32/('Datos INEGI'!Q32+'Datos INEGI'!N32/2) -> 0.0011180078 | D24: =D23-E23 -> 97958.619 | E24: =D24*C24 -> 109.5185 | F24: =D25+(E24/2) -> 97903.86 | G24: =SUM(F24:F$105) -> 5728392 | H24: =G24/D24 -> 58.477672
B25: 20 | C25: ='Datos INEGI'!N33/('Datos INEGI'!Q33+'Datos INEGI'!N33/2) -> 0.0012334081 | D25: =D24-E24 -> 97849.101 | E25: =D25*C25 -> 120.68788 | F25: =D26+(E25/2) -> 97788.757 | G25: =SUM(F25:F$105) -> 5630488.1 | H25: =G25/D25 -> 57.542564
B26: 21 | C26: ='Datos INEGI'!N34/('Datos INEGI'!Q34+'Datos INEGI'!N34/2) -> 0.0013665092 | D26: =D25-E25 -> 97728.413 | E26: =D26*C26 -> 133.54677 | F26: =D27+(E26/2) -> 97661.64 | G26: =SUM(F26:F$105) -> 5532699.3 | H26: =G26/D26 -> 56.613007
B27: 22 | C27: ='Datos INEGI'!N35/('Datos INEGI'!Q35+'Datos INEGI'!N35/2) -> 0.0014459661 | D27: =D26-E26 -> 97594.866 | E27: =D27*C27 -> 141.11887 | F27: =D28+(E27/2) -> 97524.307 | G27: =SUM(F27:F$105) -> 5435037.7 | H27: =G27/D27 -> 55.689791
B28: 23 | C28: ='Datos INEGI'!N36/('Datos INEGI'!Q36+'Datos INEGI'!N36/2) -> 0.0015462703 | D28: =D27-E27 -> 97453.747 | E28: =D28*C28 -> 150.68984 | F28: =D29+(E28/2) -> 97378.402 | G28: =SUM(F28:F$105) -> 5337513.4 | H28: =G28/D28 -> 54.769709
B29: 24 | C29: ='Datos INEGI'!N37/('Datos INEGI'!Q37+'Datos INEGI'!N37/2) -> 0.0015957572 | D29: =D28-E28 -> 97303.057 | E29: =D29*C29 -> 155.27205 | F29: =D30+(E29/2) -> 97225.421 | G29: =SUM(F29:F$105) -> 5240135 | H29: =G29/D29 -> 53.853755
B30: 25 | C30: ='Datos INEGI'!N38/('Datos INEGI'!Q38+'Datos INEGI'!N38/2) -> 0.001696138 | D30: =D29-E29 -> 97147.785 | E30: =D30*C30 -> 164.77605 | F30: =D31+(E30/2) -> 97065.397 | G30: =SUM(F30:F$105) -> 5142909.6 | H30: =G30/D30 -> 52.939031
B31: 26 | C31: ='Datos INEGI'!N39/('Datos INEGI'!Q39+'Datos INEGI'!N39/2) -> 0.0017366627 | D31: =D30-E30 -> 96983.009 | E31: =D31*C31 -> 168.42677 | F31: =D32+(E31/2) -> 96898.796 | G31: =SUM(F31:F$105) -> 5045844.2 | H31: =G31/D31 -> 52.028126
B32: 27 | C32: ='Datos INEGI'!N40/('Datos INEGI'!Q40+'Datos INEGI'!N40/2) -> 0.0018041345 | D32: =D31-E31 -> 96814.583 | E32: =D32*C32 -> 174.66653 | F32: =D33+(E32/2) -> 96727.249 | G32: =SUM(F32:F$105) -> 4948945.4 | H32: =G32/D32 -> 51.117768
B33: 28 | C33: ='Datos INEGI'!N41/('Datos INEGI'!Q41+'Datos INEGI'!N41/2) -> 0.0017980826 | D33: =D32-E32 -> 96639.916 | E33: =D33*C33 -> 173.76655 | F33: =D34+(E33/2) -> 96553.033 | G33: =SUM(F33:F$105) -> 4852218.1 | H33: =G33/D33 -> 50.209254
... B104: 99 | C104: ='Datos INEGI'!N112/('Datos INEGI'!Q112+'Datos INEGI'!N112/2) -> 0.18434836 | D104: =D103-E103 -> 4334.7138 | E104: =D104*C104 -> 799.09738 | F104: =D105+(E104/2) -> 3935.1651 | G104: =SUM(F104:F$105) -> 5702.9733 | H104: =G104/D104 -> 1.3156516
B105: 100 | C105: 1 | D105: =D104-E104 -> 3535.6164 | E105: =D105*C105 -> 3535.6164 | F105: =E105/2 -> 1767.8082 | G105: =SUM(F105:F$105) -> 1767.8082 | H105: =G105/D105 -> 0.5

Sheet Tabla hombres
B1: Tabla de mortalidad
B2: Cuadro: Tabla de mortalidad de México, 2019, hombres (INEGI)
B3: x | C3: qx | D3: lx | E3: dx | F3: Lx | G3: Tx | H3: ex | K3: Nota técnica (qx)
C4: Probabilidad de muerte: defunciones xi / PI | D4: Supervivientes a una edad exacta | E4: Defunciones xi | F4: Años vividos entre aniversarios | G4: Años vividos acumulados: años que quedan por vivir | H4: La media de vida de una generación hasta su extinción | K4: q(x): Probabilidad de muerte
B5: 0 | C5: =L9 -> 0.01364517 | D5: =Radix -> 100000 | E5: =D5*C5 -> 1364.517 | F5: =D6+(E5/2) -> 99317.741 | G5: =SUM(F5:F$105) -> 7289501.2 | H5: =G5/D5 -> 72.895012
B6: 1 | C6: ='Datos INEGI'!L14/('Datos INEGI'!O14+'Datos INEGI'!L14/2) -> 0.0011664246 | D6: =D5-E5 -> 98635.483 | E6: =D6*C6 -> 115.05086 | F6: =D7+(E6/2) -> 98577.958 | G6: =SUM(F6:F$105) -> 7190183.5 | H6: =G6/D6 -> 72.89652 | K6: Nacimientos | L6: ='Datos INEGI'!B4 -> 938974
B7: 2 | C7: ='Datos INEGI'!L15/('Datos INEGI'!O15+'Datos INEGI'!L15/2) -> 0.000594709 | D7: =D6-E6 -> 98520.432 | E7: =D7*C7 -> 58.590988 | F7: =D8+(E7/2) -> 98491.137 | G7: =SUM(F7:F$105) -> 7091605.5 | H7: =G7/D7 -> 71.981064 | K7: Defunciones (menores de 1 año) | L7: ='Datos INEGI'!L13 -> 12812.46
B8: 3 | C8: ='Datos INEGI'!L16/('Datos INEGI'!O16+'Datos INEGI'!L16/2) -> 0.00039707404 | D8: =D7-E7 -> 98461.841 | E8: =D8*C8 -> 39.096641 | F8: =D9+(E8/2) -> 98442.293 | G8: =SUM(F8:F$105) -> 6993114.4 | H8: =G8/D8 -> 71.0236
B9: 4 | C9: ='Datos INEGI'!L17/('Datos INEGI'!O17+'Datos INEGI'!L17/2) -> 0.0003083184 | D9: =D8-E8 -> 98422.744 | E9: =D9*C9 -> 30.345543 | F9: =D10+(E9/2) -> 98407.572 | G9: =SUM(F9:F$105) -> 6894672.1 | H9: =G9/D9 -> 70.051614 | K9: q(0) | L9: =L7/L6 -> 0.01364517
B10: 5 | C10: ='Datos INEGI'!L18/('Datos INEGI'!O18+'Datos INEGI'!L18/2) -> 0.00026142487 | D10: =D9-E9 -> 98392.399 | E10: =D10*C10 -> 25.72222 | F10: =D11+(E10/2) -> 98379.538 | G10: =SUM(F10:F$105) -> 6796264.5 | H10: =G10/D10 -> 69.073065 | K10: q(0) = defunciones de menores de 1 año / nacimientos
B11: 6 | C11: ='Datos INEGI'!L19/('Datos INEGI'!O19+'Datos INEGI'!L19/2) -> 0.00024869465 | D11: =D10-E10 -> 98366.677 | E11: =D11*C11 -> 24.463267 | F11: =D12+(E11/2) -> 98354.445 | G11: =SUM(F11:F$105) -> 6697885 | H11: =G11/D11 -> 68.090996 | K11: q(x), x = 1…99 = defunciones / (población + defunciones/2)
B12: 7 | C12: ='Datos INEGI'!L20/('Datos INEGI'!O20+'Datos INEGI'!L20/2) -> 0.0002317621 | D12: =D11-E11 -> 98342.213 | E12: =D12*C12 -> 22.791998 | F12: =D13+(E12/2) -> 98330.817 | G12: =SUM(F12:F$105) -> 6599530.6 | H12: =G12/D12 -> 67.10781 | K12: Lx | L12: Años vividos por los sobrevivientes entre la edad x y x+1
B13: 8 | C13: ='Datos INEGI'!L21/('Datos INEGI'!O21+'Datos INEGI'!L21/2) -> 0.0002297462 | D13: =D12-E12 -> 98319.421 | E13: =D13*C13 -> 22.588513 | F13: =D14+(E13/2) -> 98308.127 | G13: =SUM(F13:F$105) -> 6501199.7 | H13: =G13/D13 -> 66.123251
B14: 9 | C14: ='Datos INEGI'!L22/('Datos INEGI'!O22+'Datos INEGI'!L22/2) -> 0.00027152217 | D14: =D13-E13 -> 98296.833 | E14: =D14*C14 -> 26.68977 | F14: =D15+(E14/2) -> 98283.488 | G14: =SUM(F14:F$105) -> 6402891.6 | H14: =G14/D14 -> 65.138331 | K14: Lx = l(x+1) + (dx/2)
B15: 10 | C15: ='Datos INEGI'!L23/('Datos INEGI'!O23+'Datos INEGI'!L23/2) -> 0.00026560773 | D15: =D14-E14 -> 98270.143 | E15: =D15*C15 -> 26.101309 | F15: =D16+(E15/2) -> 98257.093 | G15: =SUM(F15:F$105) -> 6304608.1 | H15: =G15/D15 -> 64.155886
B16: 11 | C16: ='Datos INEGI'!L24/('Datos INEGI'!O24+'Datos INEGI'!L24/2) -> 0.00029427239 | D16: =D15-E15 -> 98244.042 | E16: =D16*C16 -> 28.910509 | F16: =D17+(E16/2) -> 98229.587 | G16: =SUM(F16:F$105) -> 6206351 | H16: =G16/D16 -> 63.172798 | K16: Tx = Lx + L(x+1) + … + L100 (suma de Lx)
B17: 12 | C17: ='Datos INEGI'!L25/('Datos INEGI'!O25+'Datos INEGI'!L25/2) -> 0.00033855603 | D17: =D16-E16 -> 98215.131 | E17: =D17*C17 -> 33.251325 | F17: =D18+(E17/2) -> 98198.506 | G17: =SUM(F17:F$105) -> 6108121.4 | H17: =G17/D17 -> 62.191247 | K17: ex = Tx / lx
B18: 13 | C18: ='Datos INEGI'!L26/('Datos INEGI'!O26+'Datos INEGI'!L26/2) -> 0.00042539086 | D18: =D17-E17 -> 98181.88 | E18: =D18*C18 -> 41.765674 | F18: =D19+(E18/2) -> 98160.997 | G18: =SUM(F18:F$105) -> 6009922.9 | H18: =G18/D18 -> 61.21214
B19: 14 | C19: ='Datos INEGI'!L27/('Datos INEGI'!O27+'Datos INEGI'!L27/2) -> 0.00056253457 | D19: =D18-E18 -> 98140.114 | E19: =D19*C19 -> 55.207207 | F19: =D20+(E19/2) -> 98112.511 | G19: =SUM(F19:F$105) -> 5911761.9 | H19: =G19/D19 -> 60.237977 | K19: Control: suma de dx − radix | L19: =SUM(E5:E105)-Radix -> 0
B20: 15 | C20: ='Datos INEGI'!L28/('Datos INEGI'!O28+'Datos INEGI'!L28/2) -> 0.00074079518 | D20: =D19-E19 -> 98084.907 | E20: =D20*C20 -> 72.660827 | F20: =D21+(E20/2) -> 98048.577 | G20: =SUM(F20:F$105) -> 5813649.4 | H20: =G20/D20 -> 59.2716
B21: 16 | C21: ='Datos INEGI'!L29/('Datos INEGI'!O29+'Datos INEGI'!L29/2) -> 0.00095561429 | D21: =D20-E20 -> 98012.246 | E21: =D21*C21 -> 93.661903 | F21: =D22+(E21/2) -> 97965.415 | G21: =SUM(F21:F$105) -> 5715600.9 | H21: =G21/D21 -> 58.31517 | K21: Edad 100 = grupo abierto (100 y más): qx = 1, L100 = d100/2
B22: 17 | C22: ='Datos INEGI'!L30/('Datos INEGI'!O30+'Datos INEGI'!L30/2) -> 0.0012029321 | D22: =D21-E21 -> 97918.584 | E22: =D22*C22 -> 117.78941 | F22: =D23+(E22/2) -> 97859.69 | G22: =SUM(F22:F$105) -> 5617635.4 | H22: =G22/D22 -> 57.370472
B23: 18 | C23: ='Datos INEGI'!L31/('Datos INEGI'!O31+'Datos INEGI'!L31/2) -> 0.0014481015 | D23: =D22-E22 -> 97800.795 | E23: =D23*C23 -> 141.62548 | F23: =D24+(E23/2) -> 97729.982 | G23: =SUM(F23:F$105) -> 5519775.8 | H23: =G23/D23 -> 56.438966
B24: 19 | C24: ='Datos INEGI'!L32/('Datos INEGI'!O32+'Datos INEGI'!L32/2) -> 0.0017012207 | D24: =D23-E23 -> 97659.17 | E24: =D24*C24 -> 166.1398 | F24: =D25+(E24/2) -> 97576.1 | G24: =SUM(F24:F$105) -> 5422045.8 | H24: =G24/D24 -> 55.520089
B25: 20 | C25: ='Datos INEGI'!L33/('Datos INEGI'!O33+'Datos INEGI'!L33/2) -> 0.0019173009 | D25: =D24-E24 -> 97493.03 | E25: =D25*C25 -> 186.92347 | F25: =D26+(E25/2) -> 97399.568 | G25: =SUM(F25:F$105) -> 5324469.7 | H25: =G25/D25 -> 54.61385
B26: 21 | C26: ='Datos INEGI'!L34/('Datos INEGI'!O34+'Datos INEGI'!L34/2) -> 0.0021549007 | D26: =D25-E25 -> 97306.106 | E26: =D26*C26 -> 209.685 | F26: =D27+(E26/2) -> 97201.264 | G26: =SUM(F26:F$105) -> 5227070.1 | H26: =G26/D26 -> 53.717801
B27: 22 | C27: ='Datos INEGI'!L35/('Datos INEGI'!O35+'Datos INEGI'!L35/2) -> 0.0023009841 | D27: =D26-E26 -> 97096.421 | E27: =D27*C27 -> 223.41732 | F27: =D28+(E27/2) -> 96984.713 | G27: =SUM(F27:F$105) -> 5129868.8 | H27: =G27/D27 -> 52.832728
B28: 23 | C28: ='Datos INEGI'!L36/('Datos INEGI'!O36+'Datos INEGI'!L36/2) -> 0.0024818631 | D28: =D27-E27 -> 96873.004 | E28: =D28*C28 -> 240.42553 | F28: =D29+(E28/2) -> 96752.791 | G28: =SUM(F28:F$105) -> 5032884.1 | H28: =G28/D28 -> 51.953423
B29: 24 | C29: ='Datos INEGI'!L37/('Datos INEGI'!O37+'Datos INEGI'!L37/2) -> 0.0025813181 | D29: =D28-E28 -> 96632.578 | E29: =D29*C29 -> 249.43942 | F29: =D30+(E29/2) -> 96507.859 | G29: =SUM(F29:F$105) -> 4936131.3 | H29: =G29/D29 -> 51.081441
B30: 25 | C30: ='Datos INEGI'!L38/('Datos INEGI'!O38+'Datos INEGI'!L38/2) -> 0.0027459959 | D30: =D29-E29 -> 96383.139 | E30: =D30*C30 -> 264.66771 | F30: =D31+(E30/2) -> 96250.805 | G30: =SUM(F30:F$105) -> 4839623.5 | H30: =G30/D30 -> 50.212345
B31: 26 | C31: ='Datos INEGI'!L39/('Datos INEGI'!O39+'Datos INEGI'!L39/2) -> 0.0028087533 | D31: =D30-E30 -> 96118.471 | E31: =D31*C31 -> 269.97308 | F31: =D32+(E31/2) -> 95983.485 | G31: =SUM(F31:F$105) -> 4743372.7 | H31: =G31/D31 -> 49.349231
B32: 27 | C32: ='Datos INEGI'!L40/('Datos INEGI'!O40+'Datos INEGI'!L40/2) -> 0.0029324881 | D32: =D31-E31 -> 95848.498 | E32: =D32*C32 -> 281.07458 | F32: =D33+(E32/2) -> 95707.961 | G32: =SUM(F32:F$105) -> 4647389.2 | H32: =G32/D32 -> 48.486823
B33: 28 | C33: ='Datos INEGI'!L41/('Datos INEGI'!O41+'Datos INEGI'!L41/2) -> 0.0029108561 | D33: =D32-E32 -> 95567.424 | E33: =D33*C33 -> 278.18302 | F33: =D34+(E33/2) -> 95428.332 | G33: =SUM(F33:F$105) -> 4551681.2 | H33: =G33/D33 -> 47.627958
... B104: 99 | C104: ='Datos INEGI'!L112/('Datos INEGI'!O112+'Datos INEGI'!L112/2) -> 0.19195948 | D104: =D103-E103 -> 3346.3688 | E104: =D104*C104 -> 642.3672 | F104: =D105+(E104/2) -> 3025.1852 | G104: =SUM(F104:F$105) -> 4377.186 | H104: =G104/D104 -> 1.3080405
B105: 100 | C105: 1 | D105: =D104-E104 -> 2704.0016 | E105: =D105*C105 -> 2704.0016 | F105: =E105/2 -> 1352.0008 | G105: =SUM(F105:F$105) -> 1352.0008 | H105: =G105/D105 -> 0.5

Sheet Tabla mujeres
B1: Tabla de mortalidad
B2: Cuadro: Tabla de mortalidad de México, 2019, mujeres (INEGI)
B3: x | C3: qx | D3: lx | E3: dx | F3: Lx | G3: Tx | H3: ex | K3: Nota técnica (qx)
C4: Probabilidad de muerte: defunciones xi / PI | D4: Supervivientes a una edad exacta | E4: Defunciones xi | F4: Años vividos entre aniversarios | G4: Años vividos acumulados: años que quedan por vivir | H4: La media de vida de una generación hasta su extinción | K4: q(x): Probabilidad de muerte
B5: 0 | C5: =L9 -> 0.011041143 | D5: =Radix -> 100000 | E5: =D5*C5 -> 1104.1143 | F5: =D6+(E5/2) -> 99447.943 | G5: =SUM(F5:F$105) -> 7911459.9 | H5: =G5/D5 -> 79.114599
B6: 1 | C6: ='Datos INEGI'!M14/('Datos INEGI'!P14+'Datos INEGI'!M14/2) -> 0.0010730655 | D6: =D5-E5 -> 98895.886 | E6: =D6*C6 -> 106.12176 | F6: =D7+(E6/2) -> 98842.825 | G6: =SUM(F6:F$105) -> 7812011.9 | H6: =G6/D6 -> 78.992285 | K6: Nacimientos | L6: ='Datos INEGI'!C4 -> 905926
B7: 2 | C7: ='Datos INEGI'!M15/('Datos INEGI'!P15+'Datos INEGI'!M15/2) -> 0.00049583655 | D7: =D6-E6 -> 98789.764 | E7: =D7*C7 -> 48.983576 | F7: =D8+(E7/2) -> 98765.272 | G7: =SUM(F7:F$105) -> 7713169.1 | H7: =G7/D7 -> 78.076602 | K7: Defunciones (menores de 1 año) | L7: ='Datos INEGI'!M13 -> 10002.458
B8: 3 | C8: ='Datos INEGI'!M16/('Datos INEGI'!P16+'Datos INEGI'!M16/2) -> 0.00032582706 | D8: =D7-E7 -> 98740.78 | E8: =D8*C8 -> 32.172419 | F8: =D9+(E8/2) -> 98724.694 | G8: =SUM(F8:F$105) -> 7614403.8 | H8: =G8/D8 -> 77.115087
B9: 4 | C9: ='Datos INEGI'!M17/('Datos INEGI'!P17+'Datos INEGI'!M17/2) -> 0.00027510217 | D9: =D8-E8 -> 98708.608 | E9: =D9*C9 -> 27.154952 | F9: =D10+(E9/2) -> 98695.031 | G9: =SUM(F9:F$105) -> 7515679.2 | H9: =G9/D9 -> 76.140058 | K9: q(0) | L9: =L7/L6 -> 0.011041143
B10: 5 | C10: ='Datos INEGI'!M18/('Datos INEGI'!P18+'Datos INEGI'!M18/2) -> 0.00024546339 | D10: =D9-E9 -> 98681.453 | E10: =D10*C10 -> 24.222684 | F10: =D11+(E10/2) -> 98669.342 | G10: =SUM(F10:F$105) -> 7416984.1 | H10: =G10/D10 -> 75.160873 | K10: q(0) = defunciones de menores de 1 año / nacimientos
B11: 6 | C11: ='Datos INEGI'!M19/('Datos INEGI'!P19+'Datos INEGI'!M19/2) -> 0.00020547454 | D11: =D10-E10 -> 98657.23 | E11: =D11*C11 -> 20.271549 | F11: =D12+(E11/2) -> 98647.095 | G11: =SUM(F11:F$105) -> 7318314.8 | H11: =G11/D11 -> 74.179204 | K11: q(x), x = 1…99 = defunciones / (población + defunciones/2)
B12: 7 | C12: ='Datos INEGI'!M20/('Datos INEGI'!P20+'Datos INEGI'!M20/2) -> 0.00022681959 | D12: =D11-E11 -> 98636.959 | E12: =D12*C12 -> 22.372795 | F12: =D13+(E12/2) -> 98625.772 | G12: =SUM(F12:F$105) -> 7219667.7 | H12: =G12/D12 -> 73.194346 | K12: Lx | L12: Años vividos por los sobrevivientes entre la edad x y x+1
B13: 8 | C13: ='Datos INEGI'!M21/('Datos INEGI'!P21+'Datos INEGI'!M21/2) -> 0.00017111391 | D13: =D12-E12 -> 98614.586 | E13: =D13*C13 -> 16.874327 | F13: =D14+(E13/2) -> 98606.149 | G13: =SUM(F13:F$105) -> 7121041.9 | H13: =G13/D13 -> 72.210838
B14: 9 | C14: ='Datos INEGI'!M22/('Datos INEGI'!P22+'Datos INEGI'!M22/2) -> 0.00021686126 | D14: =D13-E13 -> 98597.712 | E14: =D14*C14 -> 21.382024 | F14: =D15+(E14/2) -> 98587.021 | G14: =SUM(F14:F$105) -> 7022435.8 | H14: =G14/D14 -> 71.223111 | K14: Lx = l(x+1) + (dx/2)
B15: 10 | C15: ='Datos INEGI'!M23/('Datos INEGI'!P23+'Datos INEGI'!M23/2) -> 0.00020223578 | D15: =D14-E14 -> 98576.33 | E15: =D15*C15 -> 19.93566 | F15: =D16+(E15/2) -> 98566.362 | G15: =SUM(F15:F$105) -> 6923848.7 | H15: =G15/D15 -> 70.238451
B16: 11 | C16: ='Datos INEGI'!M24/('Datos INEGI'!P24+'Datos INEGI'!M24/2) -> 0.00022296528 | D16: =D15-E15 -> 98556.394 | E16: =D16*C16 -> 21.974654 | F16: =D17+(E16/2) -> 98545.407 | G16: =SUM(F16:F$105) -> 6825282.4 | H16: =G16/D16 -> 69.252558 | K16: Tx = Lx + L(x+1) + … + L100 (suma de Lx)
B17: 12 | C17: ='Datos INEGI'!M25/('Datos INEGI'!P25+'Datos INEGI'!M25/2) -> 0.00023868126 | D17: =D16-E16 -> 98534.419 | E17: =D17*C17 -> 23.51832 | F17: =D18+(E17/2) -> 98522.66 | G17: =SUM(F17:F$105) -> 6726737 | H17: =G17/D17 -> 68.267891 | K17: ex = Tx / lx
B18: 13 | C18: ='Datos INEGI'!M26/('Datos INEGI'!P26+'Datos INEGI'!M26/2) -> 0.00027344385 | D18: =D17-E17 -> 98510.901 | E18: =D18*C18 -> 26.9372 | F18: =D19+(E18/2) -> 98497.432 | G18: =SUM(F18:F$105) -> 6628214.3 | H18: =G18/D18 -> 67.28407
B19: 14 | C19: ='Datos INEGI'!M27/('Datos INEGI'!P27+'Datos INEGI'!M27/2) -> 0.00032660516 | D19: =D18-E18 -> 98483.964 | E19: =D19*C19 -> 32.165371 | F19: =D20+(E19/2) -> 98467.881 | G19: =SUM(F19:F$105) -> 6529716.9 | H19: =G19/D19 -> 66.302336 | K19: Control: suma de dx − radix | L19: =SUM(E5:E105)-Radix -> 0
B20: 15 | C20: ='Datos INEGI'!M28/('Datos INEGI'!P28+'Datos INEGI'!M28/2) -> 0.00037273218 | D20: =D19-E19 -> 98451.798 | E20: =D20*C20 -> 36.696154 | F20: =D21+(E20/2) -> 98433.45 | G20: =SUM(F20:F$105) -> 6431249 | H20: =G20/D20 -> 65.323835
B21: 16 | C21: ='Datos INEGI'!M29/('Datos INEGI'!P29+'Datos INEGI'!M29/2) -> 0.00041244251 | D21: =D20-E20 -> 98415.102 | E21: =D21*C21 -> 40.590572 | F21: =D22+(E21/2) -> 98394.807 | G21: =SUM(F21:F$105) -> 6332815.6 | H21: =G21/D21 -> 64.348006 | K21: Edad 100 = grupo abierto (100 y más): qx = 1, L100 = d100/2
B22: 17 | C22: ='Datos INEGI'!M30/('Datos INEGI'!P30+'Datos INEGI'!M30/2) -> 0.00047006626 | D22: =D21-E21 -> 98374.512 | E22: =D22*C22 -> 46.242539 | F22: =D23+(E22/2) -> 98351.39 | G22: =SUM(F22:F$105) -> 6234420.7 | H22: =G22/D22 -> 63.37435
B23: 18 | C23: ='Datos INEGI'!M31/('Datos INEGI'!P31+'Datos INEGI'!M31/2) -> 0.00050012679 | D23: =D22-E22 -> 98328.269 | E23: =D23*C23 -> 49.176601 | F23: =D24+(E23/2) -> 98303.681 | G23: =SUM(F23:F$105) -> 6136069.4 | H23: =G23/D23 -> 62.403919
B24: 19 | C24: ='Datos INEGI'!M32/('Datos INEGI'!P32+'Datos INEGI'!M32/2) -> 0.00053112229 | D24: =D23-E23 -> 98279.093 | E24: =D24*C24 -> 52.198216 | F24: =D25+(E24/2) -> 98252.993 | G24: =SUM(F24:F$105) -> 6037765.7 | H24: =G24/D24 -> 61.434894
B25: 20 | C25: ='Datos INEGI'!M33/('Datos INEGI'!P33+'Datos INEGI'!M33/2) -> 0.00055024209 | D25: =D24-E24 -> 98226.894 | E25: =D25*C25 -> 54.048572 | F25: =D26+(E25/2) -> 98199.87 | G25: =SUM(F25:F$105) -> 5939512.7 | H25: =G25/D25 -> 60.467275
B26: 21 | C26: ='Datos INEGI'!M34/('Datos INEGI'!P34+'Datos INEGI'!M34/2) -> 0.00058820975 | D26: =D25-E25 -> 98172.846 | E26: =D26*C26 -> 57.746225 | F26: =D27+(E26/2) -> 98143.973 | G26: =SUM(F26:F$105) -> 5841312.8 | H26: =G26/D26 -> 59.50029
B27: 22 | C27: ='Datos INEGI'!M35/('Datos INEGI'!P35+'Datos INEGI'!M35/2) -> 0.00060741254 | D27: =D26-E26 -> 98115.1 | E27: =D27*C27 -> 59.596342 | F27: =D28+(E27/2) -> 98085.301 | G27: =SUM(F27:F$105) -> 5743168.8 | H27: =G27/D27 -> 58.535015
B28: 23 | C28: ='Datos INEGI'!M36/('Datos INEGI'!P36+'Datos INEGI'!M36/2) -> 0.00063547743 | D28: =D27-E27 -> 98055.503 | E28: =D28*C28 -> 62.312059 | F28: =D29+(E28/2) -> 98024.347 | G28: =SUM(F28:F$105) -> 5645083.5 | H28: =G28/D28 -> 57.570288
B29: 24 | C29: ='Datos INEGI'!M37/('Datos INEGI'!P37+'Datos INEGI'!M37/2) -> 0.00064812395 | D29: =D28-E28 -> 97993.191 | E29: =D29*C29 -> 63.511734 | F29: =D30+(E29/2) -> 97961.435 | G29: =SUM(F29:F$105) -> 5547059.2 | H29: =G29/D29 -> 56.606578
B30: 25 | C30: ='Datos INEGI'!M38/('Datos INEGI'!P38+'Datos INEGI'!M38/2) -> 0.00069497483 | D30: =D29-E29 -> 97929.679 | E30: =D30*C30 -> 68.058663 | F30: =D31+(E30/2) -> 97895.65 | G30: =SUM(F30:F$105) -> 5449097.8 | H30: =G30/D30 -> 55.642965
B31: 26 | C31: ='Datos INEGI'!M39/('Datos INEGI'!P39+'Datos INEGI'!M39/2) -> 0.00071747583 | D31: =D30-E30 -> 97861.621 | E31: =D31*C31 -> 70.213348 | F31: =D32+(E31/2) -> 97826.514 | G31: =SUM(F31:F$105) -> 5351202.1 | H31: =G31/D31 -> 54.681315
B32: 27 | C32: ='Datos INEGI'!M40/('Datos INEGI'!P40+'Datos INEGI'!M40/2) -> 0.00073718575 | D32: =D31-E31 -> 97791.407 | E32: =D32*C32 -> 72.090432 | F32: =D33+(E32/2) -> 97755.362 | G32: =SUM(F32:F$105) -> 5253375.6 | H32: =G32/D32 -> 53.720217
B33: 28 | C33: ='Datos INEGI'!M41/('Datos INEGI'!P41+'Datos INEGI'!M41/2) -> 0.00074866834 | D33: =D32-E32 -> 97719.317 | E33: =D33*C33 -> 73.159359 | F33: =D34+(E33/2) -> 97682.737 | G33: =SUM(F33:F$105) -> 5155620.2 | H33: =G33/D33 -> 52.759479
... B104: 99 | C104: ='Datos INEGI'!M112/('Datos INEGI'!P112+'Datos INEGI'!M112/2) -> 0.17918791 | D104: =D103-E103 -> 5400.5466 | E104: =D104*C104 -> 967.71267 | F104: =D105+(E104/2) -> 4916.6902 | G104: =SUM(F104:F$105) -> 7133.1072 | H104: =G104/D104 -> 1.3208121
B105: 100 | C105: 1 | D105: =D104-E104 -> 4432.8339 | E105: =D105*C105 -> 4432.8339 | F105: =E105/2 -> 2216.417 | G105: =SUM(F105:F$105) -> 2216.417 | H105: =G105/D105 -> 0.5

Sheet Indicadores
A1: Indicadores de la tabla de mortalidad de México, 2019 (INEGI)
A3: Indicador | B3: Hombres | C3: Mujeres | D3: Ambos sexos | E3: Mujeres − Hombres
A4: e0: esperanza de vida al nacer (años) | B4: ='Tabla hombres'!H5 -> 72.895012 | C4: ='Tabla mujeres'!H5 -> 79.114599 | D4: ='Tabla ambos sexos'!H5 -> 75.988042 | E4: =C4-B4 -> 6.2195865
A5: e1: esperanza de vida a los 1 año (años) | B5: ='Tabla hombres'!H6 -> 72.89652 | C5: ='Tabla mujeres'!H6 -> 78.992285 | D5: ='Tabla ambos sexos'!H6 -> 75.937674 | E5: =C5-B5 -> 6.0957641
A6: e15: esperanza de vida a los 15 años (años) | B6: ='Tabla hombres'!H20 -> 59.2716 | C6: ='Tabla mujeres'!H20 -> 65.323835 | D6: ='Tabla ambos sexos'!H20 -> 62.293336 | E6: =C6-B6 -> 6.0522342
A7: e65: esperanza de vida a los 65 años (años) | B7: ='Tabla hombres'!H70 -> 17.768936 | C7: ='Tabla mujeres'!H70 -> 19.649695 | D7: ='Tabla ambos sexos'!H70 -> 18.738636 | E7: =C7-B7 -> 1.8807595
A8: e80: esperanza de vida a los 80 años (años) | B8: ='Tabla hombres'!H85 -> 8.8373605 | C8: ='Tabla mujeres'!H85 -> 9.5680668 | D8: ='Tabla ambos sexos'!H85 -> 9.2307923 | E8: =C8-B8 -> 0.73070631
A9: q(0): mortalidad infantil (por mil nacimientos) | B9: ='Tabla hombres'!C5*1000 -> 13.64517 | C9: ='Tabla mujeres'!C5*1000 -> 11.041143 | D9: ='Tabla ambos sexos'!C5*1000 -> 12.423606 | E9: =C9-B9 -> -2.6040276
A10: 5q0: probabilidad de morir antes de los 5 años (por mil) | B10: =(1-'Tabla hombres'!D10/'Tabla hombres'!D5)*1000 -> 16.07601 | C10: =(1-'Tabla mujeres'!D10/'Tabla mujeres'!D5)*1000 -> 13.18547 | D10: =(1-'Tabla ambos sexos'!D10/'Tabla ambos sexos'!D5)*1000 -> 14.714827 | E10: =C10-B10 -> -2.8905408
A11: Probabilidad de llegar con vida a los 15 años | B11: ='Tabla hombres'!D20/'Tabla hombres'!D5 -> 0.98084907 | C11: ='Tabla mujeres'!D20/'Tabla mujeres'!D5 -> 0.98451798 | D11: ='Tabla ambos sexos'!D20/'Tabla ambos sexos'!D5 -> 0.98259251 | E11: =C11-B11 -> 0.0036689129
A12: Probabilidad de llegar con vida a los 65 años | B12: ='Tabla hombres'!D70/'Tabla hombres'!D5 -> 0.73611909 | C12: ='Tabla mujeres'!D70/'Tabla mujeres'!D5 -> 0.85153143 | D12: ='Tabla ambos sexos'!D70/'Tabla ambos sexos'!D5 -> 0.79415984 | E12: =C12-B12 -> 0.11541234
A13: Probabilidad de llegar con vida a los 80 años | B13: ='Tabla hombres'!D85/'Tabla hombres'!D5 -> 0.44757258 | C13: ='Tabla mujeres'!D85/'Tabla mujeres'!D5 -> 0.58736029 | D13: ='Tabla ambos sexos'!D85/'Tabla ambos sexos'!D5 -> 0.51635307 | E13: =C13-B13 -> 0.13978772
A14: Edad mediana a la muerte (años cumplidos) | B14: =INDEX('Tabla hombres'!B5:B105,MATCH(Radix/2,'Tabla hombres'!D5:D105,-1)) -> 77 | C14: =INDEX('Tabla mujeres'!B5:B105,MATCH(Radix/2,'Tabla mujeres'!D5:D105,-1)) -> 82 | D14: =INDEX('Tabla ambos sexos'!B5:B105,MATCH(Radix/2,'Tabla ambos sexos'!D5:D105,-1)) -> 80
A15: Edad modal de las defunciones adultas (15-99 años) | B15: =INDEX('Tabla hombres'!B20:B104,MATCH(MAX('Tabla hombres'!E20:E104),'Tabla hombres'!E20:E104,0)) -> 83 | C15: =INDEX('Tabla mujeres'!B20:B104,MATCH(MAX('Tabla mujeres'!E20:E104),'Tabla mujeres'!E20:E104,0)) -> 89 | D15: =INDEX('Tabla ambos sexos'!B20:B104,MATCH(MAX('Tabla ambos sexos'!E20:E104),'Tabla ambos sexos'!E20:E104,0)) -> 83
A18: Validación: e0 calculada con datos de INEGI vs. e0 de la ONU (2019)
A19: Concepto | B19: Hombres | C19: Mujeres | D19: Ambos sexos
A20: e0 con datos de INEGI (esta tabla) | B20: =B4 -> 72.895012 | C20: =C4 -> 79.114599 | D20: =D4 -> 75.988042
A21: e0 ONU, World Population Prospects 2024 | B21: ='Datos INEGI'!B7 -> 71.5867 | C21: ='Datos INEGI'!C7 -> 77.4224 | D21: ='Datos INEGI'!D7 -> 74.5302
A22: Diferencia (años) | B22: =B20-B21 -> 1.3083124 | C22: =C20-C21 -> 1.6921989 | D22: =D20-D21 -> 1.4578421
A23: Diferencia (%) | B23: =B22/B21 -> 0.018275915 | C23: =C22/C21 -> 0.021856709 | D23: =D22/D21 -> 0.019560422
A26: Análisis
A27: 1. Resultado principal
A28: Con las defunciones y nacimientos de INEGI de 2019 y la población del Censo 2020, la esperanza de vida al nacer en México es de 76.0 años (hombres 72.9; mujeres 79.1). Las mujeres viven en promedio 6.2 años más. De cada 100,000 nacidos vivos, 79,416 llegan a los 65 años y 51,635 a los 80; la mitad ya murió a los 80 años (hombres 77; mujeres 82).
A29: 2. Forma de la mortalidad por edad
A30: La curva de qx tiene la forma clásica: alta en el primer año (q0 = 12.4 por mil), mínima entre los 8 y los 12 años (el valor más bajo ocurre a los 8 años) y creciente después, casi de forma exponencial. La esperanza de vida a los 1 año (75.9) ya no supera a la del nacimiento (76.0), señal de que la mortalidad infantil es hoy relativamente baja; la probabilidad de morir antes de los 5 años es 14.7 por mil.
A31: 3. Sobremortalidad masculina
A32: Entre los 15 y los 39 años la probabilidad de morir de los hombres es en promedio 3.4 veces la de las mujeres, con un máximo de 4.0 veces a los 24 años: en esas edades pesan las muertes violentas y accidentales. Esa diferencia explica por qué solo 74 de cada 100 hombres llegan a los 65 años, frente a 85 de cada 100 mujeres.
A33: 4. Comparación con la ONU
A34: La e0 con cifras registradas de INEGI (76.0) queda 1.5 años por encima de la estimación de la ONU para 2019 (74.5). Las probabilidades de morir de esta tabla son entre 6 % y 13 % menores que las de la ONU de los 20 a los 79 años y entre 19 % y 25 % menores de los 80 años en adelante (promedios por década). Es la dirección esperada si hay subregistro de defunciones y si el Censo exagera la población de edades avanzadas.
A35: 5. Limitaciones
A36: (i) El Censo tiene atracción de edades redondas; por eso se suavizó con media móvil de 5 edades (interruptor en Leeme). (ii) A partir de los 85-90 años la población censal está sobrestimada: qx se aplana en ~0.17-0.19 y 3.5 % de los nacidos llegaría a los 100 años, lo cual no es creíble; las esperanzas de vida a edades avanzadas son optimistas. (iii) Se usó 2019 por ser el último año completo antes de la pandemia; en 2020-2021 la mortalidad fue mucho mayor. (iv) Es una tabla de periodo (generación ficticia), no el seguimiento de una generación real.
A38: El texto del análisis está redactado con los parámetros por defecto (radix 100,000; suavizado activado).

Sheet Graficos
A1: Gráficos de la tabla de mortalidad de México, 2019 (INEGI)
A2: Se grafican las edades 0-99; la edad 100 es el grupo abierto (qx = 1) y distorsionaría la escala.

Sheet Datos INEGI
A1: Datos de INEGI para la tabla de mortalidad de México, 2019
A2: Azul = dato tomado de INEGI (conteos); negro = fórmula. Defunciones y nacimientos por año de OCURRENCIA 2019 (registrados 2019-2021). Población: Censo 2020.
A3: Nacimientos ocurridos en 2019 (ENR) | B3: Hombres | C3: Mujeres | D3: Sexo no esp. | E3: Total
A4: Nacimientos | B4: 938974 | C4: 905926 | D4: 13 | E4: =SUM(B4:D4) -> 1844913 | F4: Fuente: INEGI, Estadística de Nacimientos Registrados (datos abiertos 2019, 2020 y 2021), ano_nac = 2019.
A6: e0 de la ONU, 2019 (solo validación) | B6: Hombres | C6: Mujeres | D6: Ambos sexos
A7: e0 (años) | B7: 71.5867 | C7: 77.4224 | D7: 74.5302 | F7: Fuente: ONU, World Population Prospects 2024 (variante media), LEx 2019. No se usa en la tabla; solo para comparar.
B11: Defunciones ocurridas en 2019 (EDR) | F11: Población, Censo 2020 | I11: Defunciones con edad no especificada redistribuida | L11: Defunciones usadas en qx | O11: Población usada en qx
A12: Edad x | B12: Hombres | C12: Mujeres | D12: Sexo no esp. | E12: Total | F12: Hombres | G12: Mujeres | H12: Total | I12: Hombres | J12: Mujeres | K12: Total | L12: Hombres | M12: Mujeres | N12: Total | O12: Hombres | P12: Mujeres | Q12: Total
A13: 0 | B13: 12712 | C13: 9991 | D13: 93 | E13: =SUM(B13:D13) -> 22796 | F13: 916140 | G13: 896837 | H13: =F13+G13 -> 1812977 | I13: =B13*B$116 -> 12812.46 | J13: =C13*C$116 -> 10002.458 | K13: =E13*E$116 -> 22920.473 | L13: =IF(AND(Suaviza=1,$A13>=10,$A13<=97),AVERAGE(I11:I15),I13) -> 12812.46 | M13: =IF(AND(Suaviza=1,$A13>=10,$A13<=97),AVERAGE(J11:J15),J13) -> 10002.458 | N13: =IF(AND(Suaviza=1,$A13>=10,$A13<=97),AVERAGE(K11:K15),K13) -> 22920.473 | O13: =IF(AND(Suaviza=1,$A13>=10,$A13<=97),AVERAGE(F11:F15),F13) -> 916140 | P13: =IF(AND(Suaviza=1,$A13>=10,$A13<=97),AVERAGE(G11:G15),G13) -> 896837 | Q13: =IF(AND(Suaviza=1,$A13>=10,$A13<=97),AVERAGE(H11:H15),H13) -> 1812977
A14: 1 | B14: 1120 | C14: 1011 | D14: 0 | E14: =SUM(B14:D14) -> 2131 | F14: 967223 | G14: 942735 | H14: =F14+G14 -> 1909958 | I14: =B14*B$116 -> 1128.8511 | J14: =C14*C$116 -> 1012.1595 | K14: =E14*E$116 -> 2142.6359 | L14: =IF(AND(Suaviza=1,$A14>=10,$A14<=97),AVERAGE(I12:I16),I14) -> 1128.8511 | M14: =IF(AND(Suaviza=1,$A14>=10,$A14<=97),AVERAGE(J12:J16),J14) -> 1012.1595 | N14: =IF(AND(Suaviza=1,$A14>=10,$A14<=97),AVERAGE(K12:K16),K14) -> 2142.6359 | O14: =IF(AND(Suaviza=1,$A14>=10,$A14<=97),AVERAGE(F12:F16),F14) -> 967223 | P14: =IF(AND(Suaviza=1,$A14>=10,$A14<=97),AVERAGE(G12:G16),G14) -> 942735 | Q14: =IF(AND(Suaviza=1,$A14>=10,$A14<=97),AVERAGE(H12:H16),H14) -> 1909958
A15: 2 | B15: 609 | C15: 500 | D15: 1 | E15: =SUM(B15:D15) -> 1110 | F15: 1031816 | G15: 1009303 | H15: =F15+G15 -> 2041119 | I15: =B15*B$116 -> 613.81279 | J15: =C15*C$116 -> 500.57342 | K15: =E15*E$116 -> 1116.0609 | L15: =IF(AND(Suaviza=1,$A15>=10,$A15<=97),AVERAGE(I13:I17),I15) -> 613.81279 | M15: =IF(AND(Suaviza=1,$A15>=10,$A15<=97),AVERAGE(J13:J17),J15) -> 500.57342 | N15: =IF(AND(Suaviza=1,$A15>=10,$A15<=97),AVERAGE(K13:K17),K15) -> 1116.0609 | O15: =IF(AND(Suaviza=1,$A15>=10,$A15<=97),AVERAGE(F13:F17),F15) -> 1031816 | P15: =IF(AND(Suaviza=1,$A15>=10,$A15<=97),AVERAGE(G13:G17),G15) -> 1009303 | Q15: =IF(AND(Suaviza=1,$A15>=10,$A15<=97),AVERAGE(H13:H17),H15) -> 2041119
A16: 3 | B16: 418 | C16: 341 | D16: 0 | E16: =SUM(B16:D16) -> 759 | F16: 1060809 | G16: 1047597 | H16: =F16+G16 -> 2108406 | I16: =B16*B$116 -> 421.30336 | J16: =C16*C$116 -> 341.39107 | K16: =E16*E$116 -> 763.14436 | L16: =IF(AND(Suaviza=1,$A16>=10,$A16<=97),AVERAGE(I14:I18),I16) -> 421.30336 | M16: =IF(AND(Suaviza=1,$A16>=10,$A16<=97),AVERAGE(J14:J18),J16) -> 341.39107 | N16: =IF(AND(Suaviza=1,$A16>=10,$A16<=97),AVERAGE(K14:K18),K16) -> 763.14436 | O16: =IF(AND(Suaviza=1,$A16>=10,$A16<=97),AVERAGE(F14:F18),F16) -> 1060809 | P16: =IF(AND(Suaviza=1,$A16>=10,$A16<=97),AVERAGE(G14:G18),G16) -> 1047597 | Q16: =IF(AND(Suaviza=1,$A16>=10,$A16<=97),AVERAGE(H14:H18),H16) -> 2108406
A17: 4 | B17: 337 | C17: 295 | D17: 0 | E17: =SUM(B17:D17) -> 632 | F17: 1101494 | G17: 1073411 | H17: =F17+G17 -> 2174905 | I17: =B17*B$116 -> 339.66323 | J17: =C17*C$116 -> 295.33832 | K17: =E17*E$116 -> 635.45091 | L17: =IF(AND(Suaviza=1,$A17>=10,$A17<=97),AVERAGE(I15:I19),I17) -> 339.66323 | M17: =IF(AND(Suaviza=1,$A17>=10,$A17<=97),AVERAGE(J15:J19),J17) -> 295.33832 | N17: =IF(AND(Suaviza=1,$A17>=10,$A17<=97),AVERAGE(K15:K19),K17) -> 635.45091 | O17: =IF(AND(Suaviza=1,$A17>=10,$A17<=97),AVERAGE(F15:F19),F17) -> 1101494 | P17: =IF(AND(Suaviza=1,$A17>=10,$A17<=97),AVERAGE(G15:G19),G17) -> 1073411 | Q17: =IF(AND(Suaviza=1,$A17>=10,$A17<=97),AVERAGE(H15:H19),H17) -> 2174905
A18: 5 | B18: 287 | C18: 263 | D18: 0 | E18: =SUM(B18:D18) -> 550 | F18: 1106361 | G18: 1072540 | H18: =F18+G18 -> 2178901 | I18: =B18*B$116 -> 289.26809 | J18: =C18*C$116 -> 263.30162 | K18: =E18*E$116 -> 553.00316 | L18: =IF(AND(Suaviza=1,$A18>=10,$A18<=97),AVERAGE(I16:I20),I18) -> 289.26809 | M18: =IF(AND(Suaviza=1,$A18>=10,$A18<=97),AVERAGE(J16:J20),J18) -> 263.30162 | N18: =IF(AND(Suaviza=1,$A18>=10,$A18<=97),AVERAGE(K16:K20),K18) -> 553.00316 | O18: =IF(AND(Suaviza=1,$A18>=10,$A18<=97),AVERAGE(F16:F20),F18) -> 1106361 | P18: =IF(AND(Suaviza=1,$A18>=10,$A18<=97),AVERAGE(G16:G20),G18) -> 1072540 | Q18: =IF(AND(Suaviza=1,$A18>=10,$A18<=97),AVERAGE(H16:H20),H18) -> 2178901
A19: 6 | B19: 261 | C19: 213 | D19: 0 | E19: =SUM(B19:D19) -> 474 | F19: 1057642 | G19: 1037707 | H19: =F19+G19 -> 2095349 | I19: =B19*B$116 -> 263.06262 | J19: =C19*C$116 -> 213.24428 | K19: =E19*E$116 -> 476.58818 | L19: =IF(AND(Suaviza=1,$A19>=10,$A19<=97),AVERAGE(I17:I21),I19) -> 263.06262 | M19: =IF(AND(Suaviza=1,$A19>=10,$A19<=97),AVERAGE(J17:J21),J19) -> 213.24428 | N19: =IF(AND(Suaviza=1,$A19>=10,$A19<=97),AVERAGE(K17:K21),K19) -> 476.58818 | O19: =IF(AND(Suaviza=1,$A19>=10,$A19<=97),AVERAGE(F17:F21),F19) -> 1057642 | P19: =IF(AND(Suaviza=1,$A19>=10,$A19<=97),AVERAGE(G17:G21),G19) -> 1037707 | Q19: =IF(AND(Suaviza=1,$A19>=10,$A19<=97),AVERAGE(H17:H21),H19) -> 2095349
A20: 7 | B20: 250 | C20: 240 | D20: 0 | E20: =SUM(B20:D20) -> 490 | F20: 1087091 | G20: 1059203 | H20: =F20+G20 -> 2146294 | I20: =B20*B$116 -> 251.97569 | J20: =C20*C$116 -> 240.27524 | K20: =E20*E$116 -> 492.67555 | L20: =IF(AND(Suaviza=1,$A20>=10,$A20<=97),AVERAGE(I18:I22),I20) -> 251.97569 | M20: =IF(AND(Suaviza=1,$A20>=10,$A20<=97),AVERAGE(J18:J22),J20) -> 240.27524 | N20: =IF(AND(Suaviza=1,$A20>=10,$A20<=97),AVERAGE(K18:K22),K20) -> 492.67555 | O20: =IF(AND(Suaviza=1,$A20>=10,$A20<=97),AVERAGE(F18:F22),F20) -> 1087091 | P20: =IF(AND(Suaviza=1,$A20>=10,$A20<=97),AVERAGE(G18:G22),G20) -> 1059203 | Q20: =IF(AND(Suaviza=1,$A20>=10,$A20<=97),AVERAGE(H18:H22),H20) -> 2146294
A21: 8 | B21: 260 | C21: 187 | D21: 0 | E21: =SUM(B21:D21) -> 447 | F21: 1140496 | G21: 1093999 | H21: =F21+G21 -> 2234495 | I21: =B21*B$116 -> 262.05472 | J21: =C21*C$116 -> 187.21446 | K21: =E21*E$116 -> 449.44075 | L21: =IF(AND(Suaviza=1,$A21>=10,$A21<=97),AVERAGE(I19:I23),I21) -> 262.05472 | M21: =IF(AND(Suaviza=1,$A21>=10,$A21<=97),AVERAGE(J19:J23),J21) -> 187.21446 | N21: =IF(AND(Suaviza=1,$A21>=10,$A21<=97),AVERAGE(K19:K23),K21) -> 449.44075 | O21: =IF(AND(Suaviza=1,$A21>=10,$A21<=97),AVERAGE(F19:F23),F21) -> 1140496 | P21: =IF(AND(Suaviza=1,$A21>=10,$A21<=97),AVERAGE(G19:G23),G21) -> 1093999 | Q21: =IF(AND(Suaviza=1,$A21>=10,$A21<=97),AVERAGE(H19:H23),H21) -> 2234495
A22: 9 | B22: 286 | C22: 227 | D22: 0 | E22: =SUM(B22:D22) -> 513 | F22: 1061501 | G22: 1047839 | H22: =F22+G22 -> 2109340 | I22: =B22*B$116 -> 288.26019 | J22: =C22*C$116 -> 227.26033 | K22: =E22*E$116 -> 515.80113 | L22: =IF(AND(Suaviza=1,$A22>=10,$A22<=97),AVERAGE(I20:I24),I22) -> 288.26019 | M22: =IF(AND(Suaviza=1,$A22>=10,$A22<=97),AVERAGE(J20:J24),J22) -> 227.26033 | N22: =IF(AND(Suaviza=1,$A22>=10,$A22<=97),AVERAGE(K20:K24),K22) -> 515.80113 | O22: =IF(AND(Suaviza=1,$A22>=10,$A22<=97),AVERAGE(F20:F24),F22) -> 1061501 | P22: =IF(AND(Suaviza=1,$A22>=10,$A22<=97),AVERAGE(G20:G24),G22) -> 1047839 | Q22: =IF(AND(Suaviza=1,$A22>=10,$A22<=97),AVERAGE(H20:H24),H22) -> 2109340
A23: 10 | B23: 307 | C23: 224 | D23: 0 | E23: =SUM(B23:D23) -> 531 | F23: 1174026 | G23: 1125241 | H23: =F23+G23 -> 2299267 | I23: =B23*B$116 -> 309.42615 | J23: =C23*C$116 -> 224.25689 | K23: =E23*E$116 -> 533.89942 | L23: =IF(AND(Suaviza=1,$A23>=10,$A23<=97),AVERAGE(I21:I25),I23) -> 296.92816 | M23: =IF(AND(Suaviza=1,$A23>=10,$A23<=97),AVERAGE(J21:J25),J23) -> 218.65047 | N23: =IF(AND(Suaviza=1,$A23>=10,$A23<=97),AVERAGE(K21:K25),K23) -> 515.80113 | O23: =IF(AND(Suaviza=1,$A23>=10,$A23<=97),AVERAGE(F21:F25),F23) -> 1117771.4 | P23: =IF(AND(Suaviza=1,$A23>=10,$A23<=97),AVERAGE(G21:G25),G23) -> 1081056.8 | Q23: =IF(AND(Suaviza=1,$A23>=10,$A23<=97),AVERAGE(H21:H25),H23) -> 2198828.2
A24: 11 | B24: 292 | C24: 188 | D24: 0 | E24: =SUM(B24:D24) -> 480 | F24: 1066706 | G24: 1034766 | H24: =F24+G24 -> 2101472 | I24: =B24*B$116 -> 294.30761 | J24: =C24*C$116 -> 188.21561 | K24: =E24*E$116 -> 482.62094 | L24: =IF(AND(Suaviza=1,$A24>=10,$A24<=97),AVERAGE(I22:I26),I24) -> 325.55259 | M24: =IF(AND(Suaviza=1,$A24>=10,$A24<=97),AVERAGE(J22:J26),J24) -> 239.47432 | N24: =IF(AND(Suaviza=1,$A24>=10,$A24<=97),AVERAGE(K22:K26),K24) -> 565.26978 | O24: =IF(AND(Suaviza=1,$A24>=10,$A24<=97),AVERAGE(F22:F26),F24) -> 1106134 | P24: =IF(AND(Suaviza=1,$A24>=10,$A24<=97),AVERAGE(G22:G26),G24) -> 1073923.4 | Q24: =IF(AND(Suaviza=1,$A24>=10,$A24<=97),AVERAGE(H22:H26),H24) -> 2180057.4
... A113: 100 | B113: 1480 | C113: 2802 | D113: 0 | E113: =SUM(B113:D113) -> 4282 | F113: 6644 | G113: 11651 | H113: =F113+G113 -> 18295 | I113: =B113*B$116 -> 1491.6961 | J113: =C113*C$116 -> 2805.2134 | K113: =E113*E$116 -> 4305.381 | L113: =IF(AND(Suaviza=1,$A113>=10,$A113<=97),AVERAGE(I111:I115),I113) -> 1491.6961 | M113: =IF(AND(Suaviza=1,$A113>=10,$A113<=97),AVERAGE(J111:J115),J113) -> 2805.2134 | N113: =IF(AND(Suaviza=1,$A113>=10,$A113<=97),AVERAGE(K111:K115),K113) -> 4305.381 | O113: =IF(AND(Suaviza=1,$A113>=10,$A113<=97),AVERAGE(F111:F115),F113) -> 6644 | P113: =IF(AND(Suaviza=1,$A113>=10,$A113<=97),AVERAGE(G111:G115),G113) -> 11651 | Q113: =IF(AND(Suaviza=1,$A113>=10,$A113<=97),AVERAGE(H111:H115),H113) -> 18295
A114: No especificada | B114: 3294 | C114: 371 | D114: 378 | E114: =SUM(B114:D114) -> 4043 | F114: 136194 | G114: 137192 | H114: =F114+G114 -> 273386
A115: Total | B115: =SUM(B13:B114) -> 420110 | C115: =SUM(C13:C114) -> 323869 | D115: =SUM(D13:D114) -> 500 | E115: =SUM(E13:E114) -> 744479 | F115: =SUM(F13:F114) -> 61473390 | G115: =SUM(G13:G114) -> 64540634 | H115: =SUM(H13:H114) -> 126014024
A116: Factor de redistribución | B116: =B115/(B115-B114) -> 1.0079028 | C116: =C115/(C115-C114) -> 1.0011468 | E116: =E115/(E115-E114) -> 1.0054603
A118: Edad no especificada: se reparte entre todas las edades en proporción a sus defunciones (factor = total / total con edad). Población con edad no especificada (Censo): no se redistribuye (0.2 % del total).
A119: Fuente defunciones: INEGI, Estadísticas de Defunciones Registradas, datos abiertos 2019, 2020 y 2021 (anio_ocur = 2019; edad: códigos 1001-3999 = menores de 1 año, 4001-4120 = años cumplidos). Fuente población: INEGI, Censo de Población y Vivienda 2020, tabulado 'Población 3', Estados Unidos Mexicanos.
A120: Suavizado: media móvil de 5 edades (x-2 … x+2) en defunciones y población, de 10 a 97 años, para quitar la atracción de edades redondas del Censo (p. ej. 30 años: 2.37 millones vs. 31 años: 1.54 millones). Se activa/desactiva en Leeme.

Sheet Datos graficos
A1: Datos de los gráficos (vínculos a las tablas)
B3: lx | E3: qx | H3: dx | K3: ex | N3: Sobremortalidad masculina
A4: x | B4: Hombres | C4: Mujeres | D4: Ambos sexos | E4: Hombres | F4: Mujeres | G4: Ambos sexos | H4: Hombres | I4: Mujeres | J4: Ambos sexos | K4: Hombres | L4: Mujeres | M4: Ambos sexos | N4: qx H / qx M
A5: 0 | B5: ='Tabla hombres'!D5 -> 100000 | C5: ='Tabla mujeres'!D5 -> 100000 | D5: ='Tabla ambos sexos'!D5 -> 100000 | E5: ='Tabla hombres'!C5 -> 0.01364517 | F5: ='Tabla mujeres'!C5 -> 0.011041143 | G5: ='Tabla ambos sexos'!C5 -> 0.012423606 | H5: ='Tabla hombres'!E5 -> 1364.517 | I5: ='Tabla mujeres'!E5 -> 1104.1143 | J5: ='Tabla ambos sexos'!E5 -> 1242.3606 | K5: ='Tabla hombres'!H5 -> 72.895012 | L5: ='Tabla mujeres'!H5 -> 79.114599 | M5: ='Tabla ambos sexos'!H5 -> 75.988042 | N5: =IF(F5>0,E5/F5,"") -> 1.2358477
A6: 1 | B6: ='Tabla hombres'!D6 -> 98635.483 | C6: ='Tabla mujeres'!D6 -> 98895.886 | D6: ='Tabla ambos sexos'!D6 -> 98757.639 | E6: ='Tabla hombres'!C6 -> 0.0011664246 | F6: ='Tabla mujeres'!C6 -> 0.0010730655 | G6: ='Tabla ambos sexos'!C6 -> 0.0011211947 | H6: ='Tabla hombres'!E6 -> 115.05086 | I6: ='Tabla mujeres'!E6 -> 106.12176 | J6: ='Tabla ambos sexos'!E6 -> 110.72654 | K6: ='Tabla hombres'!H6 -> 72.89652 | L6: ='Tabla mujeres'!H6 -> 78.992285 | M6: ='Tabla ambos sexos'!H6 -> 75.937674 | N6: =IF(F6>0,E6/F6,"") -> 1.0870023
A7: 2 | B7: ='Tabla hombres'!D7 -> 98520.432 | C7: ='Tabla mujeres'!D7 -> 98789.764 | D7: ='Tabla ambos sexos'!D7 -> 98646.913 | E7: ='Tabla hombres'!C7 -> 0.000594709 | F7: ='Tabla mujeres'!C7 -> 0.00049583655 | G7: ='Tabla ambos sexos'!C7 -> 0.00054663931 | H7: ='Tabla hombres'!E7 -> 58.590988 | I7: ='Tabla mujeres'!E7 -> 48.983576 | J7: ='Tabla ambos sexos'!E7 -> 53.924281 | K7: ='Tabla hombres'!H7 -> 71.981064 | L7: ='Tabla mujeres'!H7 -> 78.076602 | M7: ='Tabla ambos sexos'!H7 -> 75.022349 | N7: =IF(F7>0,E7/F7,"") -> 1.1994053
A8: 3 | B8: ='Tabla hombres'!D8 -> 98461.841 | C8: ='Tabla mujeres'!D8 -> 98740.78 | D8: ='Tabla ambos sexos'!D8 -> 98592.989 | E8: ='Tabla hombres'!C8 -> 0.00039707404 | F8: ='Tabla mujeres'!C8 -> 0.00032582706 | G8: ='Tabla ambos sexos'!C8 -> 0.00036188774 | H8: ='Tabla hombres'!E8 -> 39.096641 | I8: ='Tabla mujeres'!E8 -> 32.172419 | J8: ='Tabla ambos sexos'!E8 -> 35.679594 | K8: ='Tabla hombres'!H8 -> 71.0236 | L8: ='Tabla mujeres'!H8 -> 77.115087 | M8: ='Tabla ambos sexos'!H8 -> 74.063108 | N8: =IF(F8>0,E8/F8,"") -> 1.218665
A9: 4 | B9: ='Tabla hombres'!D9 -> 98422.744 | C9: ='Tabla mujeres'!D9 -> 98708.608 | D9: ='Tabla ambos sexos'!D9 -> 98557.309 | E9: ='Tabla hombres'!C9 -> 0.0003083184 | F9: ='Tabla mujeres'!C9 -> 0.00027510217 | G9: ='Tabla ambos sexos'!C9 -> 0.00029213142 | H9: ='Tabla hombres'!E9 -> 30.345543 | I9: ='Tabla mujeres'!E9 -> 27.154952 | J9: ='Tabla ambos sexos'!E9 -> 28.791687 | K9: ='Tabla hombres'!H9 -> 70.051614 | L9: ='Tabla mujeres'!H9 -> 76.140058 | M9: ='Tabla ambos sexos'!H9 -> 73.089739 | N9: =IF(F9>0,E9/F9,"") -> 1.1207414
A10: 5 | B10: ='Tabla hombres'!D10 -> 98392.399 | C10: ='Tabla mujeres'!D10 -> 98681.453 | D10: ='Tabla ambos sexos'!D10 -> 98528.517 | E10: ='Tabla hombres'!C10 -> 0.00026142487 | F10: ='Tabla mujeres'!C10 -> 0.00024546339 | G10: ='Tabla ambos sexos'!C10 -> 0.00025376692 | H10: ='Tabla hombres'!E10 -> 25.72222 | I10: ='Tabla mujeres'!E10 -> 24.222684 | J10: ='Tabla ambos sexos'!E10 -> 25.003278 | K10: ='Tabla hombres'!H10 -> 69.073065 | L10: ='Tabla mujeres'!H10 -> 75.160873 | M10: ='Tabla ambos sexos'!H10 -> 72.110951 | N10: =IF(F10>0,E10/F10,"") -> 1.0650259
A11: 6 | B11: ='Tabla hombres'!D11 -> 98366.677 | C11: ='Tabla mujeres'!D11 -> 98657.23 | D11: ='Tabla ambos sexos'!D11 -> 98503.514 | E11: ='Tabla hombres'!C11 -> 0.00024869465 | F11: ='Tabla mujeres'!C11 -> 0.00020547454 | G11: ='Tabla ambos sexos'!C11 -> 0.00022742464 | H11: ='Tabla hombres'!E11 -> 24.463267 | I11: ='Tabla mujeres'!E11 -> 20.271549 | J11: ='Tabla ambos sexos'!E11 -> 22.402126 | K11: ='Tabla hombres'!H11 -> 68.090996 | L11: ='Tabla mujeres'!H11 -> 74.179204 | M11: ='Tabla ambos sexos'!H11 -> 71.129128 | N11: =IF(F11>0,E11/F11,"") -> 1.2103429
A12: 7 | B12: ='Tabla hombres'!D12 -> 98342.213 | C12: ='Tabla mujeres'!D12 -> 98636.959 | D12: ='Tabla ambos sexos'!D12 -> 98481.112 | E12: ='Tabla hombres'!C12 -> 0.0002317621 | F12: ='Tabla mujeres'!C12 -> 0.00022681959 | G12: ='Tabla ambos sexos'!C12 -> 0.00022952075 | H12: ='Tabla hombres'!E12 -> 22.791998 | I12: ='Tabla mujeres'!E12 -> 22.372795 | J12: ='Tabla ambos sexos'!E12 -> 22.603459 | K12: ='Tabla hombres'!H12 -> 67.10781 | L12: ='Tabla mujeres'!H12 -> 73.194346 | M12: ='Tabla ambos sexos'!H12 -> 70.145195 | N12: =IF(F12>0,E12/F12,"") -> 1.0217905
A13: 8 | B13: ='Tabla hombres'!D13 -> 98319.421 | C13: ='Tabla mujeres'!D13 -> 98614.586 | D13: ='Tabla ambos sexos'!D13 -> 98458.508 | E13: ='Tabla hombres'!C13 -> 0.0002297462 | F13: ='Tabla mujeres'!C13 -> 0.00017111391 | G13: ='Tabla ambos sexos'!C13 -> 0.00020111728 | H13: ='Tabla hombres'!E13 -> 22.588513 | I13: ='Tabla mujeres'!E13 -> 16.874327 | J13: ='Tabla ambos sexos'!E13 -> 19.801707 | K13: ='Tabla hombres'!H13 -> 66.123251 | L13: ='Tabla mujeres'!H13 -> 72.210838 | M13: ='Tabla ambos sexos'!H13 -> 69.161184 | N13: =IF(F13>0,E13/F13,"") -> 1.3426506
A14: 9 | B14: ='Tabla hombres'!D14 -> 98296.833 | C14: ='Tabla mujeres'!D14 -> 98597.712 | D14: ='Tabla ambos sexos'!D14 -> 98438.707 | E14: ='Tabla hombres'!C14 -> 0.00027152217 | F14: ='Tabla mujeres'!C14 -> 0.00021686126 | G14: ='Tabla ambos sexos'!C14 -> 0.00024450211 | H14: ='Tabla hombres'!E14 -> 26.68977 | I14: ='Tabla mujeres'!E14 -> 21.382024 | J14: ='Tabla ambos sexos'!E14 -> 24.068471 | K14: ='Tabla hombres'!H14 -> 65.138331 | L14: ='Tabla mujeres'!H14 -> 71.223111 | M14: ='Tabla ambos sexos'!H14 -> 68.174995 | N14: =IF(F14>0,E14/F14,"") -> 1.2520547
A15: 10 | B15: ='Tabla hombres'!D15 -> 98270.143 | C15: ='Tabla mujeres'!D15 -> 98576.33 | D15: ='Tabla ambos sexos'!D15 -> 98414.638 | E15: ='Tabla hombres'!C15 -> 0.00026560773 | F15: ='Tabla mujeres'!C15 -> 0.00020223578 | G15: ='Tabla ambos sexos'!C15 -> 0.0002345525 | H15: ='Tabla hombres'!E15 -> 26.101309 | I15: ='Tabla mujeres'!E15 -> 19.93566 | J15: ='Tabla ambos sexos'!E15 -> 23.083399 | K15: ='Tabla hombres'!H15 -> 64.155886 | L15: ='Tabla mujeres'!H15 -> 70.238451 | M15: ='Tabla ambos sexos'!H15 -> 67.191546 | N15: =IF(F15>0,E15/F15,"") -> 1.3133568
A16: 11 | B16: ='Tabla hombres'!D16 -> 98244.042 | C16: ='Tabla mujeres'!D16 -> 98556.394 | D16: ='Tabla ambos sexos'!D16 -> 98391.555 | E16: ='Tabla hombres'!C16 -> 0.00029427239 | F16: ='Tabla mujeres'!C16 -> 0.00022296528 | G16: ='Tabla ambos sexos'!C16 -> 0.00025925762 | H16: ='Tabla hombres'!E16 -> 28.910509 | I16: ='Tabla mujeres'!E16 -> 21.974654 | J16: ='Tabla ambos sexos'!E16 -> 25.508761 | K16: ='Tabla hombres'!H16 -> 63.172798 | L16: ='Tabla mujeres'!H16 -> 69.252558 | M16: ='Tabla ambos sexos'!H16 -> 66.207192 | N16: =IF(F16>0,E16/F16,"") -> 1.3198126
... A105: 100 | B105: ='Tabla hombres'!D105 -> 2704.0016 | C105: ='Tabla mujeres'!D105 -> 4432.8339 | D105: ='Tabla ambos sexos'!D105 -> 3535.6164 | E105: ='Tabla hombres'!C105 -> 1 | F105: ='Tabla mujeres'!C105 -> 1 | G105: ='Tabla ambos sexos'!C105 -> 1 | H105: ='Tabla hombres'!E105 -> 2704.0016 | I105: ='Tabla mujeres'!E105 -> 4432.8339 | J105: ='Tabla ambos sexos'!E105 -> 3535.6164 | K105: ='Tabla hombres'!H105 -> 0.5 | L105: ='Tabla mujeres'!H105 -> 0.5 | M105: ='Tabla ambos sexos'!H105 -> 0.5 | N105: =IF(F105>0,E105/F105,"") -> 1
